=== inicio Sun Aug 30 09:15:22 EDT 2026 ===
muestra: 2,000 apelaciones en 4 periodos
HTTP Request: GET https://jurisprudencia.cc.gob.gt/robots.txt "HTTP/1.1 200 OK"
HTTP Request: GET https://jurisprudencia.cc.gob.gt/Sentencias/801112.604-2005.pdf "HTTP/1.1 200 OK"
{"url": "https://jurisprudencia.cc.gob.gt/Sentencias/801112.604-2005.pdf", "status": 200, "bytes": 190937, "outcome": "ok", "attempts": 1, "event": "http", "level": "info", "timestamp": "2026-08-30T13:15:25.856313Z"}
HTTP Request: GET https://jurisprudencia.cc.gob.gt/Sentencias/830136.4213-2015.pdf "HTTP/1.1 200 OK"
{"url": "https://jurisprudencia.cc.gob.gt/Sentencias/830136.4213-2015.pdf", "status": 200, "bytes": 188452, "outcome": "ok", "attempts": 1, "event": "http", "level": "info", "timestamp": "2026-08-30T13:15:27.948995Z"}
HTTP Request: GET https://jurisprudencia.cc.gob.gt/Sentencias/855747.2740-2023.pdf "HTTP/1.1 200 OK"
{"url": "https://jurisprudencia.cc.gob.gt/Sentencias/855747.2740-2023.pdf", "status": 200, "bytes": 3889281, "outcome": "ok", "attempts": 1, "event": "http", "level": "info", "timestamp": "2026-08-30T13:15:30.194494Z"}
HTTP Request: GET https://jurisprudencia.cc.gob.gt/Sentencias/805727.2163-2004.pdf "HTTP/1.1 200 OK"
{"url": "https://jurisprudencia.cc.gob.gt/Sentencias/805727.2163-2004.pdf", "status": 200, "bytes": 96075, "outcome": "ok", "attempts": 1, "event": "http", "level": "info", "timestamp": "2026-08-30T13:15:31.765480Z"}
HTTP Request: GET https://jurisprudencia.cc.gob.gt/Sentencias/834740.5699-2015.pdf "HTTP/1.1 200 OK"
{"url": "https://jurisprudencia.cc.gob.gt/Sentencias/834740.5699-2015.pdf", "status": 200, "bytes": 457345, "outcome": "ok", "attempts": 1, "event": "http", "level": "info", "timestamp": "2026-08-30T13:15:33.895134Z"}
HTTP Request: GET https://jurisprudencia.cc.gob.gt/Sentencias/838127.2764-2017.pdf "HTTP/1.1 200 OK"
{"url": "https://jurisprudencia.cc.gob.gt/Sentencias/838127.2764-2017.pdf", "status": 200, "bytes": 266620, "outcome": "ok", "attempts": 1, "event": "http", "level": "info", "timestamp": "2026-08-30T13:15:35.812927Z"}
HTTP Request: GET https://jurisprudencia.cc.gob.gt/Sentencias/832492.3745-2016.pdf "HTTP/1.1 200 OK"
{"url": "https://jurisprudencia.cc.gob.gt/Sentencias/832492.3745-2016.pdf", "status": 200, "bytes": 623354, "outcome": "ok", "attempts": 1, "event": "http", "level": "info", "timestamp": "2026-08-30T13:15:38.077685Z"}
HTTP Request: GET https://jurisprudencia.cc.gob.gt/Sentencias/845015.526-2020.pdf "HTTP/1.1 200 OK"
{"url": "https://jurisprudencia.cc.gob.gt/Sentencias/845015.526-2020.pdf", "status": 200, "bytes": 317987, "outcome": "ok", "attempts": 1, "event": "http", "level": "info", "timestamp": "2026-08-30T13:15:39.912358Z"}
HTTP Request: GET https://jurisprudencia.cc.gob.gt/Sentencias/834143.5545-2016.pdf "HTTP/1.1 200 OK"
{"url": "https://jurisprudencia.cc.gob.gt/Sentencias/834143.5545-2016.pdf", "status": 200, "bytes": 526782, "outcome": "ok", "attempts": 1, "event": "http", "level": "info", "timestamp": "2026-08-30T13:15:41.923535Z"}
HTTP Request: GET https://jurisprudencia.cc.gob.gt/Sentencias/836031.1070-2017.pdf "HTTP/1.1 200 OK"
{"url": "https://jurisprudencia.cc.gob.gt/Sentencias/836031.1070-2017.pdf", "status": 200, "bytes": 303309, "outcome": "ok", "attempts": 1, "event": "http", "level": "info", "timestamp": "2026-08-30T13:15:43.952266Z"}
HTTP Request: GET https://jurisprudencia.cc.gob.gt/Sentencias/831101.4947-2015.pdf "HTTP/1.1 200 OK"
{"url": "https://jurisprudencia.cc.gob.gt/Sentencias/831101.4947-2015.pdf", "status": 200, "bytes": 135188, "outcome": "ok", "attempts": 1, "event": "http", "level": "info", "timestamp": "2026-08-30T13:15:46.116342Z"}
HTTP Request: GET https://jurisprudencia.cc.gob.gt/Sentencias/828465.5221-2013.pdf "HTTP/1.1 200 OK"
{"url": "https://jurisprudencia.cc.gob.gt/Sentencias/828465.5221-2013.pdf", "status": 200, "bytes": 133921, "outcome": "ok", "attempts": 1, "event": "http", "level": "info", "timestamp": "2026-08-30T13:15:48.131451Z"}
HTTP Request: GET https://jurisprudencia.cc.gob.gt/Sentencias/840388.2842-2018.pdf "HTTP/1.1 200 OK"
{"url": "https://jurisprudencia.cc.gob.gt/Sentencias/840388.2842-2018.pdf", "status": 200, "bytes": 529583, "outcome": "ok", "attempts": 1, "event": "http", "level": "info", "timestamp": "2026-08-30T13:15:50.025148Z"}
HTTP Request: GET https://jurisprudencia.cc.gob.gt/Sentencias/828651.2264-2015.pdf "HTTP/1.1 200 OK"
{"url": "https://jurisprudencia.cc.gob.gt/Sentencias/828651.2264-2015.pdf", "status": 200, "bytes": 142704, "outcome": "ok", "attempts": 1, "event": "http", "level": "info", "timestamp": "2026-08-30T13:15:52.247805Z"}
HTTP Request: GET https://jurisprudencia.cc.gob.gt/Sentencias/798592.403-2003.pdf "HTTP/1.1 200 OK"
{"url": "https://jurisprudencia.cc.gob.gt/Sentencias/798592.403-2003.pdf", "status": 200, "bytes": 112490, "outcome": "ok", "attempts": 1, "event": "http", "level": "info", "timestamp": "2026-08-30T13:15:54.249087Z"}
HTTP Request: GET https://jurisprudencia.cc.gob.gt/Sentencias/835692.5589-2016.pdf "HTTP/1.1 200 OK"
{"url": "https://jurisprudencia.cc.gob.gt/Sentencias/835692.5589-2016.pdf", "status": 200, "bytes": 293861, "outcome": "ok", "attempts": 1, "event": "http", "level": "info", "timestamp": "2026-08-30T13:15:56.087541Z"}
HTTP Request: GET https://jurisprudencia.cc.gob.gt/Sentencias/844283.6781-2019.pdf "HTTP/1.1 200 OK"
{"url": "https://jurisprudencia.cc.gob.gt/Sentencias/844283.6781-2019.pdf", "status": 200, "bytes": 227360, "outcome": "ok", "attempts": 1, "event": "http", "level": "info", "timestamp": "2026-08-30T13:15:58.384171Z"}
HTTP Request: GET https://jurisprudencia.cc.gob.gt/Sentencias/846166.4615-2019.pdf "HTTP/1.1 200 OK"
{"url": "https://jurisprudencia.cc.gob.gt/Sentencias/846166.4615-2019.pdf", "status": 200, "bytes": 332477, "outcome": "ok", "attempts": 1, "event": "http", "level": "info", "timestamp": "2026-08-30T13:16:00.759666Z"}
HTTP Request: GET https://jurisprudencia.cc.gob.gt/Sentencias/815936.3246-%202010.pdf "HTTP/1.1 200 OK"
{"url": "https://jurisprudencia.cc.gob.gt/Sentencias/815936.3246-%202010.pdf", "status": 200, "bytes": 177595, "outcome": "ok", "attempts": 1, "event": "http", "level": "info", "timestamp": "2026-08-30T13:16:03.010561Z"}
HTTP Request: GET https://jurisprudencia.cc.gob.gt/Sentencias/802681.345-2007.pdf "HTTP/1.1 200 OK"
{"url": "https://jurisprudencia.cc.gob.gt/Sentencias/802681.345-2007.pdf", "status": 200, "bytes": 133195, "outcome": "ok", "attempts": 1, "event": "http", "level": "info", "timestamp": "2026-08-30T13:16:05.220851Z"}
HTTP Request: GET https://jurisprudencia.cc.gob.gt/Sentencias/855701.4800-2023.pdf "HTTP/1.1 200 OK"
{"url": "https://jurisprudencia.cc.gob.gt/Sentencias/855701.4800-2023.pdf", "status": 200, "bytes": 3786708, "outcome": "ok", "attempts": 1, "event": "http", "level": "info", "timestamp": "2026-08-30T13:16:07.332768Z"}
HTTP Request: GET https://jurisprudencia.cc.gob.gt/Sentencias/852072.6233-2021.pdf "HTTP/1.1 200 OK"
{"url": "https://jurisprudencia.cc.gob.gt/Sentencias/852072.6233-2021.pdf", "status": 200, "bytes": 818569, "outcome": "ok", "attempts": 1, "event": "http", "level": "info", "timestamp": "2026-08-30T13:16:09.318036Z"}
HTTP Request: GET https://jurisprudencia.cc.gob.gt/Sentencias/848886.4279-2021.pdf "HTTP/1.1 200 OK"
{"url": "https://jurisprudencia.cc.gob.gt/Sentencias/848886.4279-2021.pdf", "status": 200, "bytes": 273354, "outcome": "ok", "attempts": 1, "event": "http", "level": "info", "timestamp": "2026-08-30T13:16:11.519396Z"}
HTTP Request: GET https://jurisprudencia.cc.gob.gt/Sentencias/844546.7101-2019.pdf "HTTP/1.1 200 OK"
{"url": "https://jurisprudencia.cc.gob.gt/Sentencias/844546.7101-2019.pdf", "status": 200, "bytes": 283032, "outcome": "ok", "attempts": 1, "event": "http", "level": "info", "timestamp": "2026-08-30T13:16:13.653986Z"}
HTTP Request: GET https://jurisprudencia.cc.gob.gt/Sentencias/842463.3155-2018.pdf "HTTP/1.1 200 OK"
{"url": "https://jurisprudencia.cc.gob.gt/Sentencias/842463.3155-2018.pdf", "status": 200, "bytes": 511901, "outcome": "ok", "attempts": 1, "event": "http", "level": "info", "timestamp": "2026-08-30T13:16:15.651646Z"}
HTTP Request: GET https://jurisprudencia.cc.gob.gt/Sentencias/851370.4518-2022.pdf "HTTP/1.1 200 OK"
{"url": "https://jurisprudencia.cc.gob.gt/Sentencias/851370.4518-2022.pdf", "status": 200, "bytes": 618973, "outcome": "ok", "attempts": 1, "event": "http", "level": "info", "timestamp": "2026-08-30T13:16:17.304951Z"}
HTTP Request: GET https://jurisprudencia.cc.gob.gt/Sentencias/813392.1254-2007.pdf "HTTP/1.1 200 OK"
{"url": "https://jurisprudencia.cc.gob.gt/Sentencias/813392.1254-2007.pdf", "status": 200, "bytes": 185570, "outcome": "ok", "attempts": 1, "event": "http", "level": "info", "timestamp": "2026-08-30T13:16:19.394118Z"}
HTTP Request: GET https://jurisprudencia.cc.gob.gt/Sentencias/847674.4554-2020.pdf "HTTP/1.1 200 OK"
{"url": "https://jurisprudencia.cc.gob.gt/Sentencias/847674.4554-2020.pdf", "status": 200, "bytes": 287945, "outcome": "ok", "attempts": 1, "event": "http", "level": "info", "timestamp": "2026-08-30T13:16:21.491390Z"}
{"url": "https://jurisprudencia.cc.gob.gt/Sentencias/807785.684-2006.pdf", "from_cache": true, "outcome": "ok", "event": "http", "level": "info", "timestamp": "2026-08-30T13:16:21.560318Z"}
HTTP Request: GET https://jurisprudencia.cc.gob.gt/Sentencias/806790.345-2006.pdf "HTTP/1.1 200 OK"
{"url": "https://jurisprudencia.cc.gob.gt/Sentencias/806790.345-2006.pdf", "status": 200, "bytes": 136368, "outcome": "ok", "attempts": 1, "event": "http", "level": "info", "timestamp": "2026-08-30T13:16:23.665809Z"}
HTTP Request: GET https://jurisprudencia.cc.gob.gt/Sentencias/829332.2267-2014.pdf "HTTP/1.1 200 OK"
{"url": "https://jurisprudencia.cc.gob.gt/Sentencias/829332.2267-2014.pdf", "status": 200, "bytes": 229817, "outcome": "ok", "attempts": 1, "event": "http", "level": "info", "timestamp": "2026-08-30T13:16:26.010774Z"}
HTTP Request: GET https://jurisprudencia.cc.gob.gt/Sentencias/807306.1392-2005.pdf "HTTP/1.1 200 OK"
{"url": "https://jurisprudencia.cc.gob.gt/Sentencias/807306.1392-2005.pdf", "status": 200, "bytes": 93965, "outcome": "ok", "attempts": 1, "event": "http", "level": "info", "timestamp": "2026-08-30T13:16:27.908141Z"}
HTTP Request: GET https://jurisprudencia.cc.gob.gt/Sentencias/842210.1679-2019.pdf "HTTP/1.1 200 OK"
{"url": "https://jurisprudencia.cc.gob.gt/Sentencias/842210.1679-2019.pdf", "status": 200, "bytes": 381500, "outcome": "ok", "attempts": 1, "event": "http", "level": "info", "timestamp": "2026-08-30T13:16:30.338410Z"}
HTTP Request: GET https://jurisprudencia.cc.gob.gt/Sentencias/844780.6776-2019.pdf "HTTP/1.1 200 OK"
{"url": "https://jurisprudencia.cc.gob.gt/Sentencias/844780.6776-2019.pdf", "status": 200, "bytes": 394204, "outcome": "ok", "attempts": 1, "event": "http", "level": "info", "timestamp": "2026-08-30T13:16:32.149746Z"}
HTTP Request: GET https://jurisprudencia.cc.gob.gt/Sentencias/808598.3341-2009.pdf "HTTP/1.1 200 OK"
{"url": "https://jurisprudencia.cc.gob.gt/Sentencias/808598.3341-2009.pdf", "status": 200, "bytes": 179635, "outcome": "ok", "attempts": 1, "event": "http", "level": "info", "timestamp": "2026-08-30T13:16:34.410241Z"}
HTTP Request: GET https://jurisprudencia.cc.gob.gt/Sentencias/844648.318-2020%20y%20339-2020.pdf "HTTP/1.1 200 OK"
{"url": "https://jurisprudencia.cc.gob.gt/Sentencias/844648.318-2020%20y%20339-2020.pdf", "status": 200, "bytes": 515818, "outcome": "ok", "attempts": 1, "event": "http", "level": "info", "timestamp": "2026-08-30T13:16:36.401672Z"}
HTTP Request: GET https://jurisprudencia.cc.gob.gt/Sentencias/849723.226-2022.pdf "HTTP/1.1 200 OK"
{"url": "https://jurisprudencia.cc.gob.gt/Sentencias/849723.226-2022.pdf", "status": 200, "bytes": 319114, "outcome": "ok", "attempts": 1, "event": "http", "level": "info", "timestamp": "2026-08-30T13:16:37.967884Z"}
HTTP Request: GET https://jurisprudencia.cc.gob.gt/Sentencias/833890.5015-2016.pdf "HTTP/1.1 200 OK"
{"url": "https://jurisprudencia.cc.gob.gt/Sentencias/833890.5015-2016.pdf", "status": 200, "bytes": 408820, "outcome": "ok", "attempts": 1, "event": "http", "level": "info", "timestamp": "2026-08-30T13:16:40.249236Z"}
HTTP Request: GET https://jurisprudencia.cc.gob.gt/Sentencias/821508.3232-2012.pdf "HTTP/1.1 200 OK"
{"url": "https://jurisprudencia.cc.gob.gt/Sentencias/821508.3232-2012.pdf", "status": 200, "bytes": 177412, "outcome": "ok", "attempts": 1, "event": "http", "level": "info", "timestamp": "2026-08-30T13:16:42.215142Z"}
HTTP Request: GET https://jurisprudencia.cc.gob.gt/Sentencias/845139.6531-2019.pdf "HTTP/1.1 200 OK"
{"url": "https://jurisprudencia.cc.gob.gt/Sentencias/845139.6531-2019.pdf", "status": 200, "bytes": 305657, "outcome": "ok", "attempts": 1, "event": "http", "level": "info", "timestamp": "2026-08-30T13:16:44.395375Z"}
HTTP Request: GET https://jurisprudencia.cc.gob.gt/Sentencias/807309.1813-2005.pdf "HTTP/1.1 200 OK"
{"url": "https://jurisprudencia.cc.gob.gt/Sentencias/807309.1813-2005.pdf", "status": 200, "bytes": 173305, "outcome": "ok", "attempts": 1, "event": "http", "level": "info", "timestamp": "2026-08-30T13:16:46.529615Z"}
HTTP Request: GET https://jurisprudencia.cc.gob.gt/Sentencias/812918.3796-2007.pdf "HTTP/1.1 200 OK"
{"url": "https://jurisprudencia.cc.gob.gt/Sentencias/812918.3796-2007.pdf", "status": 200, "bytes": 138958, "outcome": "ok", "attempts": 1, "event": "http", "level": "info", "timestamp": "2026-08-30T13:16:48.156931Z"}
HTTP Request: GET https://jurisprudencia.cc.gob.gt/Sentencias/798189.195-2003.pdf "HTTP/1.1 200 OK"
{"url": "https://jurisprudencia.cc.gob.gt/Sentencias/798189.195-2003.pdf", "status": 200, "bytes": 143023, "outcome": "ok", "attempts": 1, "event": "http", "level": "info", "timestamp": "2026-08-30T13:16:50.210768Z"}
HTTP Request: GET https://jurisprudencia.cc.gob.gt/Sentencias/808959.528-2009.pdf "HTTP/1.1 200 OK"
{"url": "https://jurisprudencia.cc.gob.gt/Sentencias/808959.528-2009.pdf", "status": 200, "bytes": 166547, "outcome": "ok", "attempts": 1, "event": "http", "level": "info", "timestamp": "2026-08-30T13:16:52.499808Z"}
HTTP Request: GET https://jurisprudencia.cc.gob.gt/Sentencias/822020.2191-2012.pdf "HTTP/1.1 200 OK"
{"url": "https://jurisprudencia.cc.gob.gt/Sentencias/822020.2191-2012.pdf", "status": 200, "bytes": 141712, "outcome": "ok", "attempts": 1, "event": "http", "level": "info", "timestamp": "2026-08-30T13:16:54.315753Z"}
HTTP Request: GET https://jurisprudencia.cc.gob.gt/Sentencias/834462.3622-2016.pdf "HTTP/1.1 200 OK"
{"url": "https://jurisprudencia.cc.gob.gt/Sentencias/834462.3622-2016.pdf", "status": 200, "bytes": 283933, "outcome": "ok", "attempts": 1, "event": "http", "level": "info", "timestamp": "2026-08-30T13:16:56.044809Z"}
HTTP Request: GET https://jurisprudencia.cc.gob.gt/Sentencias/855746.6338-2023.pdf "HTTP/1.1 200 OK"
{"url": "https://jurisprudencia.cc.gob.gt/Sentencias/855746.6338-2023.pdf", "status": 200, "bytes": 3962746, "outcome": "ok", "attempts": 1, "event": "http", "level": "info", "timestamp": "2026-08-30T13:16:58.680562Z"}
HTTP Request: GET https://jurisprudencia.cc.gob.gt/Sentencias/808731.2974-2009.pdf "HTTP/1.1 200 OK"
{"url": "https://jurisprudencia.cc.gob.gt/Sentencias/808731.2974-2009.pdf", "status": 200, "bytes": 176233, "outcome": "ok", "attempts": 1, "event": "http", "level": "info", "timestamp": "2026-08-30T13:17:00.229472Z"}
HTTP Request: GET https://jurisprudencia.cc.gob.gt/Sentencias/841152.774-2018.pdf "HTTP/1.1 200 OK"
{"url": "https://jurisprudencia.cc.gob.gt/Sentencias/841152.774-2018.pdf", "status": 200, "bytes": 481394, "outcome": "ok", "attempts": 1, "event": "http", "level": "info", "timestamp": "2026-08-30T13:17:02.411166Z"}
HTTP Request: GET https://jurisprudencia.cc.gob.gt/Sentencias/840273.827-2017.pdf "HTTP/1.1 200 OK"
{"url": "https://jurisprudencia.cc.gob.gt/Sentencias/840273.827-2017.pdf", "status": 200, "bytes": 420719, "outcome": "ok", "attempts": 1, "event": "http", "level": "info", "timestamp": "2026-08-30T13:17:04.241069Z"}
HTTP Request: GET https://jurisprudencia.cc.gob.gt/Sentencias/821091.2995-2012.pdf "HTTP/1.1 200 OK"
{"url": "https://jurisprudencia.cc.gob.gt/Sentencias/821091.2995-2012.pdf", "status": 200, "bytes": 177229, "outcome": "ok", "attempts": 1, "event": "http", "level": "info", "timestamp": "2026-08-30T13:17:06.360573Z"}
HTTP Request: GET https://jurisprudencia.cc.gob.gt/Sentencias/836360.3411%20Y%203427-2013.pdf "HTTP/1.1 200 OK"
{"url": "https://jurisprudencia.cc.gob.gt/Sentencias/836360.3411%20Y%203427-2013.pdf", "status": 200, "bytes": 295043, "outcome": "ok", "attempts": 1, "event": "http", "level": "info", "timestamp": "2026-08-30T13:17:08.768173Z"}
HTTP Request: GET https://jurisprudencia.cc.gob.gt/Sentencias/847070.3383-2020.pdf "HTTP/1.1 200 OK"
{"url": "https://jurisprudencia.cc.gob.gt/Sentencias/847070.3383-2020.pdf", "status": 200, "bytes": 396775, "outcome": "ok", "attempts": 1, "event": "http", "level": "info", "timestamp": "2026-08-30T13:17:10.663562Z"}
HTTP Request: GET https://jurisprudencia.cc.gob.gt/Sentencias/845545.5382-2018.pdf "HTTP/1.1 200 OK"
{"url": "https://jurisprudencia.cc.gob.gt/Sentencias/845545.5382-2018.pdf", "status": 200, "bytes": 298635, "outcome": "ok", "attempts": 1, "event": "http", "level": "info", "timestamp": "2026-08-30T13:17:12.347558Z"}
HTTP Request: GET https://jurisprudencia.cc.gob.gt/Sentencias/811338.2386-2008.pdf "HTTP/1.1 200 OK"
{"url": "https://jurisprudencia.cc.gob.gt/Sentencias/811338.2386-2008.pdf", "status": 200, "bytes": 136231, "outcome": "ok", "attempts": 1, "event": "http", "level": "info", "timestamp": "2026-08-30T13:17:14.093429Z"}
HTTP Request: GET https://jurisprudencia.cc.gob.gt/Sentencias/833972.4688-2016.pdf "HTTP/1.1 200 OK"
{"url": "https://jurisprudencia.cc.gob.gt/Sentencias/833972.4688-2016.pdf", "status": 200, "bytes": 570316, "outcome": "ok", "attempts": 1, "event": "http", "level": "info", "timestamp": "2026-08-30T13:17:16.265087Z"}
HTTP Request: GET https://jurisprudencia.cc.gob.gt/Sentencias/813755.2257-2007.pdf "HTTP/1.1 200 OK"
{"url": "https://jurisprudencia.cc.gob.gt/Sentencias/813755.2257-2007.pdf", "status": 200, "bytes": 152388, "outcome": "ok", "attempts": 1, "event": "http", "level": "info", "timestamp": "2026-08-30T13:17:18.592689Z"}
HTTP Request: GET https://jurisprudencia.cc.gob.gt/Sentencias/841659.6027-2018.pdf "HTTP/1.1 200 OK"
{"url": "https://jurisprudencia.cc.gob.gt/Sentencias/841659.6027-2018.pdf", "status": 200, "bytes": 478511, "outcome": "ok", "attempts": 1, "event": "http", "level": "info", "timestamp": "2026-08-30T13:17:20.409624Z"}
HTTP Request: GET https://jurisprudencia.cc.gob.gt/Sentencias/845510.6787-2019.pdf "HTTP/1.1 200 OK"
{"url": "https://jurisprudencia.cc.gob.gt/Sentencias/845510.6787-2019.pdf", "status": 200, "bytes": 356709, "outcome": "ok", "attempts": 1, "event": "http", "level": "info", "timestamp": "2026-08-30T13:17:22.398792Z"}
HTTP Request: GET https://jurisprudencia.cc.gob.gt/Sentencias/841944.590-2019.pdf "HTTP/1.1 200 OK"
{"url": "https://jurisprudencia.cc.gob.gt/Sentencias/841944.590-2019.pdf", "status": 200, "bytes": 420089, "outcome": "ok", "attempts": 1, "event": "http", "level": "info", "timestamp": "2026-08-30T13:17:24.686684Z"}
HTTP Request: GET https://jurisprudencia.cc.gob.gt/Sentencias/849288.2031-2021.pdf "HTTP/1.1 200 OK"
{"url": "https://jurisprudencia.cc.gob.gt/Sentencias/849288.2031-2021.pdf", "status": 200, "bytes": 357317, "outcome": "ok", "attempts": 1, "event": "http", "level": "info", "timestamp": "2026-08-30T13:17:27.395668Z"}
HTTP Request: GET https://jurisprudencia.cc.gob.gt/Sentencias/859471.6848-2023.pdf "HTTP/1.1 200 OK"
{"url": "https://jurisprudencia.cc.gob.gt/Sentencias/859471.6848-2023.pdf", "status": 200, "bytes": 3800418, "outcome": "ok", "attempts": 1, "event": "http", "level": "info", "timestamp": "2026-08-30T13:17:29.209786Z"}
HTTP Request: GET https://jurisprudencia.cc.gob.gt/Sentencias/845316.7160-2019.pdf "HTTP/1.1 200 OK"
{"url": "https://jurisprudencia.cc.gob.gt/Sentencias/845316.7160-2019.pdf", "status": 200, "bytes": 258600, "outcome": "ok", "attempts": 1, "event": "http", "level": "info", "timestamp": "2026-08-30T13:17:30.736055Z"}
HTTP Request: GET https://jurisprudencia.cc.gob.gt/Sentencias/810389.1303-2008.pdf "HTTP/1.1 200 OK"
{"url": "https://jurisprudencia.cc.gob.gt/Sentencias/810389.1303-2008.pdf", "status": 200, "bytes": 139406, "outcome": "ok", "attempts": 1, "event": "http", "level": "info", "timestamp": "2026-08-30T13:17:33.017316Z"}
HTTP Request: GET https://jurisprudencia.cc.gob.gt/Sentencias/850321.4665-2021.pdf "HTTP/1.1 200 OK"
{"url": "https://jurisprudencia.cc.gob.gt/Sentencias/850321.4665-2021.pdf", "status": 200, "bytes": 1288620, "outcome": "ok", "attempts": 1, "event": "http", "level": "info", "timestamp": "2026-08-30T13:17:35.021333Z"}
HTTP Request: GET https://jurisprudencia.cc.gob.gt/Sentencias/851533.5505-2021.pdf "HTTP/1.1 200 OK"
{"url": "https://jurisprudencia.cc.gob.gt/Sentencias/851533.5505-2021.pdf", "status": 200, "bytes": 794684, "outcome": "ok", "attempts": 1, "event": "http", "level": "info", "timestamp": "2026-08-30T13:17:37.064750Z"}
HTTP Request: GET https://jurisprudencia.cc.gob.gt/Sentencias/821427.2631-2012.pdf "HTTP/1.1 200 OK"
{"url": "https://jurisprudencia.cc.gob.gt/Sentencias/821427.2631-2012.pdf", "status": 200, "bytes": 140650, "outcome": "ok", "attempts": 1, "event": "http", "level": "info", "timestamp": "2026-08-30T13:17:39.048825Z"}
HTTP Request: GET https://jurisprudencia.cc.gob.gt/Sentencias/815236.2057-2010.pdf "HTTP/1.1 200 OK"
{"url": "https://jurisprudencia.cc.gob.gt/Sentencias/815236.2057-2010.pdf", "status": 200, "bytes": 93618, "outcome": "ok", "attempts": 1, "event": "http", "level": "info", "timestamp": "2026-08-30T13:17:41.115451Z"}
HTTP Request: GET https://jurisprudencia.cc.gob.gt/Sentencias/844778.6602-2019.pdf "HTTP/1.1 200 OK"
{"url": "https://jurisprudencia.cc.gob.gt/Sentencias/844778.6602-2019.pdf", "status": 200, "bytes": 319405, "outcome": "ok", "attempts": 1, "event": "http", "level": "info", "timestamp": "2026-08-30T13:17:43.054068Z"}
HTTP Request: GET https://jurisprudencia.cc.gob.gt/Sentencias/845502.785-2020.pdf "HTTP/1.1 404 Not Found"
{"url": "https://jurisprudencia.cc.gob.gt/Sentencias/845502.785-2020.pdf", "status": 404, "bytes": 1282, "outcome": "http_error", "attempts": 1, "event": "http", "level": "info", "timestamp": "2026-08-30T13:17:45.000860Z"}
HTTP Request: GET https://jurisprudencia.cc.gob.gt/Sentencias/845634.2729-2019.pdf "HTTP/1.1 200 OK"
{"url": "https://jurisprudencia.cc.gob.gt/Sentencias/845634.2729-2019.pdf", "status": 200, "bytes": 362325, "outcome": "ok", "attempts": 1, "event": "http", "level": "info", "timestamp": "2026-08-30T13:17:47.075957Z"}
HTTP Request: GET https://jurisprudencia.cc.gob.gt/Sentencias/843224.3702-2019.pdf "HTTP/1.1 200 OK"
{"url": "https://jurisprudencia.cc.gob.gt/Sentencias/843224.3702-2019.pdf", "status": 200, "bytes": 473627, "outcome": "ok", "attempts": 1, "event": "http", "level": "info", "timestamp": "2026-08-30T13:17:48.773498Z"}
HTTP Request: GET https://jurisprudencia.cc.gob.gt/Sentencias/854660.4715-2023.pdf "HTTP/1.1 200 OK"
{"url": "https://jurisprudencia.cc.gob.gt/Sentencias/854660.4715-2023.pdf", "status": 200, "bytes": 3925230, "outcome": "ok", "attempts": 1, "event": "http", "level": "info", "timestamp": "2026-08-30T13:17:50.776492Z"}
HTTP Request: GET https://jurisprudencia.cc.gob.gt/Sentencias/831334.775-2016.pdf "HTTP/1.1 200 OK"
{"url": "https://jurisprudencia.cc.gob.gt/Sentencias/831334.775-2016.pdf", "status": 200, "bytes": 160073, "outcome": "ok", "attempts": 1, "event": "http", "level": "info", "timestamp": "2026-08-30T13:17:52.597389Z"}
HTTP Request: GET https://jurisprudencia.cc.gob.gt/Sentencias/854288.3735-2023.pdf "HTTP/1.1 200 OK"
{"url": "https://jurisprudencia.cc.gob.gt/Sentencias/854288.3735-2023.pdf", "status": 200, "bytes": 3109170, "outcome": "ok", "attempts": 1, "event": "http", "level": "info", "timestamp": "2026-08-30T13:17:54.919415Z"}
{"url": "https://jurisprudencia.cc.gob.gt/Sentencias/837867.491-2017.pdf", "from_cache": true, "outcome": "ok", "event": "http", "level": "info", "timestamp": "2026-08-30T13:17:54.974096Z"}
HTTP Request: GET https://jurisprudencia.cc.gob.gt/Sentencias/853637.5455-2022.pdf "HTTP/1.1 200 OK"
{"url": "https://jurisprudencia.cc.gob.gt/Sentencias/853637.5455-2022.pdf", "status": 200, "bytes": 863651, "outcome": "ok", "attempts": 1, "event": "http", "level": "info", "timestamp": "2026-08-30T13:17:56.898086Z"}
HTTP Request: GET https://jurisprudencia.cc.gob.gt/Sentencias/834488.395-2017%20con%20voto.pdf "HTTP/1.1 200 OK"
{"url": "https://jurisprudencia.cc.gob.gt/Sentencias/834488.395-2017%20con%20voto.pdf", "status": 200, "bytes": 221351, "outcome": "ok", "attempts": 1, "event": "http", "level": "info", "timestamp": "2026-08-30T13:17:58.452724Z"}
HTTP Request: GET https://jurisprudencia.cc.gob.gt/Sentencias/808081.2365-2006.pdf "HTTP/1.1 200 OK"
{"url": "https://jurisprudencia.cc.gob.gt/Sentencias/808081.2365-2006.pdf", "status": 200, "bytes": 176841, "outcome": "ok", "attempts": 1, "event": "http", "level": "info", "timestamp": "2026-08-30T13:18:00.645885Z"}
HTTP Request: GET https://jurisprudencia.cc.gob.gt/Sentencias/853819.5897-2023.pdf "HTTP/1.1 200 OK"
{"url": "https://jurisprudencia.cc.gob.gt/Sentencias/853819.5897-2023.pdf", "status": 200, "bytes": 3941511, "outcome": "ok", "attempts": 1, "event": "http", "level": "info", "timestamp": "2026-08-30T13:18:03.093778Z"}
HTTP Request: GET https://jurisprudencia.cc.gob.gt/Sentencias/853267.1205-2023.pdf "HTTP/1.1 200 OK"
{"url": "https://jurisprudencia.cc.gob.gt/Sentencias/853267.1205-2023.pdf", "status": 200, "bytes": 776789, "outcome": "ok", "attempts": 1, "event": "http", "level": "info", "timestamp": "2026-08-30T13:18:05.245436Z"}
HTTP Request: GET https://jurisprudencia.cc.gob.gt/Sentencias/820859.1196-2012.pdf "HTTP/1.1 200 OK"
{"url": "https://jurisprudencia.cc.gob.gt/Sentencias/820859.1196-2012.pdf", "status": 200, "bytes": 194387, "outcome": "ok", "attempts": 1, "event": "http", "level": "info", "timestamp": "2026-08-30T13:18:07.346021Z"}
HTTP Request: GET https://jurisprudencia.cc.gob.gt/Sentencias/839124.6-2017.pdf "HTTP/1.1 200 OK"
{"url": "https://jurisprudencia.cc.gob.gt/Sentencias/839124.6-2017.pdf", "status": 200, "bytes": 412860, "outcome": "ok", "attempts": 1, "event": "http", "level": "info", "timestamp": "2026-08-30T13:18:09.850354Z"}
HTTP Request: GET https://jurisprudencia.cc.gob.gt/Sentencias/841503.5826-2018.pdf "HTTP/1.1 200 OK"
{"url": "https://jurisprudencia.cc.gob.gt/Sentencias/841503.5826-2018.pdf", "status": 200, "bytes": 393386, "outcome": "ok", "attempts": 1, "event": "http", "level": "info", "timestamp": "2026-08-30T13:18:12.057107Z"}
HTTP Request: GET https://jurisprudencia.cc.gob.gt/Sentencias/803178.923-2007.pdf "HTTP/1.1 200 OK"
{"url": "https://jurisprudencia.cc.gob.gt/Sentencias/803178.923-2007.pdf", "status": 200, "bytes": 241776, "outcome": "ok", "attempts": 1, "event": "http", "level": "info", "timestamp": "2026-08-30T13:18:13.981218Z"}
HTTP Request: GET https://jurisprudencia.cc.gob.gt/Sentencias/825472.2364-2013.pdf "HTTP/1.1 200 OK"
{"url": "https://jurisprudencia.cc.gob.gt/Sentencias/825472.2364-2013.pdf", "status": 200, "bytes": 175758, "outcome": "ok", "attempts": 1, "event": "http", "level": "info", "timestamp": "2026-08-30T13:18:16.045996Z"}
HTTP Request: GET https://jurisprudencia.cc.gob.gt/Sentencias/835571.82-2017.pdf "HTTP/1.1 200 OK"
{"url": "https://jurisprudencia.cc.gob.gt/Sentencias/835571.82-2017.pdf", "status": 200, "bytes": 329142, "outcome": "ok", "attempts": 1, "event": "http", "level": "info", "timestamp": "2026-08-30T13:18:18.057258Z"}
HTTP Request: GET https://jurisprudencia.cc.gob.gt/Sentencias/837721.2989-2017.pdf "HTTP/1.1 200 OK"
{"url": "https://jurisprudencia.cc.gob.gt/Sentencias/837721.2989-2017.pdf", "status": 200, "bytes": 220183, "outcome": "ok", "attempts": 1, "event": "http", "level": "info", "timestamp": "2026-08-30T13:18:20.047923Z"}
HTTP Request: GET https://jurisprudencia.cc.gob.gt/Sentencias/813136.1385-2007.pdf "HTTP/1.1 200 OK"
{"url": "https://jurisprudencia.cc.gob.gt/Sentencias/813136.1385-2007.pdf", "status": 200, "bytes": 140131, "outcome": "ok", "attempts": 1, "event": "http", "level": "info", "timestamp": "2026-08-30T13:18:22.177792Z"}
HTTP Request: GET https://jurisprudencia.cc.gob.gt/Sentencias/833973.4895-2016.pdf "HTTP/1.1 200 OK"
{"url": "https://jurisprudencia.cc.gob.gt/Sentencias/833973.4895-2016.pdf", "status": 200, "bytes": 563120, "outcome": "ok", "attempts": 1, "event": "http", "level": "info", "timestamp": "2026-08-30T13:18:24.483191Z"}
HTTP Request: GET https://jurisprudencia.cc.gob.gt/Sentencias/853168.6510-2022.pdf "HTTP/1.1 200 OK"
{"url": "https://jurisprudencia.cc.gob.gt/Sentencias/853168.6510-2022.pdf", "status": 200, "bytes": 750829, "outcome": "ok", "attempts": 1, "event": "http", "level": "info", "timestamp": "2026-08-30T13:18:26.779717Z"}
HTTP Request: GET https://jurisprudencia.cc.gob.gt/Sentencias/828044.5231-2014.pdf "HTTP/1.1 200 OK"
{"url": "https://jurisprudencia.cc.gob.gt/Sentencias/828044.5231-2014.pdf", "status": 200, "bytes": 186931, "outcome": "ok", "attempts": 1, "event": "http", "level": "info", "timestamp": "2026-08-30T13:18:28.783365Z"}
HTTP Request: GET https://jurisprudencia.cc.gob.gt/Sentencias/855287.5910-2023.pdf "HTTP/1.1 200 OK"
{"url": "https://jurisprudencia.cc.gob.gt/Sentencias/855287.5910-2023.pdf", "status": 200, "bytes": 4185436, "outcome": "ok", "attempts": 1, "event": "http", "level": "info", "timestamp": "2026-08-30T13:18:31.290150Z"}
HTTP Request: GET https://jurisprudencia.cc.gob.gt/Sentencias/820326.480-2012.pdf "HTTP/1.1 200 OK"
{"url": "https://jurisprudencia.cc.gob.gt/Sentencias/820326.480-2012.pdf", "status": 200, "bytes": 176773, "outcome": "ok", "attempts": 1, "event": "http", "level": "info", "timestamp": "2026-08-30T13:18:33.174728Z"}
HTTP Request: GET https://jurisprudencia.cc.gob.gt/Sentencias/837267.1461-2017.pdf "HTTP/1.1 200 OK"
{"url": "https://jurisprudencia.cc.gob.gt/Sentencias/837267.1461-2017.pdf", "status": 200, "bytes": 222029, "outcome": "ok", "attempts": 1, "event": "http", "level": "info", "timestamp": "2026-08-30T13:18:35.059795Z"}
HTTP Request: GET https://jurisprudencia.cc.gob.gt/Sentencias/850280.3166-2022.pdf "HTTP/1.1 200 OK"
{"url": "https://jurisprudencia.cc.gob.gt/Sentencias/850280.3166-2022.pdf", "status": 200, "bytes": 1018442, "outcome": "ok", "attempts": 1, "event": "http", "level": "info", "timestamp": "2026-08-30T13:18:37.351889Z"}
HTTP Request: GET https://jurisprudencia.cc.gob.gt/Sentencias/833838.2748-2016.pdf "HTTP/1.1 200 OK"
{"url": "https://jurisprudencia.cc.gob.gt/Sentencias/833838.2748-2016.pdf", "status": 200, "bytes": 470346, "outcome": "ok", "attempts": 1, "event": "http", "level": "info", "timestamp": "2026-08-30T13:18:39.501167Z"}
HTTP Request: GET https://jurisprudencia.cc.gob.gt/Sentencias/857553.1533-2023.pdf "HTTP/1.1 200 OK"
{"url": "https://jurisprudencia.cc.gob.gt/Sentencias/857553.1533-2023.pdf", "status": 200, "bytes": 3906779, "outcome": "ok", "attempts": 1, "event": "http", "level": "info", "timestamp": "2026-08-30T13:18:42.083867Z"}
HTTP Request: GET https://jurisprudencia.cc.gob.gt/Sentencias/806786.3110-2005.pdf "HTTP/1.1 200 OK"
{"url": "https://jurisprudencia.cc.gob.gt/Sentencias/806786.3110-2005.pdf", "status": 200, "bytes": 192195, "outcome": "ok", "attempts": 1, "event": "http", "level": "info", "timestamp": "2026-08-30T13:18:44.130920Z"}
HTTP Request: GET https://jurisprudencia.cc.gob.gt/Sentencias/845028.502-2020.pdf "HTTP/1.1 200 OK"
{"url": "https://jurisprudencia.cc.gob.gt/Sentencias/845028.502-2020.pdf", "status": 200, "bytes": 296885, "outcome": "ok", "attempts": 1, "event": "http", "level": "info", "timestamp": "2026-08-30T13:18:45.837201Z"}
HTTP Request: GET https://jurisprudencia.cc.gob.gt/Sentencias/835020.5555-2016.pdf "HTTP/1.1 200 OK"
{"url": "https://jurisprudencia.cc.gob.gt/Sentencias/835020.5555-2016.pdf", "status": 200, "bytes": 357445, "outcome": "ok", "attempts": 1, "event": "http", "level": "info", "timestamp": "2026-08-30T13:18:48.013878Z"}
{"procesados": 100, "por_regla": 93, "event": "avance", "level": "info", "timestamp": "2026-08-30T13:18:48.068442Z"}
HTTP Request: GET https://jurisprudencia.cc.gob.gt/Sentencias/830901.1964-2015.pdf "HTTP/1.1 200 OK"
{"url": "https://jurisprudencia.cc.gob.gt/Sentencias/830901.1964-2015.pdf", "status": 200, "bytes": 170537, "outcome": "ok", "attempts": 1, "event": "http", "level": "info", "timestamp": "2026-08-30T13:18:49.965342Z"}
HTTP Request: GET https://jurisprudencia.cc.gob.gt/Sentencias/808956.2449-2008%20Y%202903-2008.pdf "HTTP/1.1 200 OK"
{"url": "https://jurisprudencia.cc.gob.gt/Sentencias/808956.2449-2008%20Y%202903-2008.pdf", "status": 200, "bytes": 182923, "outcome": "ok", "attempts": 1, "event": "http", "level": "info", "timestamp": "2026-08-30T13:18:52.069824Z"}
HTTP Request: GET https://jurisprudencia.cc.gob.gt/Sentencias/798829.1124-2004.pdf "HTTP/1.1 200 OK"
{"url": "https://jurisprudencia.cc.gob.gt/Sentencias/798829.1124-2004.pdf", "status": 200, "bytes": 67922, "outcome": "ok", "attempts": 1, "event": "http", "level": "info", "timestamp": "2026-08-30T13:18:54.233477Z"}
HTTP Request: GET https://jurisprudencia.cc.gob.gt/Sentencias/845204.5620-2019.pdf "HTTP/1.1 200 OK"
{"url": "https://jurisprudencia.cc.gob.gt/Sentencias/845204.5620-2019.pdf", "status": 200, "bytes": 309990, "outcome": "ok", "attempts": 1, "event": "http", "level": "info", "timestamp": "2026-08-30T13:18:56.183572Z"}
HTTP Request: GET https://jurisprudencia.cc.gob.gt/Sentencias/823126.3713-2012.pdf "HTTP/1.1 200 OK"
{"url": "https://jurisprudencia.cc.gob.gt/Sentencias/823126.3713-2012.pdf", "status": 200, "bytes": 162884, "outcome": "ok", "attempts": 1, "event": "http", "level": "info", "timestamp": "2026-08-30T13:18:58.296344Z"}
HTTP Request: GET https://jurisprudencia.cc.gob.gt/Sentencias/807074.233-2005.pdf "HTTP/1.1 200 OK"
{"url": "https://jurisprudencia.cc.gob.gt/Sentencias/807074.233-2005.pdf", "status": 200, "bytes": 179392, "outcome": "ok", "attempts": 1, "event": "http", "level": "info", "timestamp": "2026-08-30T13:18:59.963041Z"}
HTTP Request: GET https://jurisprudencia.cc.gob.gt/Sentencias/817722.2669-2010.pdf "HTTP/1.1 200 OK"
{"url": "https://jurisprudencia.cc.gob.gt/Sentencias/817722.2669-2010.pdf", "status": 200, "bytes": 185603, "outcome": "ok", "attempts": 1, "event": "http", "level": "info", "timestamp": "2026-08-30T13:19:01.787668Z"}
HTTP Request: GET https://jurisprudencia.cc.gob.gt/Sentencias/812248.1332-2008.pdf "HTTP/1.1 200 OK"
{"url": "https://jurisprudencia.cc.gob.gt/Sentencias/812248.1332-2008.pdf", "status": 200, "bytes": 161947, "outcome": "ok", "attempts": 1, "event": "http", "level": "info", "timestamp": "2026-08-30T13:19:03.985894Z"}
HTTP Request: GET https://jurisprudencia.cc.gob.gt/Sentencias/810084.863-2009.pdf "HTTP/1.1 200 OK"
{"url": "https://jurisprudencia.cc.gob.gt/Sentencias/810084.863-2009.pdf", "status": 200, "bytes": 188817, "outcome": "ok", "attempts": 1, "event": "http", "level": "info", "timestamp": "2026-08-30T13:19:05.804455Z"}
HTTP Request: GET https://jurisprudencia.cc.gob.gt/Sentencias/818078.842-2011.pdf "HTTP/1.1 200 OK"
{"url": "https://jurisprudencia.cc.gob.gt/Sentencias/818078.842-2011.pdf", "status": 200, "bytes": 177514, "outcome": "ok", "attempts": 1, "event": "http", "level": "info", "timestamp": "2026-08-30T13:19:07.991703Z"}
HTTP Request: GET https://jurisprudencia.cc.gob.gt/Sentencias/835114.750-2017.pdf "HTTP/1.1 200 OK"
{"url": "https://jurisprudencia.cc.gob.gt/Sentencias/835114.750-2017.pdf", "status": 200, "bytes": 587974, "outcome": "ok", "attempts": 1, "event": "http", "level": "info", "timestamp": "2026-08-30T13:19:09.762690Z"}
HTTP Request: GET https://jurisprudencia.cc.gob.gt/Sentencias/826185.2434-2014.pdf "HTTP/1.1 200 OK"
{"url": "https://jurisprudencia.cc.gob.gt/Sentencias/826185.2434-2014.pdf", "status": 200, "bytes": 178642, "outcome": "ok", "attempts": 1, "event": "http", "level": "info", "timestamp": "2026-08-30T13:19:11.445570Z"}
{"url": "https://jurisprudencia.cc.gob.gt/Sentencias/849987.6221-2021.pdf", "from_cache": true, "outcome": "ok", "event": "http", "level": "info", "timestamp": "2026-08-30T13:19:11.527600Z"}
HTTP Request: GET https://jurisprudencia.cc.gob.gt/Sentencias/823814.4400-2012.pdf "HTTP/1.1 200 OK"
{"url": "https://jurisprudencia.cc.gob.gt/Sentencias/823814.4400-2012.pdf", "status": 200, "bytes": 204222, "outcome": "ok", "attempts": 1, "event": "http", "level": "info", "timestamp": "2026-08-30T13:19:13.631132Z"}
HTTP Request: GET https://jurisprudencia.cc.gob.gt/Sentencias/813365.2601-2006.pdf "HTTP/1.1 200 OK"
{"url": "https://jurisprudencia.cc.gob.gt/Sentencias/813365.2601-2006.pdf", "status": 200, "bytes": 188728, "outcome": "ok", "attempts": 1, "event": "http", "level": "info", "timestamp": "2026-08-30T13:19:15.387455Z"}
HTTP Request: GET https://jurisprudencia.cc.gob.gt/Sentencias/834933.1032-2016.pdf "HTTP/1.1 200 OK"
{"url": "https://jurisprudencia.cc.gob.gt/Sentencias/834933.1032-2016.pdf", "status": 200, "bytes": 408416, "outcome": "ok", "attempts": 1, "event": "http", "level": "info", "timestamp": "2026-08-30T13:19:17.550903Z"}
HTTP Request: GET https://jurisprudencia.cc.gob.gt/Sentencias/848660.3314-2021.pdf "HTTP/1.1 200 OK"
{"url": "https://jurisprudencia.cc.gob.gt/Sentencias/848660.3314-2021.pdf", "status": 200, "bytes": 406208, "outcome": "ok", "attempts": 1, "event": "http", "level": "info", "timestamp": "2026-08-30T13:19:19.735690Z"}
HTTP Request: GET https://jurisprudencia.cc.gob.gt/Sentencias/807045.2590-2005.pdf "HTTP/1.1 200 OK"
{"url": "https://jurisprudencia.cc.gob.gt/Sentencias/807045.2590-2005.pdf", "status": 200, "bytes": 177481, "outcome": "ok", "attempts": 1, "event": "http", "level": "info", "timestamp": "2026-08-30T13:19:21.633744Z"}
HTTP Request: GET https://jurisprudencia.cc.gob.gt/Sentencias/832059.724-2016.pdf "HTTP/1.1 200 OK"
{"url": "https://jurisprudencia.cc.gob.gt/Sentencias/832059.724-2016.pdf", "status": 200, "bytes": 153983, "outcome": "ok", "attempts": 1, "event": "http", "level": "info", "timestamp": "2026-08-30T13:19:23.784718Z"}
HTTP Request: GET https://jurisprudencia.cc.gob.gt/Sentencias/799146.1219-2004.pdf "HTTP/1.1 200 OK"
{"url": "https://jurisprudencia.cc.gob.gt/Sentencias/799146.1219-2004.pdf", "status": 200, "bytes": 81268, "outcome": "ok", "attempts": 1, "event": "http", "level": "info", "timestamp": "2026-08-30T13:19:25.429631Z"}
HTTP Request: GET https://jurisprudencia.cc.gob.gt/Sentencias/809445.3235-2009.pdf "HTTP/1.1 200 OK"
{"url": "https://jurisprudencia.cc.gob.gt/Sentencias/809445.3235-2009.pdf", "status": 200, "bytes": 194420, "outcome": "ok", "attempts": 1, "event": "http", "level": "info", "timestamp": "2026-08-30T13:19:27.661842Z"}
HTTP Request: GET https://jurisprudencia.cc.gob.gt/Sentencias/836275.624-2013.pdf "HTTP/1.1 200 OK"
{"url": "https://jurisprudencia.cc.gob.gt/Sentencias/836275.624-2013.pdf", "status": 200, "bytes": 253394, "outcome": "ok", "attempts": 1, "event": "http", "level": "info", "timestamp": "2026-08-30T13:19:29.767664Z"}
{"url": "https://jurisprudencia.cc.gob.gt/Sentencias/815829.2115-2010.pdf", "from_cache": true, "outcome": "ok", "event": "http", "level": "info", "timestamp": "2026-08-30T13:19:29.821235Z"}
HTTP Request: GET https://jurisprudencia.cc.gob.gt/Sentencias/836368.3961-2013.pdf "HTTP/1.1 200 OK"
{"url": "https://jurisprudencia.cc.gob.gt/Sentencias/836368.3961-2013.pdf", "status": 200, "bytes": 224936, "outcome": "ok", "attempts": 1, "event": "http", "level": "info", "timestamp": "2026-08-30T13:19:31.824899Z"}
HTTP Request: GET https://jurisprudencia.cc.gob.gt/Sentencias/853466.1350-2023.pdf "HTTP/1.1 200 OK"
{"url": "https://jurisprudencia.cc.gob.gt/Sentencias/853466.1350-2023.pdf", "status": 200, "bytes": 955389, "outcome": "ok", "attempts": 1, "event": "http", "level": "info", "timestamp": "2026-08-30T13:19:33.809093Z"}
HTTP Request: GET https://jurisprudencia.cc.gob.gt/Sentencias/836442.6258-2016.pdf "HTTP/1.1 200 OK"
{"url": "https://jurisprudencia.cc.gob.gt/Sentencias/836442.6258-2016.pdf", "status": 200, "bytes": 385256, "outcome": "ok", "attempts": 1, "event": "http", "level": "info", "timestamp": "2026-08-30T13:19:35.807868Z"}
HTTP Request: GET https://jurisprudencia.cc.gob.gt/Sentencias/840067.792-2018.pdf "HTTP/1.1 200 OK"
{"url": "https://jurisprudencia.cc.gob.gt/Sentencias/840067.792-2018.pdf", "status": 200, "bytes": 514781, "outcome": "ok", "attempts": 1, "event": "http", "level": "info", "timestamp": "2026-08-30T13:19:38.114858Z"}
HTTP Request: GET https://jurisprudencia.cc.gob.gt/Sentencias/828913.4254-2014.pdf "HTTP/1.1 200 OK"
{"url": "https://jurisprudencia.cc.gob.gt/Sentencias/828913.4254-2014.pdf", "status": 200, "bytes": 68557, "outcome": "ok", "attempts": 1, "event": "http", "level": "info", "timestamp": "2026-08-30T13:19:39.729610Z"}
HTTP Request: GET https://jurisprudencia.cc.gob.gt/Sentencias/808078.2282-2006.pdf "HTTP/1.1 200 OK"
{"url": "https://jurisprudencia.cc.gob.gt/Sentencias/808078.2282-2006.pdf", "status": 200, "bytes": 177573, "outcome": "ok", "attempts": 1, "event": "http", "level": "info", "timestamp": "2026-08-30T13:19:41.280475Z"}
HTTP Request: GET https://jurisprudencia.cc.gob.gt/Sentencias/805813.369-2005.pdf "HTTP/1.1 200 OK"
{"url": "https://jurisprudencia.cc.gob.gt/Sentencias/805813.369-2005.pdf", "status": 200, "bytes": 96659, "outcome": "ok", "attempts": 1, "event": "http", "level": "info", "timestamp": "2026-08-30T13:19:43.724924Z"}
HTTP Request: GET https://jurisprudencia.cc.gob.gt/Sentencias/805718.1844-2004.pdf "HTTP/1.1 200 OK"
{"url": "https://jurisprudencia.cc.gob.gt/Sentencias/805718.1844-2004.pdf", "status": 200, "bytes": 195861, "outcome": "ok", "attempts": 1, "event": "http", "level": "info", "timestamp": "2026-08-30T13:19:45.520432Z"}
HTTP Request: GET https://jurisprudencia.cc.gob.gt/Sentencias/837532.3256-2017.pdf "HTTP/1.1 200 OK"
{"url": "https://jurisprudencia.cc.gob.gt/Sentencias/837532.3256-2017.pdf", "status": 200, "bytes": 217736, "outcome": "ok", "attempts": 1, "event": "http", "level": "info", "timestamp": "2026-08-30T13:19:47.250894Z"}
{"url": "https://jurisprudencia.cc.gob.gt/Sentencias/840292.2463-2018.pdf", "from_cache": true, "outcome": "ok", "event": "http", "level": "info", "timestamp": "2026-08-30T13:19:47.329441Z"}
HTTP Request: GET https://jurisprudencia.cc.gob.gt/Sentencias/813934.2077-2007.pdf "HTTP/1.1 200 OK"
{"url": "https://jurisprudencia.cc.gob.gt/Sentencias/813934.2077-2007.pdf", "status": 200, "bytes": 174925, "outcome": "ok", "attempts": 1, "event": "http", "level": "info", "timestamp": "2026-08-30T13:19:48.949009Z"}
HTTP Request: GET https://jurisprudencia.cc.gob.gt/Sentencias/812149.2302-2008.pdf "HTTP/1.1 200 OK"
{"url": "https://jurisprudencia.cc.gob.gt/Sentencias/812149.2302-2008.pdf", "status": 200, "bytes": 256982, "outcome": "ok", "attempts": 1, "event": "http", "level": "info", "timestamp": "2026-08-30T13:19:51.325227Z"}
HTTP Request: GET https://jurisprudencia.cc.gob.gt/Sentencias/821763.3114-2012.pdf "HTTP/1.1 200 OK"
{"url": "https://jurisprudencia.cc.gob.gt/Sentencias/821763.3114-2012.pdf", "status": 200, "bytes": 138369, "outcome": "ok", "attempts": 1, "event": "http", "level": "info", "timestamp": "2026-08-30T13:19:53.501549Z"}
{"url": "https://jurisprudencia.cc.gob.gt/Sentencias/850503.3362-2022.pdf", "from_cache": true, "outcome": "ok", "event": "http", "level": "info", "timestamp": "2026-08-30T13:19:53.589637Z"}
HTTP Request: GET https://jurisprudencia.cc.gob.gt/Sentencias/846615.3372-2020.pdf "HTTP/1.1 200 OK"
{"url": "https://jurisprudencia.cc.gob.gt/Sentencias/846615.3372-2020.pdf", "status": 200, "bytes": 400715, "outcome": "ok", "attempts": 1, "event": "http", "level": "info", "timestamp": "2026-08-30T13:19:55.264122Z"}
HTTP Request: GET https://jurisprudencia.cc.gob.gt/Sentencias/840232.3952-2017.pdf "HTTP/1.1 200 OK"
{"url": "https://jurisprudencia.cc.gob.gt/Sentencias/840232.3952-2017.pdf", "status": 200, "bytes": 489713, "outcome": "ok", "attempts": 1, "event": "http", "level": "info", "timestamp": "2026-08-30T13:19:57.263568Z"}
HTTP Request: GET https://jurisprudencia.cc.gob.gt/Sentencias/842017.6181-2018.pdf "HTTP/1.1 200 OK"
{"url": "https://jurisprudencia.cc.gob.gt/Sentencias/842017.6181-2018.pdf", "status": 200, "bytes": 452615, "outcome": "ok", "attempts": 1, "event": "http", "level": "info", "timestamp": "2026-08-30T13:19:58.989852Z"}
HTTP Request: GET https://jurisprudencia.cc.gob.gt/Sentencias/843325.5854-2018.pdf "HTTP/1.1 200 OK"
{"url": "https://jurisprudencia.cc.gob.gt/Sentencias/843325.5854-2018.pdf", "status": 200, "bytes": 549662, "outcome": "ok", "attempts": 1, "event": "http", "level": "info", "timestamp": "2026-08-30T13:20:00.848223Z"}
HTTP Request: GET https://jurisprudencia.cc.gob.gt/Sentencias/851892.3181-2021.pdf "HTTP/1.1 200 OK"
{"url": "https://jurisprudencia.cc.gob.gt/Sentencias/851892.3181-2021.pdf", "status": 200, "bytes": 906043, "outcome": "ok", "attempts": 1, "event": "http", "level": "info", "timestamp": "2026-08-30T13:20:02.798737Z"}
HTTP Request: GET https://jurisprudencia.cc.gob.gt/Sentencias/851105.2140-2022.pdf "HTTP/1.1 200 OK"
{"url": "https://jurisprudencia.cc.gob.gt/Sentencias/851105.2140-2022.pdf", "status": 200, "bytes": 992966, "outcome": "ok", "attempts": 1, "event": "http", "level": "info", "timestamp": "2026-08-30T13:20:04.790598Z"}
HTTP Request: GET https://jurisprudencia.cc.gob.gt/Sentencias/840498.3556-2018.pdf "HTTP/1.1 200 OK"
{"url": "https://jurisprudencia.cc.gob.gt/Sentencias/840498.3556-2018.pdf", "status": 200, "bytes": 416429, "outcome": "ok", "attempts": 1, "event": "http", "level": "info", "timestamp": "2026-08-30T13:20:06.748065Z"}
HTTP Request: GET https://jurisprudencia.cc.gob.gt/Sentencias/840201.5681-2017.pdf "HTTP/1.1 200 OK"
{"url": "https://jurisprudencia.cc.gob.gt/Sentencias/840201.5681-2017.pdf", "status": 200, "bytes": 339232, "outcome": "ok", "attempts": 1, "event": "http", "level": "info", "timestamp": "2026-08-30T13:20:08.367765Z"}
HTTP Request: GET https://jurisprudencia.cc.gob.gt/Sentencias/850257.892-2022.pdf "HTTP/1.1 200 OK"
{"url": "https://jurisprudencia.cc.gob.gt/Sentencias/850257.892-2022.pdf", "status": 200, "bytes": 972178, "outcome": "ok", "attempts": 1, "event": "http", "level": "info", "timestamp": "2026-08-30T13:20:10.518450Z"}
HTTP Request: GET https://jurisprudencia.cc.gob.gt/Sentencias/810456.787-2009.pdf "HTTP/1.1 200 OK"
{"url": "https://jurisprudencia.cc.gob.gt/Sentencias/810456.787-2009.pdf", "status": 200, "bytes": 152943, "outcome": "ok", "attempts": 1, "event": "http", "level": "info", "timestamp": "2026-08-30T13:20:12.216957Z"}
HTTP Request: GET https://jurisprudencia.cc.gob.gt/Sentencias/800926.1628-1726-2004.pdf "HTTP/1.1 404 Not Found"
{"url": "https://jurisprudencia.cc.gob.gt/Sentencias/800926.1628-1726-2004.pdf", "status": 404, "bytes": 1282, "outcome": "http_error", "attempts": 1, "event": "http", "level": "info", "timestamp": "2026-08-30T13:20:13.781576Z"}
HTTP Request: GET https://jurisprudencia.cc.gob.gt/Sentencias/816538.842-2010.pdf "HTTP/1.1 200 OK"
{"url": "https://jurisprudencia.cc.gob.gt/Sentencias/816538.842-2010.pdf", "status": 200, "bytes": 155130, "outcome": "ok", "attempts": 1, "event": "http", "level": "info", "timestamp": "2026-08-30T13:20:16.245294Z"}
HTTP Request: GET https://jurisprudencia.cc.gob.gt/Sentencias/801957.40-2006.pdf "HTTP/1.1 200 OK"
{"url": "https://jurisprudencia.cc.gob.gt/Sentencias/801957.40-2006.pdf", "status": 200, "bytes": 137834, "outcome": "ok", "attempts": 1, "event": "http", "level": "info", "timestamp": "2026-08-30T13:20:18.067516Z"}
HTTP Request: GET https://jurisprudencia.cc.gob.gt/Sentencias/836919.2669-2016.pdf "HTTP/1.1 200 OK"
{"url": "https://jurisprudencia.cc.gob.gt/Sentencias/836919.2669-2016.pdf", "status": 200, "bytes": 268650, "outcome": "ok", "attempts": 1, "event": "http", "level": "info", "timestamp": "2026-08-30T13:20:20.063854Z"}
HTTP Request: GET https://jurisprudencia.cc.gob.gt/Sentencias/816625.938-2010.pdf "HTTP/1.1 200 OK"
{"url": "https://jurisprudencia.cc.gob.gt/Sentencias/816625.938-2010.pdf", "status": 200, "bytes": 183740, "outcome": "ok", "attempts": 1, "event": "http", "level": "info", "timestamp": "2026-08-30T13:20:22.055434Z"}
HTTP Request: GET https://jurisprudencia.cc.gob.gt/Sentencias/853414.1437-2022.pdf "HTTP/1.1 200 OK"
{"url": "https://jurisprudencia.cc.gob.gt/Sentencias/853414.1437-2022.pdf", "status": 200, "bytes": 766966, "outcome": "ok", "attempts": 1, "event": "http", "level": "info", "timestamp": "2026-08-30T13:20:24.427089Z"}
HTTP Request: GET https://jurisprudencia.cc.gob.gt/Sentencias/829564.4120-2015.pdf "HTTP/1.1 200 OK"
{"url": "https://jurisprudencia.cc.gob.gt/Sentencias/829564.4120-2015.pdf", "status": 200, "bytes": 132408, "outcome": "ok", "attempts": 1, "event": "http", "level": "info", "timestamp": "2026-08-30T13:20:26.691266Z"}
HTTP Request: GET https://jurisprudencia.cc.gob.gt/Sentencias/812784.449-2008.pdf "HTTP/1.1 200 OK"
{"url": "https://jurisprudencia.cc.gob.gt/Sentencias/812784.449-2008.pdf", "status": 200, "bytes": 152845, "outcome": "ok", "attempts": 1, "event": "http", "level": "info", "timestamp": "2026-08-30T13:20:28.472344Z"}
HTTP Request: GET https://jurisprudencia.cc.gob.gt/Sentencias/846919.4148-2020.pdf "HTTP/1.1 200 OK"
{"url": "https://jurisprudencia.cc.gob.gt/Sentencias/846919.4148-2020.pdf", "status": 200, "bytes": 440107, "outcome": "ok", "attempts": 1, "event": "http", "level": "info", "timestamp": "2026-08-30T13:20:30.723434Z"}
HTTP Request: GET https://jurisprudencia.cc.gob.gt/Sentencias/838416.5289-2017.pdf "HTTP/1.1 200 OK"
{"url": "https://jurisprudencia.cc.gob.gt/Sentencias/838416.5289-2017.pdf", "status": 200, "bytes": 370998, "outcome": "ok", "attempts": 1, "event": "http", "level": "info", "timestamp": "2026-08-30T13:20:32.868207Z"}
HTTP Request: GET https://jurisprudencia.cc.gob.gt/Sentencias/828448.642-2013.pdf "HTTP/1.1 200 OK"
{"url": "https://jurisprudencia.cc.gob.gt/Sentencias/828448.642-2013.pdf", "status": 200, "bytes": 76076, "outcome": "ok", "attempts": 1, "event": "http", "level": "info", "timestamp": "2026-08-30T13:20:34.601796Z"}
HTTP Request: GET https://jurisprudencia.cc.gob.gt/Sentencias/841114.4931-2018.pdf "HTTP/1.1 200 OK"
{"url": "https://jurisprudencia.cc.gob.gt/Sentencias/841114.4931-2018.pdf", "status": 200, "bytes": 424314, "outcome": "ok", "attempts": 1, "event": "http", "level": "info", "timestamp": "2026-08-30T13:20:36.855830Z"}
HTTP Request: GET https://jurisprudencia.cc.gob.gt/Sentencias/822527.259-2013.pdf "HTTP/1.1 200 OK"
{"url": "https://jurisprudencia.cc.gob.gt/Sentencias/822527.259-2013.pdf", "status": 200, "bytes": 301696, "outcome": "ok", "attempts": 1, "event": "http", "level": "info", "timestamp": "2026-08-30T13:20:38.915279Z"}
HTTP Request: GET https://jurisprudencia.cc.gob.gt/Sentencias/820718.2521-2012.pdf "HTTP/1.1 200 OK"
{"url": "https://jurisprudencia.cc.gob.gt/Sentencias/820718.2521-2012.pdf", "status": 200, "bytes": 133669, "outcome": "ok", "attempts": 1, "event": "http", "level": "info", "timestamp": "2026-08-30T13:20:40.878282Z"}
HTTP Request: GET https://jurisprudencia.cc.gob.gt/Sentencias/833352.3688-2016,%203700-2016%20y%203723-2016.pdf "HTTP/1.1 200 OK"
{"url": "https://jurisprudencia.cc.gob.gt/Sentencias/833352.3688-2016,%203700-2016%20y%203723-2016.pdf", "status": 200, "bytes": 418339, "outcome": "ok", "attempts": 1, "event": "http", "level": "info", "timestamp": "2026-08-30T13:20:42.723683Z"}
HTTP Request: GET https://jurisprudencia.cc.gob.gt/Sentencias/818637.2398-2011.pdf "HTTP/1.1 200 OK"
{"url": "https://jurisprudencia.cc.gob.gt/Sentencias/818637.2398-2011.pdf", "status": 200, "bytes": 93809, "outcome": "ok", "attempts": 1, "event": "http", "level": "info", "timestamp": "2026-08-30T13:20:44.781849Z"}
HTTP Request: GET https://jurisprudencia.cc.gob.gt/Sentencias/832480.3371-2016.pdf "HTTP/1.1 200 OK"
{"url": "https://jurisprudencia.cc.gob.gt/Sentencias/832480.3371-2016.pdf", "status": 200, "bytes": 585447, "outcome": "ok", "attempts": 1, "event": "http", "level": "info", "timestamp": "2026-08-30T13:20:46.783955Z"}
HTTP Request: GET https://jurisprudencia.cc.gob.gt/Sentencias/840883.1573-2016.pdf "HTTP/1.1 200 OK"
{"url": "https://jurisprudencia.cc.gob.gt/Sentencias/840883.1573-2016.pdf", "status": 200, "bytes": 523389, "outcome": "ok", "attempts": 1, "event": "http", "level": "info", "timestamp": "2026-08-30T13:20:48.546166Z"}
HTTP Request: GET https://jurisprudencia.cc.gob.gt/Sentencias/847281.1835-2020.pdf "HTTP/1.1 200 OK"
{"url": "https://jurisprudencia.cc.gob.gt/Sentencias/847281.1835-2020.pdf", "status": 200, "bytes": 297566, "outcome": "ok", "attempts": 1, "event": "http", "level": "info", "timestamp": "2026-08-30T13:20:50.512144Z"}
HTTP Request: GET https://jurisprudencia.cc.gob.gt/Sentencias/826505.3668-2014.pdf "HTTP/1.1 200 OK"
{"url": "https://jurisprudencia.cc.gob.gt/Sentencias/826505.3668-2014.pdf", "status": 200, "bytes": 132408, "outcome": "ok", "attempts": 1, "event": "http", "level": "info", "timestamp": "2026-08-30T13:20:52.509191Z"}
{"url": "https://jurisprudencia.cc.gob.gt/Sentencias/827847.349-2015.pdf", "from_cache": true, "outcome": "ok", "event": "http", "level": "info", "timestamp": "2026-08-30T13:20:52.576568Z"}
HTTP Request: GET https://jurisprudencia.cc.gob.gt/Sentencias/842331.4393-2017.pdf "HTTP/1.1 200 OK"
{"url": "https://jurisprudencia.cc.gob.gt/Sentencias/842331.4393-2017.pdf", "status": 200, "bytes": 400403, "outcome": "ok", "attempts": 1, "event": "http", "level": "info", "timestamp": "2026-08-30T13:20:54.517092Z"}
HTTP Request: GET https://jurisprudencia.cc.gob.gt/Sentencias/845281.969-2020.pdf "HTTP/1.1 200 OK"
{"url": "https://jurisprudencia.cc.gob.gt/Sentencias/845281.969-2020.pdf", "status": 200, "bytes": 326432, "outcome": "ok", "attempts": 1, "event": "http", "level": "info", "timestamp": "2026-08-30T13:20:56.520233Z"}
HTTP Request: GET https://jurisprudencia.cc.gob.gt/Sentencias/836650.2848-2017.pdf "HTTP/1.1 200 OK"
{"url": "https://jurisprudencia.cc.gob.gt/Sentencias/836650.2848-2017.pdf", "status": 200, "bytes": 336484, "outcome": "ok", "attempts": 1, "event": "http", "level": "info", "timestamp": "2026-08-30T13:20:58.472373Z"}
HTTP Request: GET https://jurisprudencia.cc.gob.gt/Sentencias/849636.4992-2021.pdf "HTTP/1.1 200 OK"
{"url": "https://jurisprudencia.cc.gob.gt/Sentencias/849636.4992-2021.pdf", "status": 200, "bytes": 245938, "outcome": "ok", "attempts": 1, "event": "http", "level": "info", "timestamp": "2026-08-30T13:21:00.285239Z"}
HTTP Request: GET https://jurisprudencia.cc.gob.gt/Sentencias/818786.3282-2011.pdf "HTTP/1.1 200 OK"
{"url": "https://jurisprudencia.cc.gob.gt/Sentencias/818786.3282-2011.pdf", "status": 200, "bytes": 196187, "outcome": "ok", "attempts": 1, "event": "http", "level": "info", "timestamp": "2026-08-30T13:21:02.910286Z"}
HTTP Request: GET https://jurisprudencia.cc.gob.gt/Sentencias/818196.1261-2011.pdf "HTTP/1.1 200 OK"
{"url": "https://jurisprudencia.cc.gob.gt/Sentencias/818196.1261-2011.pdf", "status": 200, "bytes": 145296, "outcome": "ok", "attempts": 1, "event": "http", "level": "info", "timestamp": "2026-08-30T13:21:04.466658Z"}
HTTP Request: GET https://jurisprudencia.cc.gob.gt/Sentencias/811371.3741-2008.pdf "HTTP/1.1 200 OK"
{"url": "https://jurisprudencia.cc.gob.gt/Sentencias/811371.3741-2008.pdf", "status": 200, "bytes": 155720, "outcome": "ok", "attempts": 1, "event": "http", "level": "info", "timestamp": "2026-08-30T13:21:06.483346Z"}
HTTP Request: GET https://jurisprudencia.cc.gob.gt/Sentencias/817985.1755-2011.pdf "HTTP/1.1 200 OK"
{"url": "https://jurisprudencia.cc.gob.gt/Sentencias/817985.1755-2011.pdf", "status": 200, "bytes": 140602, "outcome": "ok", "attempts": 1, "event": "http", "level": "info", "timestamp": "2026-08-30T13:21:08.068175Z"}
HTTP Request: GET https://jurisprudencia.cc.gob.gt/Sentencias/799221.1528-2003.pdf "HTTP/1.1 200 OK"
{"url": "https://jurisprudencia.cc.gob.gt/Sentencias/799221.1528-2003.pdf", "status": 200, "bytes": 75615, "outcome": "ok", "attempts": 1, "event": "http", "level": "info", "timestamp": "2026-08-30T13:21:10.302658Z"}
HTTP Request: GET https://jurisprudencia.cc.gob.gt/Sentencias/846447.763-2020.pdf "HTTP/1.1 200 OK"
{"url": "https://jurisprudencia.cc.gob.gt/Sentencias/846447.763-2020.pdf", "status": 200, "bytes": 288465, "outcome": "ok", "attempts": 1, "event": "http", "level": "info", "timestamp": "2026-08-30T13:21:12.238062Z"}
HTTP Request: GET https://jurisprudencia.cc.gob.gt/Sentencias/856571.6894-2023.pdf "HTTP/1.1 200 OK"
{"url": "https://jurisprudencia.cc.gob.gt/Sentencias/856571.6894-2023.pdf", "status": 200, "bytes": 3855732, "outcome": "ok", "attempts": 1, "event": "http", "level": "info", "timestamp": "2026-08-30T13:21:14.466578Z"}
HTTP Request: GET https://jurisprudencia.cc.gob.gt/Sentencias/820171.95-2012%20y%2096-2012.pdf "HTTP/1.1 200 OK"
{"url": "https://jurisprudencia.cc.gob.gt/Sentencias/820171.95-2012%20y%2096-2012.pdf", "status": 200, "bytes": 188696, "outcome": "ok", "attempts": 1, "event": "http", "level": "info", "timestamp": "2026-08-30T13:21:15.691897Z"}
HTTP Request: GET https://jurisprudencia.cc.gob.gt/Sentencias/817132.4171-2010.pdf "HTTP/1.1 200 OK"
{"url": "https://jurisprudencia.cc.gob.gt/Sentencias/817132.4171-2010.pdf", "status": 200, "bytes": 142853, "outcome": "ok", "attempts": 1, "event": "http", "level": "info", "timestamp": "2026-08-30T13:21:17.652160Z"}
HTTP Request: GET https://jurisprudencia.cc.gob.gt/Sentencias/843394.4004-2019.pdf "HTTP/1.1 200 OK"
{"url": "https://jurisprudencia.cc.gob.gt/Sentencias/843394.4004-2019.pdf", "status": 200, "bytes": 414130, "outcome": "ok", "attempts": 1, "event": "http", "level": "info", "timestamp": "2026-08-30T13:21:19.935017Z"}
HTTP Request: GET https://jurisprudencia.cc.gob.gt/Sentencias/844017.6206-2019.pdf "HTTP/1.1 200 OK"
{"url": "https://jurisprudencia.cc.gob.gt/Sentencias/844017.6206-2019.pdf", "status": 200, "bytes": 275346, "outcome": "ok", "attempts": 1, "event": "http", "level": "info", "timestamp": "2026-08-30T13:21:21.820988Z"}
HTTP Request: GET https://jurisprudencia.cc.gob.gt/Sentencias/829825.2186-2015.pdf "HTTP/1.1 200 OK"
{"url": "https://jurisprudencia.cc.gob.gt/Sentencias/829825.2186-2015.pdf", "status": 200, "bytes": 135189, "outcome": "ok", "attempts": 1, "event": "http", "level": "info", "timestamp": "2026-08-30T13:21:23.708971Z"}
HTTP Request: GET https://jurisprudencia.cc.gob.gt/Sentencias/842805.1425-2019.pdf "HTTP/1.1 200 OK"
{"url": "https://jurisprudencia.cc.gob.gt/Sentencias/842805.1425-2019.pdf", "status": 200, "bytes": 433779, "outcome": "ok", "attempts": 1, "event": "http", "level": "info", "timestamp": "2026-08-30T13:21:25.673623Z"}
HTTP Request: GET https://jurisprudencia.cc.gob.gt/Sentencias/854081.6724-2022.pdf "HTTP/1.1 200 OK"
{"url": "https://jurisprudencia.cc.gob.gt/Sentencias/854081.6724-2022.pdf", "status": 200, "bytes": 3867150, "outcome": "ok", "attempts": 1, "event": "http", "level": "info", "timestamp": "2026-08-30T13:21:28.063220Z"}
HTTP Request: GET https://jurisprudencia.cc.gob.gt/Sentencias/839769.2100-2018.pdf "HTTP/1.1 200 OK"
{"url": "https://jurisprudencia.cc.gob.gt/Sentencias/839769.2100-2018.pdf", "status": 200, "bytes": 338514, "outcome": "ok", "attempts": 1, "event": "http", "level": "info", "timestamp": "2026-08-30T13:21:29.976449Z"}
HTTP Request: GET https://jurisprudencia.cc.gob.gt/Sentencias/820368.180-2012.pdf "HTTP/1.1 200 OK"
{"url": "https://jurisprudencia.cc.gob.gt/Sentencias/820368.180-2012.pdf", "status": 200, "bytes": 136775, "outcome": "ok", "attempts": 1, "event": "http", "level": "info", "timestamp": "2026-08-30T13:21:32.046747Z"}
HTTP Request: GET https://jurisprudencia.cc.gob.gt/Sentencias/811146.3596-2008.pdf "HTTP/1.1 200 OK"
{"url": "https://jurisprudencia.cc.gob.gt/Sentencias/811146.3596-2008.pdf", "status": 200, "bytes": 132943, "outcome": "ok", "attempts": 1, "event": "http", "level": "info", "timestamp": "2026-08-30T13:21:34.292752Z"}
HTTP Request: GET https://jurisprudencia.cc.gob.gt/Sentencias/853350.6668-2022.pdf "HTTP/1.1 200 OK"
{"url": "https://jurisprudencia.cc.gob.gt/Sentencias/853350.6668-2022.pdf", "status": 200, "bytes": 777524, "outcome": "ok", "attempts": 1, "event": "http", "level": "info", "timestamp": "2026-08-30T13:21:36.289493Z"}
HTTP Request: GET https://jurisprudencia.cc.gob.gt/Sentencias/809132.2723-2009,%202784-2009%20y%203435-2009.pdf "HTTP/1.1 200 OK"
{"url": "https://jurisprudencia.cc.gob.gt/Sentencias/809132.2723-2009,%202784-2009%20y%203435-2009.pdf", "status": 200, "bytes": 202180, "outcome": "ok", "attempts": 1, "event": "http", "level": "info", "timestamp": "2026-08-30T13:21:38.154305Z"}
HTTP Request: GET https://jurisprudencia.cc.gob.gt/Sentencias/852092.2350-2023,%202414-2023%20y%202415-2023.pdf "HTTP/1.1 200 OK"
{"url": "https://jurisprudencia.cc.gob.gt/Sentencias/852092.2350-2023,%202414-2023%20y%202415-2023.pdf", "status": 200, "bytes": 982587, "outcome": "ok", "attempts": 1, "event": "http", "level": "info", "timestamp": "2026-08-30T13:21:40.362319Z"}
HTTP Request: GET https://jurisprudencia.cc.gob.gt/Sentencias/840550.5057-2017.pdf "HTTP/1.1 200 OK"
{"url": "https://jurisprudencia.cc.gob.gt/Sentencias/840550.5057-2017.pdf", "status": 200, "bytes": 492270, "outcome": "ok", "attempts": 1, "event": "http", "level": "info", "timestamp": "2026-08-30T13:21:41.819925Z"}
HTTP Request: GET https://jurisprudencia.cc.gob.gt/Sentencias/813239.2755-2006.pdf "HTTP/1.1 200 OK"
{"url": "https://jurisprudencia.cc.gob.gt/Sentencias/813239.2755-2006.pdf", "status": 200, "bytes": 175436, "outcome": "ok", "attempts": 1, "event": "http", "level": "info", "timestamp": "2026-08-30T13:21:43.530905Z"}
HTTP Request: GET https://jurisprudencia.cc.gob.gt/Sentencias/814484.1948-2009.pdf "HTTP/1.1 200 OK"
{"url": "https://jurisprudencia.cc.gob.gt/Sentencias/814484.1948-2009.pdf", "status": 200, "bytes": 168873, "outcome": "ok", "attempts": 1, "event": "http", "level": "info", "timestamp": "2026-08-30T13:21:45.416284Z"}
HTTP Request: GET https://jurisprudencia.cc.gob.gt/Sentencias/826807.4076-2014.pdf "HTTP/1.1 200 OK"
{"url": "https://jurisprudencia.cc.gob.gt/Sentencias/826807.4076-2014.pdf", "status": 200, "bytes": 186355, "outcome": "ok", "attempts": 1, "event": "http", "level": "info", "timestamp": "2026-08-30T13:21:47.329623Z"}
HTTP Request: GET https://jurisprudencia.cc.gob.gt/Sentencias/824838.4282-2013.pdf "HTTP/1.1 200 OK"
{"url": "https://jurisprudencia.cc.gob.gt/Sentencias/824838.4282-2013.pdf", "status": 200, "bytes": 189309, "outcome": "ok", "attempts": 1, "event": "http", "level": "info", "timestamp": "2026-08-30T13:21:49.499154Z"}
HTTP Request: GET https://jurisprudencia.cc.gob.gt/Sentencias/839283.1352-2017.pdf "HTTP/1.1 200 OK"
{"url": "https://jurisprudencia.cc.gob.gt/Sentencias/839283.1352-2017.pdf", "status": 200, "bytes": 252071, "outcome": "ok", "attempts": 1, "event": "http", "level": "info", "timestamp": "2026-08-30T13:21:51.353778Z"}
HTTP Request: GET https://jurisprudencia.cc.gob.gt/Sentencias/833989.5046-2016.pdf "HTTP/1.1 200 OK"
{"url": "https://jurisprudencia.cc.gob.gt/Sentencias/833989.5046-2016.pdf", "status": 200, "bytes": 429129, "outcome": "ok", "attempts": 1, "event": "http", "level": "info", "timestamp": "2026-08-30T13:21:53.628477Z"}
HTTP Request: GET https://jurisprudencia.cc.gob.gt/Sentencias/849666.402-2021.pdf "HTTP/1.1 200 OK"
{"url": "https://jurisprudencia.cc.gob.gt/Sentencias/849666.402-2021.pdf", "status": 200, "bytes": 290736, "outcome": "ok", "attempts": 1, "event": "http", "level": "info", "timestamp": "2026-08-30T13:21:55.701661Z"}
HTTP Request: GET https://jurisprudencia.cc.gob.gt/Sentencias/812092.1632-2008.pdf "HTTP/1.1 200 OK"
{"url": "https://jurisprudencia.cc.gob.gt/Sentencias/812092.1632-2008.pdf", "status": 200, "bytes": 248489, "outcome": "ok", "attempts": 1, "event": "http", "level": "info", "timestamp": "2026-08-30T13:21:57.616851Z"}
{"procesados": 200, "por_regla": 186, "event": "avance", "level": "info", "timestamp": "2026-08-30T13:21:57.680781Z"}
HTTP Request: GET https://jurisprudencia.cc.gob.gt/Sentencias/817701.1188-2010.pdf "HTTP/1.1 200 OK"
{"url": "https://jurisprudencia.cc.gob.gt/Sentencias/817701.1188-2010.pdf", "status": 200, "bytes": 152823, "outcome": "ok", "attempts": 1, "event": "http", "level": "info", "timestamp": "2026-08-30T13:21:59.634119Z"}
HTTP Request: GET https://jurisprudencia.cc.gob.gt/Sentencias/829162.1106-2015.pdf "HTTP/1.1 200 OK"
{"url": "https://jurisprudencia.cc.gob.gt/Sentencias/829162.1106-2015.pdf", "status": 200, "bytes": 97581, "outcome": "ok", "attempts": 1, "event": "http", "level": "info", "timestamp": "2026-08-30T13:22:01.733889Z"}
HTTP Request: GET https://jurisprudencia.cc.gob.gt/Sentencias/825762.73-2014.pdf "HTTP/1.1 200 OK"
{"url": "https://jurisprudencia.cc.gob.gt/Sentencias/825762.73-2014.pdf", "status": 200, "bytes": 194722, "outcome": "ok", "attempts": 1, "event": "http", "level": "info", "timestamp": "2026-08-30T13:22:03.717220Z"}
HTTP Request: GET https://jurisprudencia.cc.gob.gt/Sentencias/809965.1663-2008.pdf "HTTP/1.1 200 OK"
{"url": "https://jurisprudencia.cc.gob.gt/Sentencias/809965.1663-2008.pdf", "status": 200, "bytes": 116263, "outcome": "ok", "attempts": 1, "event": "http", "level": "info", "timestamp": "2026-08-30T13:22:05.641408Z"}
{"url": "https://jurisprudencia.cc.gob.gt/Sentencias/823336.998-2013.pdf", "from_cache": true, "outcome": "ok", "event": "http", "level": "info", "timestamp": "2026-08-30T13:22:05.702632Z"}
HTTP Request: GET https://jurisprudencia.cc.gob.gt/Sentencias/830787.5335-2015.pdf "HTTP/1.1 200 OK"
{"url": "https://jurisprudencia.cc.gob.gt/Sentencias/830787.5335-2015.pdf", "status": 200, "bytes": 139113, "outcome": "ok", "attempts": 1, "event": "http", "level": "info", "timestamp": "2026-08-30T13:22:07.415809Z"}
HTTP Request: GET https://jurisprudencia.cc.gob.gt/Sentencias/798323.1206-2003.pdf "HTTP/1.1 200 OK"
{"url": "https://jurisprudencia.cc.gob.gt/Sentencias/798323.1206-2003.pdf", "status": 200, "bytes": 73006, "outcome": "ok", "attempts": 1, "event": "http", "level": "info", "timestamp": "2026-08-30T13:22:09.378278Z"}
HTTP Request: GET https://jurisprudencia.cc.gob.gt/Sentencias/807041.2519-2005.pdf "HTTP/1.1 200 OK"
{"url": "https://jurisprudencia.cc.gob.gt/Sentencias/807041.2519-2005.pdf", "status": 200, "bytes": 173196, "outcome": "ok", "attempts": 1, "event": "http", "level": "info", "timestamp": "2026-08-30T13:22:11.219983Z"}
HTTP Request: GET https://jurisprudencia.cc.gob.gt/Sentencias/841148.2280-2018.pdf "HTTP/1.1 200 OK"
{"url": "https://jurisprudencia.cc.gob.gt/Sentencias/841148.2280-2018.pdf", "status": 200, "bytes": 503160, "outcome": "ok", "attempts": 1, "event": "http", "level": "info", "timestamp": "2026-08-30T13:22:13.023530Z"}
HTTP Request: GET https://jurisprudencia.cc.gob.gt/Sentencias/842164.320-2019.pdf "HTTP/1.1 200 OK"
{"url": "https://jurisprudencia.cc.gob.gt/Sentencias/842164.320-2019.pdf", "status": 200, "bytes": 435546, "outcome": "ok", "attempts": 1, "event": "http", "level": "info", "timestamp": "2026-08-30T13:22:15.038221Z"}
HTTP Request: GET https://jurisprudencia.cc.gob.gt/Sentencias/851708.6828-2022.pdf "HTTP/1.1 200 OK"
{"url": "https://jurisprudencia.cc.gob.gt/Sentencias/851708.6828-2022.pdf", "status": 200, "bytes": 975623, "outcome": "ok", "attempts": 1, "event": "http", "level": "info", "timestamp": "2026-08-30T13:22:17.064053Z"}
HTTP Request: GET https://jurisprudencia.cc.gob.gt/Sentencias/849491.2512-2021.pdf "HTTP/1.1 200 OK"
{"url": "https://jurisprudencia.cc.gob.gt/Sentencias/849491.2512-2021.pdf", "status": 200, "bytes": 244315, "outcome": "ok", "attempts": 1, "event": "http", "level": "info", "timestamp": "2026-08-30T13:22:19.053077Z"}
HTTP Request: GET https://jurisprudencia.cc.gob.gt/Sentencias/806535.1444-2005.pdf "HTTP/1.1 200 OK"
{"url": "https://jurisprudencia.cc.gob.gt/Sentencias/806535.1444-2005.pdf", "status": 200, "bytes": 97369, "outcome": "ok", "attempts": 1, "event": "http", "level": "info", "timestamp": "2026-08-30T13:22:21.268534Z"}
HTTP Request: GET https://jurisprudencia.cc.gob.gt/Sentencias/858303.8066-2023.pdf "HTTP/1.1 200 OK"
{"url": "https://jurisprudencia.cc.gob.gt/Sentencias/858303.8066-2023.pdf", "status": 200, "bytes": 3963439, "outcome": "ok", "attempts": 1, "event": "http", "level": "info", "timestamp": "2026-08-30T13:22:23.751243Z"}
HTTP Request: GET https://jurisprudencia.cc.gob.gt/Sentencias/830617.4787-2015.pdf "HTTP/1.1 200 OK"
{"url": "https://jurisprudencia.cc.gob.gt/Sentencias/830617.4787-2015.pdf", "status": 200, "bytes": 153052, "outcome": "ok", "attempts": 1, "event": "http", "level": "info", "timestamp": "2026-08-30T13:22:25.382126Z"}
HTTP Request: GET https://jurisprudencia.cc.gob.gt/Sentencias/845874.3902-2019.pdf "HTTP/1.1 200 OK"
{"url": "https://jurisprudencia.cc.gob.gt/Sentencias/845874.3902-2019.pdf", "status": 200, "bytes": 283704, "outcome": "ok", "attempts": 1, "event": "http", "level": "info", "timestamp": "2026-08-30T13:22:27.463986Z"}
HTTP Request: GET https://jurisprudencia.cc.gob.gt/Sentencias/840139.906-2018.pdf "HTTP/1.1 200 OK"
{"url": "https://jurisprudencia.cc.gob.gt/Sentencias/840139.906-2018.pdf", "status": 200, "bytes": 459060, "outcome": "ok", "attempts": 1, "event": "http", "level": "info", "timestamp": "2026-08-30T13:22:29.438841Z"}
HTTP Request: GET https://jurisprudencia.cc.gob.gt/Sentencias/855220.4881-2023.pdf "HTTP/1.1 200 OK"
{"url": "https://jurisprudencia.cc.gob.gt/Sentencias/855220.4881-2023.pdf", "status": 200, "bytes": 3061556, "outcome": "ok", "attempts": 1, "event": "http", "level": "info", "timestamp": "2026-08-30T13:22:31.743594Z"}
HTTP Request: GET https://jurisprudencia.cc.gob.gt/Sentencias/841648.227-2019.pdf "HTTP/1.1 200 OK"
{"url": "https://jurisprudencia.cc.gob.gt/Sentencias/841648.227-2019.pdf", "status": 200, "bytes": 456859, "outcome": "ok", "attempts": 1, "event": "http", "level": "info", "timestamp": "2026-08-30T13:22:33.890015Z"}
HTTP Request: GET https://jurisprudencia.cc.gob.gt/Sentencias/831067.4321-2015.pdf "HTTP/1.1 200 OK"
{"url": "https://jurisprudencia.cc.gob.gt/Sentencias/831067.4321-2015.pdf", "status": 200, "bytes": 139139, "outcome": "ok", "attempts": 1, "event": "http", "level": "info", "timestamp": "2026-08-30T13:22:36.081188Z"}
HTTP Request: GET https://jurisprudencia.cc.gob.gt/Sentencias/822687.3009-2012.pdf "HTTP/1.1 200 OK"
{"url": "https://jurisprudencia.cc.gob.gt/Sentencias/822687.3009-2012.pdf", "status": 200, "bytes": 164991, "outcome": "ok", "attempts": 1, "event": "http", "level": "info", "timestamp": "2026-08-30T13:22:37.690914Z"}
HTTP Request: GET https://jurisprudencia.cc.gob.gt/Sentencias/798500.1387-2003.pdf "HTTP/1.1 200 OK"
{"url": "https://jurisprudencia.cc.gob.gt/Sentencias/798500.1387-2003.pdf", "status": 200, "bytes": 85850, "outcome": "ok", "attempts": 1, "event": "http", "level": "info", "timestamp": "2026-08-30T13:22:40.201044Z"}
HTTP Request: GET https://jurisprudencia.cc.gob.gt/Sentencias/846184.1247-2020.pdf "HTTP/1.1 200 OK"
{"url": "https://jurisprudencia.cc.gob.gt/Sentencias/846184.1247-2020.pdf", "status": 200, "bytes": 293328, "outcome": "ok", "attempts": 1, "event": "http", "level": "info", "timestamp": "2026-08-30T13:22:42.218903Z"}
HTTP Request: GET https://jurisprudencia.cc.gob.gt/Sentencias/810524.1402-2009.pdf "HTTP/1.1 200 OK"
{"url": "https://jurisprudencia.cc.gob.gt/Sentencias/810524.1402-2009.pdf", "status": 200, "bytes": 240219, "outcome": "ok", "attempts": 1, "event": "http", "level": "info", "timestamp": "2026-08-30T13:22:44.003944Z"}
HTTP Request: GET https://jurisprudencia.cc.gob.gt/Sentencias/816877.2495-2010.pdf "HTTP/1.1 200 OK"
{"url": "https://jurisprudencia.cc.gob.gt/Sentencias/816877.2495-2010.pdf", "status": 200, "bytes": 184119, "outcome": "ok", "attempts": 1, "event": "http", "level": "info", "timestamp": "2026-08-30T13:22:46.218728Z"}
HTTP Request: GET https://jurisprudencia.cc.gob.gt/Sentencias/827517.5233-2013.pdf "HTTP/1.1 200 OK"
{"url": "https://jurisprudencia.cc.gob.gt/Sentencias/827517.5233-2013.pdf", "status": 200, "bytes": 153422, "outcome": "ok", "attempts": 1, "event": "http", "level": "info", "timestamp": "2026-08-30T13:22:48.508033Z"}
HTTP Request: GET https://jurisprudencia.cc.gob.gt/Sentencias/799554.1232-2004.pdf "HTTP/1.1 200 OK"
{"url": "https://jurisprudencia.cc.gob.gt/Sentencias/799554.1232-2004.pdf", "status": 200, "bytes": 112254, "outcome": "ok", "attempts": 1, "event": "http", "level": "info", "timestamp": "2026-08-30T13:22:50.344924Z"}
HTTP Request: GET https://jurisprudencia.cc.gob.gt/Sentencias/811794.106-2008.pdf "HTTP/1.1 200 OK"
{"url": "https://jurisprudencia.cc.gob.gt/Sentencias/811794.106-2008.pdf", "status": 200, "bytes": 250490, "outcome": "ok", "attempts": 1, "event": "http", "level": "info", "timestamp": "2026-08-30T13:22:52.576615Z"}
HTTP Request: GET https://jurisprudencia.cc.gob.gt/Sentencias/834463.4191-2016.pdf "HTTP/1.1 200 OK"
{"url": "https://jurisprudencia.cc.gob.gt/Sentencias/834463.4191-2016.pdf", "status": 200, "bytes": 451653, "outcome": "ok", "attempts": 1, "event": "http", "level": "info", "timestamp": "2026-08-30T13:22:54.561242Z"}
HTTP Request: GET https://jurisprudencia.cc.gob.gt/Sentencias/854038.2442-2023.pdf "HTTP/1.1 200 OK"
{"url": "https://jurisprudencia.cc.gob.gt/Sentencias/854038.2442-2023.pdf", "status": 200, "bytes": 3222874, "outcome": "ok", "attempts": 1, "event": "http", "level": "info", "timestamp": "2026-08-30T13:22:56.463869Z"}
HTTP Request: GET https://jurisprudencia.cc.gob.gt/Sentencias/813402.2760-2007.pdf "HTTP/1.1 200 OK"
{"url": "https://jurisprudencia.cc.gob.gt/Sentencias/813402.2760-2007.pdf", "status": 200, "bytes": 183784, "outcome": "ok", "attempts": 1, "event": "http", "level": "info", "timestamp": "2026-08-30T13:22:58.394168Z"}
HTTP Request: GET https://jurisprudencia.cc.gob.gt/Sentencias/817138.4234-2010.pdf "HTTP/1.1 200 OK"
{"url": "https://jurisprudencia.cc.gob.gt/Sentencias/817138.4234-2010.pdf", "status": 200, "bytes": 182332, "outcome": "ok", "attempts": 1, "event": "http", "level": "info", "timestamp": "2026-08-30T13:23:00.102504Z"}
HTTP Request: GET https://jurisprudencia.cc.gob.gt/Sentencias/849076.1811-2021.pdf "HTTP/1.1 200 OK"
{"url": "https://jurisprudencia.cc.gob.gt/Sentencias/849076.1811-2021.pdf", "status": 200, "bytes": 386184, "outcome": "ok", "attempts": 1, "event": "http", "level": "info", "timestamp": "2026-08-30T13:23:02.388675Z"}
HTTP Request: GET https://jurisprudencia.cc.gob.gt/Sentencias/823198.3458-2012.pdf "HTTP/1.1 200 OK"
{"url": "https://jurisprudencia.cc.gob.gt/Sentencias/823198.3458-2012.pdf", "status": 200, "bytes": 175491, "outcome": "ok", "attempts": 1, "event": "http", "level": "info", "timestamp": "2026-08-30T13:23:04.215283Z"}
HTTP Request: GET https://jurisprudencia.cc.gob.gt/Sentencias/809950.814-2009.pdf "HTTP/1.1 200 OK"
{"url": "https://jurisprudencia.cc.gob.gt/Sentencias/809950.814-2009.pdf", "status": 200, "bytes": 135597, "outcome": "ok", "attempts": 1, "event": "http", "level": "info", "timestamp": "2026-08-30T13:23:06.019253Z"}
HTTP Request: GET https://jurisprudencia.cc.gob.gt/Sentencias/820614.1168-2012.pdf "HTTP/1.1 200 OK"
{"url": "https://jurisprudencia.cc.gob.gt/Sentencias/820614.1168-2012.pdf", "status": 200, "bytes": 188114, "outcome": "ok", "attempts": 1, "event": "http", "level": "info", "timestamp": "2026-08-30T13:23:07.619430Z"}
HTTP Request: GET https://jurisprudencia.cc.gob.gt/Sentencias/805869.251-2005.pdf "HTTP/1.1 200 OK"
{"url": "https://jurisprudencia.cc.gob.gt/Sentencias/805869.251-2005.pdf", "status": 200, "bytes": 177800, "outcome": "ok", "attempts": 1, "event": "http", "level": "info", "timestamp": "2026-08-30T13:23:09.922521Z"}
HTTP Request: GET https://jurisprudencia.cc.gob.gt/Sentencias/798793.514-2003.pdf "HTTP/1.1 200 OK"
{"url": "https://jurisprudencia.cc.gob.gt/Sentencias/798793.514-2003.pdf", "status": 200, "bytes": 67833, "outcome": "ok", "attempts": 1, "event": "http", "level": "info", "timestamp": "2026-08-30T13:23:12.148504Z"}
HTTP Request: GET https://jurisprudencia.cc.gob.gt/Sentencias/848292.3187-2020%20y%203370-2021.pdf "HTTP/1.1 200 OK"
{"url": "https://jurisprudencia.cc.gob.gt/Sentencias/848292.3187-2020%20y%203370-2021.pdf", "status": 200, "bytes": 363201, "outcome": "ok", "attempts": 1, "event": "http", "level": "info", "timestamp": "2026-08-30T13:23:14.099815Z"}
HTTP Request: GET https://jurisprudencia.cc.gob.gt/Sentencias/828562.2407-2015.pdf "HTTP/1.1 200 OK"
{"url": "https://jurisprudencia.cc.gob.gt/Sentencias/828562.2407-2015.pdf", "status": 200, "bytes": 77160, "outcome": "ok", "attempts": 1, "event": "http", "level": "info", "timestamp": "2026-08-30T13:23:16.280958Z"}
HTTP Request: GET https://jurisprudencia.cc.gob.gt/Sentencias/839512.6211-2017.pdf "HTTP/1.1 200 OK"
{"url": "https://jurisprudencia.cc.gob.gt/Sentencias/839512.6211-2017.pdf", "status": 200, "bytes": 557060, "outcome": "ok", "attempts": 1, "event": "http", "level": "info", "timestamp": "2026-08-30T13:23:17.986495Z"}
HTTP Request: GET https://jurisprudencia.cc.gob.gt/Sentencias/850289.763-2022.pdf "HTTP/1.1 200 OK"
{"url": "https://jurisprudencia.cc.gob.gt/Sentencias/850289.763-2022.pdf", "status": 200, "bytes": 1570821, "outcome": "ok", "attempts": 1, "event": "http", "level": "info", "timestamp": "2026-08-30T13:23:20.346344Z"}
HTTP Request: GET https://jurisprudencia.cc.gob.gt/Sentencias/843492.4543-2019.pdf "HTTP/1.1 200 OK"
{"url": "https://jurisprudencia.cc.gob.gt/Sentencias/843492.4543-2019.pdf", "status": 200, "bytes": 283639, "outcome": "ok", "attempts": 1, "event": "http", "level": "info", "timestamp": "2026-08-30T13:23:22.298792Z"}
HTTP Request: GET https://jurisprudencia.cc.gob.gt/Sentencias/851189.4437-2022.pdf "HTTP/1.1 200 OK"
{"url": "https://jurisprudencia.cc.gob.gt/Sentencias/851189.4437-2022.pdf", "status": 200, "bytes": 666703, "outcome": "ok", "attempts": 1, "event": "http", "level": "info", "timestamp": "2026-08-30T13:23:23.958920Z"}
HTTP Request: GET https://jurisprudencia.cc.gob.gt/Sentencias/843042.2513-2019.pdf "HTTP/1.1 200 OK"
{"url": "https://jurisprudencia.cc.gob.gt/Sentencias/843042.2513-2019.pdf", "status": 200, "bytes": 439556, "outcome": "ok", "attempts": 1, "event": "http", "level": "info", "timestamp": "2026-08-30T13:23:25.844244Z"}
HTTP Request: GET https://jurisprudencia.cc.gob.gt/Sentencias/814592.3643-2008.pdf "HTTP/1.1 200 OK"
{"url": "https://jurisprudencia.cc.gob.gt/Sentencias/814592.3643-2008.pdf", "status": 200, "bytes": 185069, "outcome": "ok", "attempts": 1, "event": "http", "level": "info", "timestamp": "2026-08-30T13:23:27.741635Z"}
HTTP Request: GET https://jurisprudencia.cc.gob.gt/Sentencias/848023.3139-2021.pdf "HTTP/1.1 200 OK"
{"url": "https://jurisprudencia.cc.gob.gt/Sentencias/848023.3139-2021.pdf", "status": 200, "bytes": 468721, "outcome": "ok", "attempts": 1, "event": "http", "level": "info", "timestamp": "2026-08-30T13:23:29.949818Z"}
HTTP Request: GET https://jurisprudencia.cc.gob.gt/Sentencias/853070.1981-2021.pdf "HTTP/1.1 200 OK"
{"url": "https://jurisprudencia.cc.gob.gt/Sentencias/853070.1981-2021.pdf", "status": 200, "bytes": 668759, "outcome": "ok", "attempts": 1, "event": "http", "level": "info", "timestamp": "2026-08-30T13:23:32.265901Z"}
HTTP Request: GET https://jurisprudencia.cc.gob.gt/Sentencias/828431.207-2013.pdf "HTTP/1.1 200 OK"
{"url": "https://jurisprudencia.cc.gob.gt/Sentencias/828431.207-2013.pdf", "status": 200, "bytes": 161021, "outcome": "ok", "attempts": 1, "event": "http", "level": "info", "timestamp": "2026-08-30T13:23:33.888725Z"}
HTTP Request: GET https://jurisprudencia.cc.gob.gt/Sentencias/823441.2635-2013.pdf "HTTP/1.1 200 OK"
{"url": "https://jurisprudencia.cc.gob.gt/Sentencias/823441.2635-2013.pdf", "status": 200, "bytes": 174317, "outcome": "ok", "attempts": 1, "event": "http", "level": "info", "timestamp": "2026-08-30T13:23:35.980666Z"}
HTTP Request: GET https://jurisprudencia.cc.gob.gt/Sentencias/826603.705-2014.pdf "HTTP/1.1 200 OK"
{"url": "https://jurisprudencia.cc.gob.gt/Sentencias/826603.705-2014.pdf", "status": 200, "bytes": 91601, "outcome": "ok", "attempts": 1, "event": "http", "level": "info", "timestamp": "2026-08-30T13:23:38.145912Z"}
HTTP Request: GET https://jurisprudencia.cc.gob.gt/Sentencias/836425.18-2017.pdf "HTTP/1.1 200 OK"
{"url": "https://jurisprudencia.cc.gob.gt/Sentencias/836425.18-2017.pdf", "status": 200, "bytes": 225928, "outcome": "ok", "attempts": 1, "event": "http", "level": "info", "timestamp": "2026-08-30T13:23:40.007438Z"}
HTTP Request: GET https://jurisprudencia.cc.gob.gt/Sentencias/855334.1908-2023.pdf "HTTP/1.1 200 OK"
{"url": "https://jurisprudencia.cc.gob.gt/Sentencias/855334.1908-2023.pdf", "status": 200, "bytes": 3185001, "outcome": "ok", "attempts": 1, "event": "http", "level": "info", "timestamp": "2026-08-30T13:23:42.481794Z"}
HTTP Request: GET https://jurisprudencia.cc.gob.gt/Sentencias/849180.3219-2021.pdf "HTTP/1.1 200 OK"
{"url": "https://jurisprudencia.cc.gob.gt/Sentencias/849180.3219-2021.pdf", "status": 200, "bytes": 328112, "outcome": "ok", "attempts": 1, "event": "http", "level": "info", "timestamp": "2026-08-30T13:23:44.224657Z"}
HTTP Request: GET https://jurisprudencia.cc.gob.gt/Sentencias/852102.6972-2022.pdf "HTTP/1.1 200 OK"
{"url": "https://jurisprudencia.cc.gob.gt/Sentencias/852102.6972-2022.pdf", "status": 200, "bytes": 927458, "outcome": "ok", "attempts": 1, "event": "http", "level": "info", "timestamp": "2026-08-30T13:23:45.750490Z"}
HTTP Request: GET https://jurisprudencia.cc.gob.gt/Sentencias/843934.6706-2019.pdf "HTTP/1.1 200 OK"
{"url": "https://jurisprudencia.cc.gob.gt/Sentencias/843934.6706-2019.pdf", "status": 200, "bytes": 282397, "outcome": "ok", "attempts": 1, "event": "http", "level": "info", "timestamp": "2026-08-30T13:23:47.499321Z"}
HTTP Request: GET https://jurisprudencia.cc.gob.gt/Sentencias/808084.2578-2006.pdf "HTTP/1.1 200 OK"
{"url": "https://jurisprudencia.cc.gob.gt/Sentencias/808084.2578-2006.pdf", "status": 200, "bytes": 139614, "outcome": "ok", "attempts": 1, "event": "http", "level": "info", "timestamp": "2026-08-30T13:23:49.606346Z"}
HTTP Request: GET https://jurisprudencia.cc.gob.gt/Sentencias/844336.5758-2019.pdf "HTTP/1.1 200 OK"
{"url": "https://jurisprudencia.cc.gob.gt/Sentencias/844336.5758-2019.pdf", "status": 200, "bytes": 226761, "outcome": "ok", "attempts": 1, "event": "http", "level": "info", "timestamp": "2026-08-30T13:23:51.585566Z"}
HTTP Request: GET https://jurisprudencia.cc.gob.gt/Sentencias/806540.1538-2005.pdf "HTTP/1.1 200 OK"
{"url": "https://jurisprudencia.cc.gob.gt/Sentencias/806540.1538-2005.pdf", "status": 200, "bytes": 168183, "outcome": "ok", "attempts": 1, "event": "http", "level": "info", "timestamp": "2026-08-30T13:23:53.905673Z"}
HTTP Request: GET https://jurisprudencia.cc.gob.gt/Sentencias/828849.3300-2014.pdf "HTTP/1.1 200 OK"
{"url": "https://jurisprudencia.cc.gob.gt/Sentencias/828849.3300-2014.pdf", "status": 200, "bytes": 77208, "outcome": "ok", "attempts": 1, "event": "http", "level": "info", "timestamp": "2026-08-30T13:23:56.206615Z"}
HTTP Request: GET https://jurisprudencia.cc.gob.gt/Sentencias/828677.4838-2013%20y%204965-2013.pdf "HTTP/1.1 200 OK"
{"url": "https://jurisprudencia.cc.gob.gt/Sentencias/828677.4838-2013%20y%204965-2013.pdf", "status": 200, "bytes": 95333, "outcome": "ok", "attempts": 1, "event": "http", "level": "info", "timestamp": "2026-08-30T13:23:58.608699Z"}
HTTP Request: GET https://jurisprudencia.cc.gob.gt/Sentencias/848786.3406-2021.pdf "HTTP/1.1 200 OK"
{"url": "https://jurisprudencia.cc.gob.gt/Sentencias/848786.3406-2021.pdf", "status": 200, "bytes": 468457, "outcome": "ok", "attempts": 1, "event": "http", "level": "info", "timestamp": "2026-08-30T13:24:00.357296Z"}
HTTP Request: GET https://jurisprudencia.cc.gob.gt/Sentencias/851848.6117-2022.pdf "HTTP/1.1 200 OK"
{"url": "https://jurisprudencia.cc.gob.gt/Sentencias/851848.6117-2022.pdf", "status": 200, "bytes": 772951, "outcome": "ok", "attempts": 1, "event": "http", "level": "info", "timestamp": "2026-08-30T13:24:02.630375Z"}
HTTP Request: GET https://jurisprudencia.cc.gob.gt/Sentencias/855362.2208-2023.pdf "HTTP/1.1 200 OK"
{"url": "https://jurisprudencia.cc.gob.gt/Sentencias/855362.2208-2023.pdf", "status": 200, "bytes": 4068040, "outcome": "ok", "attempts": 1, "event": "http", "level": "info", "timestamp": "2026-08-30T13:24:04.889568Z"}
HTTP Request: GET https://jurisprudencia.cc.gob.gt/Sentencias/819376.1220-2011.pdf "HTTP/1.1 200 OK"
{"url": "https://jurisprudencia.cc.gob.gt/Sentencias/819376.1220-2011.pdf", "status": 200, "bytes": 175717, "outcome": "ok", "attempts": 1, "event": "http", "level": "info", "timestamp": "2026-08-30T13:24:06.757738Z"}
HTTP Request: GET https://jurisprudencia.cc.gob.gt/Sentencias/803013.2171-2007.pdf "HTTP/1.1 200 OK"
{"url": "https://jurisprudencia.cc.gob.gt/Sentencias/803013.2171-2007.pdf", "status": 200, "bytes": 156248, "outcome": "ok", "attempts": 1, "event": "http", "level": "info", "timestamp": "2026-08-30T13:24:08.951752Z"}
HTTP Request: GET https://jurisprudencia.cc.gob.gt/Sentencias/836894.2897-2017.pdf "HTTP/1.1 200 OK"
{"url": "https://jurisprudencia.cc.gob.gt/Sentencias/836894.2897-2017.pdf", "status": 200, "bytes": 392352, "outcome": "ok", "attempts": 1, "event": "http", "level": "info", "timestamp": "2026-08-30T13:24:11.269438Z"}
HTTP Request: GET https://jurisprudencia.cc.gob.gt/Sentencias/835467.2494-2014.pdf "HTTP/1.1 200 OK"
{"url": "https://jurisprudencia.cc.gob.gt/Sentencias/835467.2494-2014.pdf", "status": 200, "bytes": 163702, "outcome": "ok", "attempts": 1, "event": "http", "level": "info", "timestamp": "2026-08-30T13:24:13.334430Z"}
HTTP Request: GET https://jurisprudencia.cc.gob.gt/Sentencias/858704.1007-2023.pdf "HTTP/1.1 200 OK"
{"url": "https://jurisprudencia.cc.gob.gt/Sentencias/858704.1007-2023.pdf", "status": 200, "bytes": 3940399, "outcome": "ok", "attempts": 1, "event": "http", "level": "info", "timestamp": "2026-08-30T13:24:15.428676Z"}
HTTP Request: GET https://jurisprudencia.cc.gob.gt/Sentencias/854361.7049-2022.pdf "HTTP/1.1 200 OK"
{"url": "https://jurisprudencia.cc.gob.gt/Sentencias/854361.7049-2022.pdf", "status": 200, "bytes": 3825565, "outcome": "ok", "attempts": 1, "event": "http", "level": "info", "timestamp": "2026-08-30T13:24:18.518644Z"}
HTTP Request: GET https://jurisprudencia.cc.gob.gt/Sentencias/856838.6375-2023.pdf "HTTP/1.1 200 OK"
{"url": "https://jurisprudencia.cc.gob.gt/Sentencias/856838.6375-2023.pdf", "status": 200, "bytes": 3862275, "outcome": "ok", "attempts": 1, "event": "http", "level": "info", "timestamp": "2026-08-30T13:24:19.405705Z"}
HTTP Request: GET https://jurisprudencia.cc.gob.gt/Sentencias/848078.2851-2021.pdf "HTTP/1.1 200 OK"
{"url": "https://jurisprudencia.cc.gob.gt/Sentencias/848078.2851-2021.pdf", "status": 200, "bytes": 452963, "outcome": "ok", "attempts": 1, "event": "http", "level": "info", "timestamp": "2026-08-30T13:24:21.247428Z"}
HTTP Request: GET https://jurisprudencia.cc.gob.gt/Sentencias/822171.4213-2012%20y%204217-2012.pdf "HTTP/1.1 200 OK"
{"url": "https://jurisprudencia.cc.gob.gt/Sentencias/822171.4213-2012%20y%204217-2012.pdf", "status": 200, "bytes": 183754, "outcome": "ok", "attempts": 1, "event": "http", "level": "info", "timestamp": "2026-08-30T13:24:22.892566Z"}
HTTP Request: GET https://jurisprudencia.cc.gob.gt/Sentencias/842781.5780-2018.pdf "HTTP/1.1 200 OK"
{"url": "https://jurisprudencia.cc.gob.gt/Sentencias/842781.5780-2018.pdf", "status": 200, "bytes": 416379, "outcome": "ok", "attempts": 1, "event": "http", "level": "info", "timestamp": "2026-08-30T13:24:24.662287Z"}
HTTP Request: GET https://jurisprudencia.cc.gob.gt/Sentencias/852814.1359-2023.pdf "HTTP/1.1 200 OK"
{"url": "https://jurisprudencia.cc.gob.gt/Sentencias/852814.1359-2023.pdf", "status": 200, "bytes": 753456, "outcome": "ok", "attempts": 1, "event": "http", "level": "info", "timestamp": "2026-08-30T13:24:26.570418Z"}
HTTP Request: GET https://jurisprudencia.cc.gob.gt/Sentencias/837391.1375-2017.pdf "HTTP/1.1 200 OK"
{"url": "https://jurisprudencia.cc.gob.gt/Sentencias/837391.1375-2017.pdf", "status": 200, "bytes": 314908, "outcome": "ok", "attempts": 1, "event": "http", "level": "info", "timestamp": "2026-08-30T13:24:28.742487Z"}
HTTP Request: GET https://jurisprudencia.cc.gob.gt/Sentencias/845551.6958-2019.pdf "HTTP/1.1 200 OK"
{"url": "https://jurisprudencia.cc.gob.gt/Sentencias/845551.6958-2019.pdf", "status": 200, "bytes": 360295, "outcome": "ok", "attempts": 1, "event": "http", "level": "info", "timestamp": "2026-08-30T13:24:30.920554Z"}
HTTP Request: GET https://jurisprudencia.cc.gob.gt/Sentencias/799533.1034-2004.pdf "HTTP/1.1 200 OK"
{"url": "https://jurisprudencia.cc.gob.gt/Sentencias/799533.1034-2004.pdf", "status": 200, "bytes": 129860, "outcome": "ok", "attempts": 1, "event": "http", "level": "info", "timestamp": "2026-08-30T13:24:32.774339Z"}
HTTP Request: GET https://jurisprudencia.cc.gob.gt/Sentencias/838724.5741-2016.pdf "HTTP/1.1 200 OK"
{"url": "https://jurisprudencia.cc.gob.gt/Sentencias/838724.5741-2016.pdf", "status": 200, "bytes": 225775, "outcome": "ok", "attempts": 1, "event": "http", "level": "info", "timestamp": "2026-08-30T13:24:34.888633Z"}
HTTP Request: GET https://jurisprudencia.cc.gob.gt/Sentencias/828975.4826-2014.pdf "HTTP/1.1 200 OK"
{"url": "https://jurisprudencia.cc.gob.gt/Sentencias/828975.4826-2014.pdf", "status": 200, "bytes": 129661, "outcome": "ok", "attempts": 1, "event": "http", "level": "info", "timestamp": "2026-08-30T13:24:36.433695Z"}
HTTP Request: GET https://jurisprudencia.cc.gob.gt/Sentencias/802848.1256-2007.pdf "HTTP/1.1 200 OK"
{"url": "https://jurisprudencia.cc.gob.gt/Sentencias/802848.1256-2007.pdf", "status": 200, "bytes": 140262, "outcome": "ok", "attempts": 1, "event": "http", "level": "info", "timestamp": "2026-08-30T13:24:38.370014Z"}
HTTP Request: GET https://jurisprudencia.cc.gob.gt/Sentencias/827158.5668-2014.pdf "HTTP/1.1 200 OK"
{"url": "https://jurisprudencia.cc.gob.gt/Sentencias/827158.5668-2014.pdf", "status": 200, "bytes": 178094, "outcome": "ok", "attempts": 1, "event": "http", "level": "info", "timestamp": "2026-08-30T13:24:40.630966Z"}
HTTP Request: GET https://jurisprudencia.cc.gob.gt/Sentencias/806606.1099-2005.pdf "HTTP/1.1 200 OK"
{"url": "https://jurisprudencia.cc.gob.gt/Sentencias/806606.1099-2005.pdf", "status": 200, "bytes": 96276, "outcome": "ok", "attempts": 1, "event": "http", "level": "info", "timestamp": "2026-08-30T13:24:42.485609Z"}
HTTP Request: GET https://jurisprudencia.cc.gob.gt/Sentencias/818794.3597-2011.pdf "HTTP/1.1 200 OK"
{"url": "https://jurisprudencia.cc.gob.gt/Sentencias/818794.3597-2011.pdf", "status": 200, "bytes": 184588, "outcome": "ok", "attempts": 1, "event": "http", "level": "info", "timestamp": "2026-08-30T13:24:44.421986Z"}
HTTP Request: GET https://jurisprudencia.cc.gob.gt/Sentencias/839522.718-2018.pdf "HTTP/1.1 200 OK"
{"url": "https://jurisprudencia.cc.gob.gt/Sentencias/839522.718-2018.pdf", "status": 200, "bytes": 502527, "outcome": "ok", "attempts": 1, "event": "http", "level": "info", "timestamp": "2026-08-30T13:24:46.501471Z"}
HTTP Request: GET https://jurisprudencia.cc.gob.gt/Sentencias/855742.3694-2022.pdf "HTTP/1.1 200 OK"
{"url": "https://jurisprudencia.cc.gob.gt/Sentencias/855742.3694-2022.pdf", "status": 200, "bytes": 3933435, "outcome": "ok", "attempts": 1, "event": "http", "level": "info", "timestamp": "2026-08-30T13:24:48.588772Z"}
HTTP Request: GET https://jurisprudencia.cc.gob.gt/Sentencias/798367.181-2003.pdf "HTTP/1.1 200 OK"
{"url": "https://jurisprudencia.cc.gob.gt/Sentencias/798367.181-2003.pdf", "status": 200, "bytes": 121158, "outcome": "ok", "attempts": 1, "event": "http", "level": "info", "timestamp": "2026-08-30T13:24:50.226711Z"}
HTTP Request: GET https://jurisprudencia.cc.gob.gt/Sentencias/798428.812-2003.pdf "HTTP/1.1 200 OK"
{"url": "https://jurisprudencia.cc.gob.gt/Sentencias/798428.812-2003.pdf", "status": 200, "bytes": 238501, "outcome": "ok", "attempts": 1, "event": "http", "level": "info", "timestamp": "2026-08-30T13:24:52.606985Z"}
HTTP Request: GET https://jurisprudencia.cc.gob.gt/Sentencias/850635.6225-2021.pdf "HTTP/1.1 200 OK"
{"url": "https://jurisprudencia.cc.gob.gt/Sentencias/850635.6225-2021.pdf", "status": 200, "bytes": 1206840, "outcome": "ok", "attempts": 1, "event": "http", "level": "info", "timestamp": "2026-08-30T13:24:54.093436Z"}
HTTP Request: GET https://jurisprudencia.cc.gob.gt/Sentencias/824487.3144-2013.pdf "HTTP/1.1 200 OK"
{"url": "https://jurisprudencia.cc.gob.gt/Sentencias/824487.3144-2013.pdf", "status": 200, "bytes": 171355, "outcome": "ok", "attempts": 1, "event": "http", "level": "info", "timestamp": "2026-08-30T13:24:55.778809Z"}
HTTP Request: GET https://jurisprudencia.cc.gob.gt/Sentencias/849839.2348-2021%20y%202420-2021.pdf "HTTP/1.1 200 OK"
{"url": "https://jurisprudencia.cc.gob.gt/Sentencias/849839.2348-2021%20y%202420-2021.pdf", "status": 200, "bytes": 284653, "outcome": "ok", "attempts": 1, "event": "http", "level": "info", "timestamp": "2026-08-30T13:24:57.719388Z"}
HTTP Request: GET https://jurisprudencia.cc.gob.gt/Sentencias/798072.72-2003.pdf "HTTP/1.1 200 OK"
{"url": "https://jurisprudencia.cc.gob.gt/Sentencias/798072.72-2003.pdf", "status": 200, "bytes": 118393, "outcome": "ok", "attempts": 1, "event": "http", "level": "info", "timestamp": "2026-08-30T13:24:59.468559Z"}
HTTP Request: GET https://jurisprudencia.cc.gob.gt/Sentencias/838031.4993-2017.pdf "HTTP/1.1 200 OK"
{"url": "https://jurisprudencia.cc.gob.gt/Sentencias/838031.4993-2017.pdf", "status": 200, "bytes": 323000, "outcome": "ok", "attempts": 1, "event": "http", "level": "info", "timestamp": "2026-08-30T13:25:01.363475Z"}
HTTP Request: GET https://jurisprudencia.cc.gob.gt/Sentencias/821083.2666-2012.pdf "HTTP/1.1 200 OK"
{"url": "https://jurisprudencia.cc.gob.gt/Sentencias/821083.2666-2012.pdf", "status": 200, "bytes": 146128, "outcome": "ok", "attempts": 1, "event": "http", "level": "info", "timestamp": "2026-08-30T13:25:03.131884Z"}
HTTP Request: GET https://jurisprudencia.cc.gob.gt/Sentencias/841056.4852-2018.pdf "HTTP/1.1 200 OK"
{"url": "https://jurisprudencia.cc.gob.gt/Sentencias/841056.4852-2018.pdf", "status": 200, "bytes": 486588, "outcome": "ok", "attempts": 1, "event": "http", "level": "info", "timestamp": "2026-08-30T13:25:05.305277Z"}
HTTP Request: GET https://jurisprudencia.cc.gob.gt/Sentencias/831218.5102-2015.pdf "HTTP/1.1 200 OK"
{"url": "https://jurisprudencia.cc.gob.gt/Sentencias/831218.5102-2015.pdf", "status": 200, "bytes": 288087, "outcome": "ok", "attempts": 1, "event": "http", "level": "info", "timestamp": "2026-08-30T13:25:07.022681Z"}
HTTP Request: GET https://jurisprudencia.cc.gob.gt/Sentencias/798327.1215-2003.pdf "HTTP/1.1 200 OK"
{"url": "https://jurisprudencia.cc.gob.gt/Sentencias/798327.1215-2003.pdf", "status": 200, "bytes": 117520, "outcome": "ok", "attempts": 1, "event": "http", "level": "info", "timestamp": "2026-08-30T13:25:09.247785Z"}
HTTP Request: GET https://jurisprudencia.cc.gob.gt/Sentencias/842136.3102-2018.pdf "HTTP/1.1 200 OK"
{"url": "https://jurisprudencia.cc.gob.gt/Sentencias/842136.3102-2018.pdf", "status": 200, "bytes": 437317, "outcome": "ok", "attempts": 1, "event": "http", "level": "info", "timestamp": "2026-08-30T13:25:11.205634Z"}
{"url": "https://jurisprudencia.cc.gob.gt/Sentencias/812347.3146-2007.pdf", "from_cache": true, "outcome": "ok", "event": "http", "level": "info", "timestamp": "2026-08-30T13:25:11.275990Z"}
HTTP Request: GET https://jurisprudencia.cc.gob.gt/Sentencias/844685.5219-2019.pdf "HTTP/1.1 200 OK"
{"url": "https://jurisprudencia.cc.gob.gt/Sentencias/844685.5219-2019.pdf", "status": 200, "bytes": 382665, "outcome": "ok", "attempts": 1, "event": "http", "level": "info", "timestamp": "2026-08-30T13:25:13.524739Z"}
{"procesados": 300, "por_regla": 279, "event": "avance", "level": "info", "timestamp": "2026-08-30T13:25:13.612485Z"}
HTTP Request: GET https://jurisprudencia.cc.gob.gt/Sentencias/811090.3731-2008.pdf "HTTP/1.1 200 OK"
{"url": "https://jurisprudencia.cc.gob.gt/Sentencias/811090.3731-2008.pdf", "status": 200, "bytes": 151593, "outcome": "ok", "attempts": 1, "event": "http", "level": "info", "timestamp": "2026-08-30T13:25:15.797516Z"}
HTTP Request: GET https://jurisprudencia.cc.gob.gt/Sentencias/853830.913-2023.pdf "HTTP/1.1 200 OK"
{"url": "https://jurisprudencia.cc.gob.gt/Sentencias/853830.913-2023.pdf", "status": 200, "bytes": 3970144, "outcome": "ok", "attempts": 1, "event": "http", "level": "info", "timestamp": "2026-08-30T13:25:17.809313Z"}
HTTP Request: GET https://jurisprudencia.cc.gob.gt/Sentencias/846957.7210-2019.pdf "HTTP/1.1 200 OK"
{"url": "https://jurisprudencia.cc.gob.gt/Sentencias/846957.7210-2019.pdf", "status": 200, "bytes": 349469, "outcome": "ok", "attempts": 1, "event": "http", "level": "info", "timestamp": "2026-08-30T13:25:19.721572Z"}
HTTP Request: GET https://jurisprudencia.cc.gob.gt/Sentencias/821064.2042-2012.pdf "HTTP/1.1 200 OK"
{"url": "https://jurisprudencia.cc.gob.gt/Sentencias/821064.2042-2012.pdf", "status": 200, "bytes": 143344, "outcome": "ok", "attempts": 1, "event": "http", "level": "info", "timestamp": "2026-08-30T13:25:22.056271Z"}
HTTP Request: GET https://jurisprudencia.cc.gob.gt/Sentencias/827471.5063-2014.pdf "HTTP/1.1 200 OK"
{"url": "https://jurisprudencia.cc.gob.gt/Sentencias/827471.5063-2014.pdf", "status": 200, "bytes": 131684, "outcome": "ok", "attempts": 1, "event": "http", "level": "info", "timestamp": "2026-08-30T13:25:23.716202Z"}
HTTP Request: GET https://jurisprudencia.cc.gob.gt/Sentencias/835230.2828-2015.pdf "HTTP/1.1 200 OK"
{"url": "https://jurisprudencia.cc.gob.gt/Sentencias/835230.2828-2015.pdf", "status": 200, "bytes": 195152, "outcome": "ok", "attempts": 1, "event": "http", "level": "info", "timestamp": "2026-08-30T13:25:25.650196Z"}
HTTP Request: GET https://jurisprudencia.cc.gob.gt/Sentencias/841037.3752-2018.pdf "HTTP/1.1 200 OK"
{"url": "https://jurisprudencia.cc.gob.gt/Sentencias/841037.3752-2018.pdf", "status": 200, "bytes": 399787, "outcome": "ok", "attempts": 1, "event": "http", "level": "info", "timestamp": "2026-08-30T13:25:27.928830Z"}
HTTP Request: GET https://jurisprudencia.cc.gob.gt/Sentencias/854875.3692-2022.pdf "HTTP/1.1 200 OK"
{"url": "https://jurisprudencia.cc.gob.gt/Sentencias/854875.3692-2022.pdf", "status": 200, "bytes": 3977366, "outcome": "ok", "attempts": 1, "event": "http", "level": "info", "timestamp": "2026-08-30T13:25:30.645940Z"}
HTTP Request: GET https://jurisprudencia.cc.gob.gt/Sentencias/836351.2636-2013.pdf "HTTP/1.1 200 OK"
{"url": "https://jurisprudencia.cc.gob.gt/Sentencias/836351.2636-2013.pdf", "status": 200, "bytes": 295543, "outcome": "ok", "attempts": 1, "event": "http", "level": "info", "timestamp": "2026-08-30T13:25:32.233595Z"}
HTTP Request: GET https://jurisprudencia.cc.gob.gt/Sentencias/844985.462-2020.pdf "HTTP/1.1 200 OK"
{"url": "https://jurisprudencia.cc.gob.gt/Sentencias/844985.462-2020.pdf", "status": 200, "bytes": 329698, "outcome": "ok", "attempts": 1, "event": "http", "level": "info", "timestamp": "2026-08-30T13:25:34.331830Z"}
HTTP Request: GET https://jurisprudencia.cc.gob.gt/Sentencias/816951.3431-2009.pdf "HTTP/1.1 200 OK"
{"url": "https://jurisprudencia.cc.gob.gt/Sentencias/816951.3431-2009.pdf", "status": 200, "bytes": 150517, "outcome": "ok", "attempts": 1, "event": "http", "level": "info", "timestamp": "2026-08-30T13:25:36.276164Z"}
HTTP Request: GET https://jurisprudencia.cc.gob.gt/Sentencias/839901.1497-2018.pdf "HTTP/1.1 200 OK"
{"url": "https://jurisprudencia.cc.gob.gt/Sentencias/839901.1497-2018.pdf", "status": 200, "bytes": 410260, "outcome": "ok", "attempts": 1, "event": "http", "level": "info", "timestamp": "2026-08-30T13:25:38.505954Z"}
HTTP Request: GET https://jurisprudencia.cc.gob.gt/Sentencias/855194.4473-2023.pdf "HTTP/1.1 200 OK"
{"url": "https://jurisprudencia.cc.gob.gt/Sentencias/855194.4473-2023.pdf", "status": 200, "bytes": 3946503, "outcome": "ok", "attempts": 1, "event": "http", "level": "info", "timestamp": "2026-08-30T13:25:40.905148Z"}
HTTP Request: GET https://jurisprudencia.cc.gob.gt/Sentencias/846829.3999-2020.pdf "HTTP/1.1 200 OK"
{"url": "https://jurisprudencia.cc.gob.gt/Sentencias/846829.3999-2020.pdf", "status": 200, "bytes": 322149, "outcome": "ok", "attempts": 1, "event": "http", "level": "info", "timestamp": "2026-08-30T13:25:42.324584Z"}
HTTP Request: GET https://jurisprudencia.cc.gob.gt/Sentencias/829031.1737-2015.pdf "HTTP/1.1 200 OK"
{"url": "https://jurisprudencia.cc.gob.gt/Sentencias/829031.1737-2015.pdf", "status": 200, "bytes": 171087, "outcome": "ok", "attempts": 1, "event": "http", "level": "info", "timestamp": "2026-08-30T13:25:43.971055Z"}
HTTP Request: GET https://jurisprudencia.cc.gob.gt/Sentencias/847629.1185-2021.pdf "HTTP/1.1 200 OK"
{"url": "https://jurisprudencia.cc.gob.gt/Sentencias/847629.1185-2021.pdf", "status": 200, "bytes": 398877, "outcome": "ok", "attempts": 1, "event": "http", "level": "info", "timestamp": "2026-08-30T13:25:46.314358Z"}
HTTP Request: GET https://jurisprudencia.cc.gob.gt/Sentencias/856191.4230-2023.pdf "HTTP/1.1 200 OK"
{"url": "https://jurisprudencia.cc.gob.gt/Sentencias/856191.4230-2023.pdf", "status": 200, "bytes": 4052855, "outcome": "ok", "attempts": 1, "event": "http", "level": "info", "timestamp": "2026-08-30T13:25:48.246326Z"}
HTTP Request: GET https://jurisprudencia.cc.gob.gt/Sentencias/814506.4225-2009.pdf "HTTP/1.1 200 OK"
{"url": "https://jurisprudencia.cc.gob.gt/Sentencias/814506.4225-2009.pdf", "status": 200, "bytes": 185816, "outcome": "ok", "attempts": 1, "event": "http", "level": "info", "timestamp": "2026-08-30T13:25:49.808084Z"}
HTTP Request: GET https://jurisprudencia.cc.gob.gt/Sentencias/805719.1884-2004.pdf "HTTP/1.1 200 OK"
{"url": "https://jurisprudencia.cc.gob.gt/Sentencias/805719.1884-2004.pdf", "status": 200, "bytes": 93368, "outcome": "ok", "attempts": 1, "event": "http", "level": "info", "timestamp": "2026-08-30T13:25:51.503938Z"}
HTTP Request: GET https://jurisprudencia.cc.gob.gt/Sentencias/854795.6064-2023.pdf "HTTP/1.1 200 OK"
{"url": "https://jurisprudencia.cc.gob.gt/Sentencias/854795.6064-2023.pdf", "status": 200, "bytes": 3794741, "outcome": "ok", "attempts": 1, "event": "http", "level": "info", "timestamp": "2026-08-30T13:25:54.583325Z"}
HTTP Request: GET https://jurisprudencia.cc.gob.gt/Sentencias/807597.267-2006.pdf "HTTP/1.1 200 OK"
{"url": "https://jurisprudencia.cc.gob.gt/Sentencias/807597.267-2006.pdf", "status": 200, "bytes": 236483, "outcome": "ok", "attempts": 1, "event": "http", "level": "info", "timestamp": "2026-08-30T13:25:55.578580Z"}
HTTP Request: GET https://jurisprudencia.cc.gob.gt/Sentencias/834662.5142-2014.pdf "HTTP/1.1 200 OK"
{"url": "https://jurisprudencia.cc.gob.gt/Sentencias/834662.5142-2014.pdf", "status": 200, "bytes": 159025, "outcome": "ok", "attempts": 1, "event": "http", "level": "info", "timestamp": "2026-08-30T13:25:57.629255Z"}
HTTP Request: GET https://jurisprudencia.cc.gob.gt/Sentencias/847567.4373-2020.pdf "HTTP/1.1 200 OK"
{"url": "https://jurisprudencia.cc.gob.gt/Sentencias/847567.4373-2020.pdf", "status": 200, "bytes": 319459, "outcome": "ok", "attempts": 1, "event": "http", "level": "info", "timestamp": "2026-08-30T13:25:59.698692Z"}
HTTP Request: GET https://jurisprudencia.cc.gob.gt/Sentencias/850258.1210-2022.pdf "HTTP/1.1 200 OK"
{"url": "https://jurisprudencia.cc.gob.gt/Sentencias/850258.1210-2022.pdf", "status": 200, "bytes": 1386878, "outcome": "ok", "attempts": 1, "event": "http", "level": "info", "timestamp": "2026-08-30T13:26:01.916189Z"}
HTTP Request: GET https://jurisprudencia.cc.gob.gt/Sentencias/826189.2522-2014.pdf "HTTP/1.1 200 OK"
{"url": "https://jurisprudencia.cc.gob.gt/Sentencias/826189.2522-2014.pdf", "status": 200, "bytes": 124186, "outcome": "ok", "attempts": 1, "event": "http", "level": "info", "timestamp": "2026-08-30T13:26:03.850199Z"}
HTTP Request: GET https://jurisprudencia.cc.gob.gt/Sentencias/851715.4366-2022.pdf "HTTP/1.1 200 OK"
{"url": "https://jurisprudencia.cc.gob.gt/Sentencias/851715.4366-2022.pdf", "status": 200, "bytes": 736102, "outcome": "ok", "attempts": 1, "event": "http", "level": "info", "timestamp": "2026-08-30T13:26:05.831692Z"}
HTTP Request: GET https://jurisprudencia.cc.gob.gt/Sentencias/832373.5217-2014.pdf "HTTP/1.1 200 OK"
{"url": "https://jurisprudencia.cc.gob.gt/Sentencias/832373.5217-2014.pdf", "status": 200, "bytes": 255177, "outcome": "ok", "attempts": 1, "event": "http", "level": "info", "timestamp": "2026-08-30T13:26:08.022021Z"}
HTTP Request: GET https://jurisprudencia.cc.gob.gt/Sentencias/852687.6138-2022%20y%206189-2022.pdf "HTTP/1.1 200 OK"
{"url": "https://jurisprudencia.cc.gob.gt/Sentencias/852687.6138-2022%20y%206189-2022.pdf", "status": 200, "bytes": 842695, "outcome": "ok", "attempts": 1, "event": "http", "level": "info", "timestamp": "2026-08-30T13:26:09.831088Z"}
HTTP Request: GET https://jurisprudencia.cc.gob.gt/Sentencias/834507.5707-2016.pdf "HTTP/1.1 200 OK"
{"url": "https://jurisprudencia.cc.gob.gt/Sentencias/834507.5707-2016.pdf", "status": 200, "bytes": 276515, "outcome": "ok", "attempts": 1, "event": "http", "level": "info", "timestamp": "2026-08-30T13:26:12.119976Z"}
HTTP Request: GET https://jurisprudencia.cc.gob.gt/Sentencias/851284.6169-2021.pdf "HTTP/1.1 200 OK"
{"url": "https://jurisprudencia.cc.gob.gt/Sentencias/851284.6169-2021.pdf", "status": 200, "bytes": 797512, "outcome": "ok", "attempts": 1, "event": "http", "level": "info", "timestamp": "2026-08-30T13:26:13.940757Z"}
HTTP Request: GET https://jurisprudencia.cc.gob.gt/Sentencias/823213.4608-2012.pdf "HTTP/1.1 200 OK"
{"url": "https://jurisprudencia.cc.gob.gt/Sentencias/823213.4608-2012.pdf", "status": 200, "bytes": 196164, "outcome": "ok", "attempts": 1, "event": "http", "level": "info", "timestamp": "2026-08-30T13:26:15.993536Z"}
HTTP Request: GET https://jurisprudencia.cc.gob.gt/Sentencias/846841.4392-2019.pdf "HTTP/1.1 200 OK"
{"url": "https://jurisprudencia.cc.gob.gt/Sentencias/846841.4392-2019.pdf", "status": 200, "bytes": 392282, "outcome": "ok", "attempts": 1, "event": "http", "level": "info", "timestamp": "2026-08-30T13:26:17.644191Z"}
HTTP Request: GET https://jurisprudencia.cc.gob.gt/Sentencias/821582.1228-2012.pdf "HTTP/1.1 200 OK"
{"url": "https://jurisprudencia.cc.gob.gt/Sentencias/821582.1228-2012.pdf", "status": 200, "bytes": 191956, "outcome": "ok", "attempts": 1, "event": "http", "level": "info", "timestamp": "2026-08-30T13:26:19.881500Z"}
{"url": "https://jurisprudencia.cc.gob.gt/Sentencias/811206.3335-2008.pdf", "from_cache": true, "outcome": "ok", "event": "http", "level": "info", "timestamp": "2026-08-30T13:26:19.944436Z"}
HTTP Request: GET https://jurisprudencia.cc.gob.gt/Sentencias/843245.5689-2018.pdf "HTTP/1.1 200 OK"
{"url": "https://jurisprudencia.cc.gob.gt/Sentencias/843245.5689-2018.pdf", "status": 200, "bytes": 583788, "outcome": "ok", "attempts": 1, "event": "http", "level": "info", "timestamp": "2026-08-30T13:26:22.057946Z"}
HTTP Request: GET https://jurisprudencia.cc.gob.gt/Sentencias/839285.322-2017.pdf "HTTP/1.1 200 OK"
{"url": "https://jurisprudencia.cc.gob.gt/Sentencias/839285.322-2017.pdf", "status": 200, "bytes": 158480, "outcome": "ok", "attempts": 1, "event": "http", "level": "info", "timestamp": "2026-08-30T13:26:24.310416Z"}
HTTP Request: GET https://jurisprudencia.cc.gob.gt/Sentencias/828105.342-2015.pdf "HTTP/1.1 200 OK"
{"url": "https://jurisprudencia.cc.gob.gt/Sentencias/828105.342-2015.pdf", "status": 200, "bytes": 84787, "outcome": "ok", "attempts": 1, "event": "http", "level": "info", "timestamp": "2026-08-30T13:26:26.320417Z"}
HTTP Request: GET https://jurisprudencia.cc.gob.gt/Sentencias/854468.4916-2023.pdf "HTTP/1.1 200 OK"
{"url": "https://jurisprudencia.cc.gob.gt/Sentencias/854468.4916-2023.pdf", "status": 200, "bytes": 3199198, "outcome": "ok", "attempts": 1, "event": "http", "level": "info", "timestamp": "2026-08-30T13:26:29.246100Z"}
HTTP Request: GET https://jurisprudencia.cc.gob.gt/Sentencias/822339.3685-2012.pdf "HTTP/1.1 200 OK"
{"url": "https://jurisprudencia.cc.gob.gt/Sentencias/822339.3685-2012.pdf", "status": 200, "bytes": 194810, "outcome": "ok", "attempts": 1, "event": "http", "level": "info", "timestamp": "2026-08-30T13:26:30.259066Z"}
HTTP Request: GET https://jurisprudencia.cc.gob.gt/Sentencias/807614.245-2006.pdf "HTTP/1.1 200 OK"
{"url": "https://jurisprudencia.cc.gob.gt/Sentencias/807614.245-2006.pdf", "status": 200, "bytes": 142410, "outcome": "ok", "attempts": 1, "event": "http", "level": "info", "timestamp": "2026-08-30T13:26:32.085532Z"}
HTTP Request: GET https://jurisprudencia.cc.gob.gt/Sentencias/842948.6119-2018.pdf "HTTP/1.1 200 OK"
{"url": "https://jurisprudencia.cc.gob.gt/Sentencias/842948.6119-2018.pdf", "status": 200, "bytes": 477319, "outcome": "ok", "attempts": 1, "event": "http", "level": "info", "timestamp": "2026-08-30T13:26:33.933428Z"}
HTTP Request: GET https://jurisprudencia.cc.gob.gt/Sentencias/846498.2971-2020.pdf "HTTP/1.1 200 OK"
{"url": "https://jurisprudencia.cc.gob.gt/Sentencias/846498.2971-2020.pdf", "status": 200, "bytes": 359844, "outcome": "ok", "attempts": 1, "event": "http", "level": "info", "timestamp": "2026-08-30T13:26:35.661590Z"}
HTTP Request: GET https://jurisprudencia.cc.gob.gt/Sentencias/846610.2751-2020.pdf "HTTP/1.1 200 OK"
{"url": "https://jurisprudencia.cc.gob.gt/Sentencias/846610.2751-2020.pdf", "status": 200, "bytes": 369106, "outcome": "ok", "attempts": 1, "event": "http", "level": "info", "timestamp": "2026-08-30T13:26:37.897295Z"}
HTTP Request: GET https://jurisprudencia.cc.gob.gt/Sentencias/802216.970-2006.pdf "HTTP/1.1 200 OK"
{"url": "https://jurisprudencia.cc.gob.gt/Sentencias/802216.970-2006.pdf", "status": 200, "bytes": 153654, "outcome": "ok", "attempts": 1, "event": "http", "level": "info", "timestamp": "2026-08-30T13:26:39.674632Z"}
HTTP Request: GET https://jurisprudencia.cc.gob.gt/Sentencias/821081.2628-2012.pdf "HTTP/1.1 200 OK"
{"url": "https://jurisprudencia.cc.gob.gt/Sentencias/821081.2628-2012.pdf", "status": 200, "bytes": 196257, "outcome": "ok", "attempts": 1, "event": "http", "level": "info", "timestamp": "2026-08-30T13:26:41.508471Z"}
HTTP Request: GET https://jurisprudencia.cc.gob.gt/Sentencias/851978.4180-2022%20y%204217-2022.pdf "HTTP/1.1 200 OK"
{"url": "https://jurisprudencia.cc.gob.gt/Sentencias/851978.4180-2022%20y%204217-2022.pdf", "status": 200, "bytes": 797801, "outcome": "ok", "attempts": 1, "event": "http", "level": "info", "timestamp": "2026-08-30T13:26:43.256279Z"}
HTTP Request: GET https://jurisprudencia.cc.gob.gt/Sentencias/856234.5291-2023.pdf "HTTP/1.1 200 OK"
{"url": "https://jurisprudencia.cc.gob.gt/Sentencias/856234.5291-2023.pdf", "status": 200, "bytes": 3932269, "outcome": "ok", "attempts": 1, "event": "http", "level": "info", "timestamp": "2026-08-30T13:26:45.456741Z"}
HTTP Request: GET https://jurisprudencia.cc.gob.gt/Sentencias/842963.3374-2017.pdf "HTTP/1.1 200 OK"
{"url": "https://jurisprudencia.cc.gob.gt/Sentencias/842963.3374-2017.pdf", "status": 200, "bytes": 499987, "outcome": "ok", "attempts": 1, "event": "http", "level": "info", "timestamp": "2026-08-30T13:26:47.273958Z"}
HTTP Request: GET https://jurisprudencia.cc.gob.gt/Sentencias/790365.2826-2004.pdf "HTTP/1.1 200 OK"
{"url": "https://jurisprudencia.cc.gob.gt/Sentencias/790365.2826-2004.pdf", "status": 200, "bytes": 133225, "outcome": "ok", "attempts": 1, "event": "http", "level": "info", "timestamp": "2026-08-30T13:26:48.881411Z"}
HTTP Request: GET https://jurisprudencia.cc.gob.gt/Sentencias/812354.180-2008.pdf "HTTP/1.1 200 OK"
{"url": "https://jurisprudencia.cc.gob.gt/Sentencias/812354.180-2008.pdf", "status": 200, "bytes": 229589, "outcome": "ok", "attempts": 1, "event": "http", "level": "info", "timestamp": "2026-08-30T13:26:51.298758Z"}
HTTP Request: GET https://jurisprudencia.cc.gob.gt/Sentencias/824243.4320-2013.pdf "HTTP/1.1 200 OK"
{"url": "https://jurisprudencia.cc.gob.gt/Sentencias/824243.4320-2013.pdf", "status": 200, "bytes": 175760, "outcome": "ok", "attempts": 1, "event": "http", "level": "info", "timestamp": "2026-08-30T13:26:53.739681Z"}
HTTP Request: GET https://jurisprudencia.cc.gob.gt/Sentencias/815221.4671%E2%80%932009.pdf "HTTP/1.1 200 OK"
{"url": "https://jurisprudencia.cc.gob.gt/Sentencias/815221.4671%E2%80%932009.pdf", "status": 200, "bytes": 138803, "outcome": "ok", "attempts": 1, "event": "http", "level": "info", "timestamp": "2026-08-30T13:26:55.499881Z"}
HTTP Request: GET https://jurisprudencia.cc.gob.gt/Sentencias/848581.1620-2021.pdf "HTTP/1.1 200 OK"
{"url": "https://jurisprudencia.cc.gob.gt/Sentencias/848581.1620-2021.pdf", "status": 200, "bytes": 340393, "outcome": "ok", "attempts": 1, "event": "http", "level": "info", "timestamp": "2026-08-30T13:26:57.440312Z"}
HTTP Request: GET https://jurisprudencia.cc.gob.gt/Sentencias/810803.4417-2009.pdf "HTTP/1.1 200 OK"
{"url": "https://jurisprudencia.cc.gob.gt/Sentencias/810803.4417-2009.pdf", "status": 200, "bytes": 168612, "outcome": "ok", "attempts": 1, "event": "http", "level": "info", "timestamp": "2026-08-30T13:26:59.453102Z"}
HTTP Request: GET https://jurisprudencia.cc.gob.gt/Sentencias/821005.1311-2012.pdf "HTTP/1.1 200 OK"
{"url": "https://jurisprudencia.cc.gob.gt/Sentencias/821005.1311-2012.pdf", "status": 200, "bytes": 186808, "outcome": "ok", "attempts": 1, "event": "http", "level": "info", "timestamp": "2026-08-30T13:27:01.856088Z"}
HTTP Request: GET https://jurisprudencia.cc.gob.gt/Sentencias/852375.5444-2022.pdf "HTTP/1.1 200 OK"
{"url": "https://jurisprudencia.cc.gob.gt/Sentencias/852375.5444-2022.pdf", "status": 200, "bytes": 793801, "outcome": "ok", "attempts": 1, "event": "http", "level": "info", "timestamp": "2026-08-30T13:27:04.025421Z"}
HTTP Request: GET https://jurisprudencia.cc.gob.gt/Sentencias/841524.5658-2018.pdf "HTTP/1.1 200 OK"
{"url": "https://jurisprudencia.cc.gob.gt/Sentencias/841524.5658-2018.pdf", "status": 200, "bytes": 576922, "outcome": "ok", "attempts": 1, "event": "http", "level": "info", "timestamp": "2026-08-30T13:27:06.078947Z"}
HTTP Request: GET https://jurisprudencia.cc.gob.gt/Sentencias/812848.3678-2007.pdf "HTTP/1.1 200 OK"
{"url": "https://jurisprudencia.cc.gob.gt/Sentencias/812848.3678-2007.pdf", "status": 200, "bytes": 158121, "outcome": "ok", "attempts": 1, "event": "http", "level": "info", "timestamp": "2026-08-30T13:27:08.083710Z"}
{"url": "https://jurisprudencia.cc.gob.gt/Sentencias/843797.3996-2019.pdf", "from_cache": true, "outcome": "ok", "event": "http", "level": "info", "timestamp": "2026-08-30T13:27:08.159271Z"}
HTTP Request: GET https://jurisprudencia.cc.gob.gt/Sentencias/847353.2617-2020.pdf "HTTP/1.1 200 OK"
{"url": "https://jurisprudencia.cc.gob.gt/Sentencias/847353.2617-2020.pdf", "status": 200, "bytes": 375786, "outcome": "ok", "attempts": 1, "event": "http", "level": "info", "timestamp": "2026-08-30T13:27:10.116310Z"}
HTTP Request: GET https://jurisprudencia.cc.gob.gt/Sentencias/821213.594-2005.pdf "HTTP/1.1 200 OK"
{"url": "https://jurisprudencia.cc.gob.gt/Sentencias/821213.594-2005.pdf", "status": 200, "bytes": 180963, "outcome": "ok", "attempts": 1, "event": "http", "level": "info", "timestamp": "2026-08-30T13:27:12.073368Z"}
HTTP Request: GET https://jurisprudencia.cc.gob.gt/Sentencias/825537.403-2012.pdf "HTTP/1.1 200 OK"
{"url": "https://jurisprudencia.cc.gob.gt/Sentencias/825537.403-2012.pdf", "status": 200, "bytes": 191255, "outcome": "ok", "attempts": 1, "event": "http", "level": "info", "timestamp": "2026-08-30T13:27:14.124518Z"}
HTTP Request: GET https://jurisprudencia.cc.gob.gt/Sentencias/812133.2000-2008.pdf "HTTP/1.1 200 OK"
{"url": "https://jurisprudencia.cc.gob.gt/Sentencias/812133.2000-2008.pdf", "status": 200, "bytes": 163452, "outcome": "ok", "attempts": 1, "event": "http", "level": "info", "timestamp": "2026-08-30T13:27:15.929999Z"}
HTTP Request: GET https://jurisprudencia.cc.gob.gt/Sentencias/820951.4648-2011.pdf "HTTP/1.1 200 OK"
{"url": "https://jurisprudencia.cc.gob.gt/Sentencias/820951.4648-2011.pdf", "status": 200, "bytes": 131727, "outcome": "ok", "attempts": 1, "event": "http", "level": "info", "timestamp": "2026-08-30T13:27:18.073746Z"}
HTTP Request: GET https://jurisprudencia.cc.gob.gt/Sentencias/851668.1173-2022.pdf "HTTP/1.1 200 OK"
{"url": "https://jurisprudencia.cc.gob.gt/Sentencias/851668.1173-2022.pdf", "status": 200, "bytes": 804029, "outcome": "ok", "attempts": 1, "event": "http", "level": "info", "timestamp": "2026-08-30T13:27:19.792595Z"}
HTTP Request: GET https://jurisprudencia.cc.gob.gt/Sentencias/829153.332-2015.pdf "HTTP/1.1 200 OK"
{"url": "https://jurisprudencia.cc.gob.gt/Sentencias/829153.332-2015.pdf", "status": 200, "bytes": 86029, "outcome": "ok", "attempts": 1, "event": "http", "level": "info", "timestamp": "2026-08-30T13:27:21.597889Z"}
{"url": "https://jurisprudencia.cc.gob.gt/Sentencias/842679.6174-2018.pdf", "from_cache": true, "outcome": "ok", "event": "http", "level": "info", "timestamp": "2026-08-30T13:27:21.670578Z"}
HTTP Request: GET https://jurisprudencia.cc.gob.gt/Sentencias/809493.620-2009.pdf "HTTP/1.1 200 OK"
{"url": "https://jurisprudencia.cc.gob.gt/Sentencias/809493.620-2009.pdf", "status": 200, "bytes": 173230, "outcome": "ok", "attempts": 1, "event": "http", "level": "info", "timestamp": "2026-08-30T13:27:24.137351Z"}
HTTP Request: GET https://jurisprudencia.cc.gob.gt/Sentencias/841050.4585-2018.pdf "HTTP/1.1 200 OK"
{"url": "https://jurisprudencia.cc.gob.gt/Sentencias/841050.4585-2018.pdf", "status": 200, "bytes": 489557, "outcome": "ok", "attempts": 1, "event": "http", "level": "info", "timestamp": "2026-08-30T13:27:26.362139Z"}
HTTP Request: GET https://jurisprudencia.cc.gob.gt/Sentencias/853239.6623-2022.pdf "HTTP/1.1 200 OK"
{"url": "https://jurisprudencia.cc.gob.gt/Sentencias/853239.6623-2022.pdf", "status": 200, "bytes": 682196, "outcome": "ok", "attempts": 1, "event": "http", "level": "info", "timestamp": "2026-08-30T13:27:28.614143Z"}
HTTP Request: GET https://jurisprudencia.cc.gob.gt/Sentencias/833964.121-2014.pdf "HTTP/1.1 200 OK"
{"url": "https://jurisprudencia.cc.gob.gt/Sentencias/833964.121-2014.pdf", "status": 200, "bytes": 1215476, "outcome": "ok", "attempts": 1, "event": "http", "level": "info", "timestamp": "2026-08-30T13:27:30.330674Z"}
HTTP Request: GET https://jurisprudencia.cc.gob.gt/Sentencias/853170.4856-2022.pdf "HTTP/1.1 200 OK"
{"url": "https://jurisprudencia.cc.gob.gt/Sentencias/853170.4856-2022.pdf", "status": 200, "bytes": 834127, "outcome": "ok", "attempts": 1, "event": "http", "level": "info", "timestamp": "2026-08-30T13:27:32.193631Z"}
HTTP Request: GET https://jurisprudencia.cc.gob.gt/Sentencias/844931.3792-2019.pdf "HTTP/1.1 200 OK"
{"url": "https://jurisprudencia.cc.gob.gt/Sentencias/844931.3792-2019.pdf", "status": 200, "bytes": 310519, "outcome": "ok", "attempts": 1, "event": "http", "level": "info", "timestamp": "2026-08-30T13:27:33.789550Z"}
HTTP Request: GET https://jurisprudencia.cc.gob.gt/Sentencias/817028.158-2011.pdf "HTTP/1.1 200 OK"
{"url": "https://jurisprudencia.cc.gob.gt/Sentencias/817028.158-2011.pdf", "status": 200, "bytes": 174264, "outcome": "ok", "attempts": 1, "event": "http", "level": "info", "timestamp": "2026-08-30T13:27:36.172032Z"}
HTTP Request: GET https://jurisprudencia.cc.gob.gt/Sentencias/843510.2579-2019.pdf "HTTP/1.1 200 OK"
{"url": "https://jurisprudencia.cc.gob.gt/Sentencias/843510.2579-2019.pdf", "status": 200, "bytes": 463620, "outcome": "ok", "attempts": 1, "event": "http", "level": "info", "timestamp": "2026-08-30T13:27:38.341758Z"}
HTTP Request: GET https://jurisprudencia.cc.gob.gt/Sentencias/841193.4900-2016.pdf "HTTP/1.1 200 OK"
{"url": "https://jurisprudencia.cc.gob.gt/Sentencias/841193.4900-2016.pdf", "status": 200, "bytes": 471930, "outcome": "ok", "attempts": 1, "event": "http", "level": "info", "timestamp": "2026-08-30T13:27:40.472272Z"}
HTTP Request: GET https://jurisprudencia.cc.gob.gt/Sentencias/846691.6942-2019.pdf "HTTP/1.1 200 OK"
{"url": "https://jurisprudencia.cc.gob.gt/Sentencias/846691.6942-2019.pdf", "status": 200, "bytes": 382412, "outcome": "ok", "attempts": 1, "event": "http", "level": "info", "timestamp": "2026-08-30T13:27:42.580848Z"}
HTTP Request: GET https://jurisprudencia.cc.gob.gt/Sentencias/845206.6614-2019.pdf "HTTP/1.1 200 OK"
{"url": "https://jurisprudencia.cc.gob.gt/Sentencias/845206.6614-2019.pdf", "status": 200, "bytes": 413394, "outcome": "ok", "attempts": 1, "event": "http", "level": "info", "timestamp": "2026-08-30T13:27:44.888888Z"}
HTTP Request: GET https://jurisprudencia.cc.gob.gt/Sentencias/817667.329-2011.pdf "HTTP/1.1 200 OK"
{"url": "https://jurisprudencia.cc.gob.gt/Sentencias/817667.329-2011.pdf", "status": 200, "bytes": 174974, "outcome": "ok", "attempts": 1, "event": "http", "level": "info", "timestamp": "2026-08-30T13:27:46.542262Z"}
HTTP Request: GET https://jurisprudencia.cc.gob.gt/Sentencias/851086.2058-2022.pdf "HTTP/1.1 200 OK"
{"url": "https://jurisprudencia.cc.gob.gt/Sentencias/851086.2058-2022.pdf", "status": 200, "bytes": 725851, "outcome": "ok", "attempts": 1, "event": "http", "level": "info", "timestamp": "2026-08-30T13:27:48.408862Z"}
HTTP Request: GET https://jurisprudencia.cc.gob.gt/Sentencias/810562.4247%20Y%204353-2008.pdf "HTTP/1.1 200 OK"
{"url": "https://jurisprudencia.cc.gob.gt/Sentencias/810562.4247%20Y%204353-2008.pdf", "status": 200, "bytes": 202999, "outcome": "ok", "attempts": 1, "event": "http", "level": "info", "timestamp": "2026-08-30T13:27:50.444902Z"}
HTTP Request: GET https://jurisprudencia.cc.gob.gt/Sentencias/846519.3111-2020.pdf "HTTP/1.1 200 OK"
{"url": "https://jurisprudencia.cc.gob.gt/Sentencias/846519.3111-2020.pdf", "status": 200, "bytes": 279762, "outcome": "ok", "attempts": 1, "event": "http", "level": "info", "timestamp": "2026-08-30T13:27:52.047157Z"}
HTTP Request: GET https://jurisprudencia.cc.gob.gt/Sentencias/854285.6035-2023.pdf "HTTP/1.1 200 OK"
{"url": "https://jurisprudencia.cc.gob.gt/Sentencias/854285.6035-2023.pdf", "status": 200, "bytes": 3855037, "outcome": "ok", "attempts": 1, "event": "http", "level": "info", "timestamp": "2026-08-30T13:27:54.845671Z"}
HTTP Request: GET https://jurisprudencia.cc.gob.gt/Sentencias/853535.289-2023.pdf "HTTP/1.1 200 OK"
{"url": "https://jurisprudencia.cc.gob.gt/Sentencias/853535.289-2023.pdf", "status": 200, "bytes": 946500, "outcome": "ok", "attempts": 1, "event": "http", "level": "info", "timestamp": "2026-08-30T13:27:55.833739Z"}
HTTP Request: GET https://jurisprudencia.cc.gob.gt/Sentencias/854599.7820-2023.pdf "HTTP/1.1 200 OK"
{"url": "https://jurisprudencia.cc.gob.gt/Sentencias/854599.7820-2023.pdf", "status": 200, "bytes": 3262117, "outcome": "ok", "attempts": 1, "event": "http", "level": "info", "timestamp": "2026-08-30T13:27:58.249732Z"}
HTTP Request: GET https://jurisprudencia.cc.gob.gt/Sentencias/841784.1074-2019.pdf "HTTP/1.1 200 OK"
{"url": "https://jurisprudencia.cc.gob.gt/Sentencias/841784.1074-2019.pdf", "status": 200, "bytes": 420889, "outcome": "ok", "attempts": 1, "event": "http", "level": "info", "timestamp": "2026-08-30T13:27:59.596450Z"}
HTTP Request: GET https://jurisprudencia.cc.gob.gt/Sentencias/842302.2913-2019.pdf "HTTP/1.1 200 OK"
{"url": "https://jurisprudencia.cc.gob.gt/Sentencias/842302.2913-2019.pdf", "status": 200, "bytes": 465499, "outcome": "ok", "attempts": 1, "event": "http", "level": "info", "timestamp": "2026-08-30T13:28:01.454644Z"}
HTTP Request: GET https://jurisprudencia.cc.gob.gt/Sentencias/826600.2-2014.pdf "HTTP/1.1 200 OK"
{"url": "https://jurisprudencia.cc.gob.gt/Sentencias/826600.2-2014.pdf", "status": 200, "bytes": 177548, "outcome": "ok", "attempts": 1, "event": "http", "level": "info", "timestamp": "2026-08-30T13:28:03.393604Z"}
HTTP Request: GET https://jurisprudencia.cc.gob.gt/Sentencias/855153.5955-2022.pdf "HTTP/1.1 200 OK"
{"url": "https://jurisprudencia.cc.gob.gt/Sentencias/855153.5955-2022.pdf", "status": 200, "bytes": 3128692, "outcome": "ok", "attempts": 1, "event": "http", "level": "info", "timestamp": "2026-08-30T13:28:05.187881Z"}
{"url": "https://jurisprudencia.cc.gob.gt/Sentencias/829943.1408-2015.pdf", "from_cache": true, "outcome": "ok", "event": "http", "level": "info", "timestamp": "2026-08-30T13:28:05.241421Z"}
HTTP Request: GET https://jurisprudencia.cc.gob.gt/Sentencias/833045.2863-2016.pdf "HTTP/1.1 200 OK"
{"url": "https://jurisprudencia.cc.gob.gt/Sentencias/833045.2863-2016.pdf", "status": 200, "bytes": 559871, "outcome": "ok", "attempts": 1, "event": "http", "level": "info", "timestamp": "2026-08-30T13:28:07.140065Z"}
HTTP Request: GET https://jurisprudencia.cc.gob.gt/Sentencias/842674.3165-2019.pdf "HTTP/1.1 200 OK"
{"url": "https://jurisprudencia.cc.gob.gt/Sentencias/842674.3165-2019.pdf", "status": 200, "bytes": 518162, "outcome": "ok", "attempts": 1, "event": "http", "level": "info", "timestamp": "2026-08-30T13:28:09.484357Z"}
HTTP Request: GET https://jurisprudencia.cc.gob.gt/Sentencias/837741.3971-2017.pdf "HTTP/1.1 200 OK"
{"url": "https://jurisprudencia.cc.gob.gt/Sentencias/837741.3971-2017.pdf", "status": 200, "bytes": 369439, "outcome": "ok", "attempts": 1, "event": "http", "level": "info", "timestamp": "2026-08-30T13:28:11.460056Z"}
HTTP Request: GET https://jurisprudencia.cc.gob.gt/Sentencias/828566.4938-2014.pdf "HTTP/1.1 200 OK"
{"url": "https://jurisprudencia.cc.gob.gt/Sentencias/828566.4938-2014.pdf", "status": 200, "bytes": 138633, "outcome": "ok", "attempts": 1, "event": "http", "level": "info", "timestamp": "2026-08-30T13:28:13.655924Z"}
HTTP Request: GET https://jurisprudencia.cc.gob.gt/Sentencias/828198.4446-2013.pdf "HTTP/1.1 200 OK"
{"url": "https://jurisprudencia.cc.gob.gt/Sentencias/828198.4446-2013.pdf", "status": 200, "bytes": 170968, "outcome": "ok", "attempts": 1, "event": "http", "level": "info", "timestamp": "2026-08-30T13:28:15.660632Z"}
HTTP Request: GET https://jurisprudencia.cc.gob.gt/Sentencias/848079.2859-2021.pdf "HTTP/1.1 200 OK"
{"url": "https://jurisprudencia.cc.gob.gt/Sentencias/848079.2859-2021.pdf", "status": 200, "bytes": 356824, "outcome": "ok", "attempts": 1, "event": "http", "level": "info", "timestamp": "2026-08-30T13:28:17.824595Z"}
HTTP Request: GET https://jurisprudencia.cc.gob.gt/Sentencias/825086.551-2014.pdf "HTTP/1.1 200 OK"
{"url": "https://jurisprudencia.cc.gob.gt/Sentencias/825086.551-2014.pdf", "status": 200, "bytes": 145595, "outcome": "ok", "attempts": 1, "event": "http", "level": "info", "timestamp": "2026-08-30T13:28:19.847309Z"}
HTTP Request: GET https://jurisprudencia.cc.gob.gt/Sentencias/848362.4368-2021.pdf "HTTP/1.1 200 OK"
{"url": "https://jurisprudencia.cc.gob.gt/Sentencias/848362.4368-2021.pdf", "status": 200, "bytes": 293277, "outcome": "ok", "attempts": 1, "event": "http", "level": "info", "timestamp": "2026-08-30T13:28:22.284529Z"}
HTTP Request: GET https://jurisprudencia.cc.gob.gt/Sentencias/819296.856-2011.pdf "HTTP/1.1 200 OK"
{"url": "https://jurisprudencia.cc.gob.gt/Sentencias/819296.856-2011.pdf", "status": 200, "bytes": 138733, "outcome": "ok", "attempts": 1, "event": "http", "level": "info", "timestamp": "2026-08-30T13:28:24.426539Z"}
HTTP Request: GET https://jurisprudencia.cc.gob.gt/Sentencias/851896.4255-2022.pdf "HTTP/1.1 200 OK"
{"url": "https://jurisprudencia.cc.gob.gt/Sentencias/851896.4255-2022.pdf", "status": 200, "bytes": 828164, "outcome": "ok", "attempts": 1, "event": "http", "level": "info", "timestamp": "2026-08-30T13:28:26.624162Z"}
{"procesados": 400, "por_regla": 373, "event": "avance", "level": "info", "timestamp": "2026-08-30T13:28:26.704742Z"}
HTTP Request: GET https://jurisprudencia.cc.gob.gt/Sentencias/827709.538-2015.pdf "HTTP/1.1 200 OK"
{"url": "https://jurisprudencia.cc.gob.gt/Sentencias/827709.538-2015.pdf", "status": 200, "bytes": 191262, "outcome": "ok", "attempts": 1, "event": "http", "level": "info", "timestamp": "2026-08-30T13:28:28.881212Z"}
HTTP Request: GET https://jurisprudencia.cc.gob.gt/Sentencias/845260.517-2020.pdf "HTTP/1.1 200 OK"
{"url": "https://jurisprudencia.cc.gob.gt/Sentencias/845260.517-2020.pdf", "status": 200, "bytes": 313650, "outcome": "ok", "attempts": 1, "event": "http", "level": "info", "timestamp": "2026-08-30T13:28:31.201701Z"}
HTTP Request: GET https://jurisprudencia.cc.gob.gt/Sentencias/811319.3861-2007.pdf "HTTP/1.1 200 OK"
{"url": "https://jurisprudencia.cc.gob.gt/Sentencias/811319.3861-2007.pdf", "status": 200, "bytes": 154387, "outcome": "ok", "attempts": 1, "event": "http", "level": "info", "timestamp": "2026-08-30T13:28:32.970800Z"}
HTTP Request: GET https://jurisprudencia.cc.gob.gt/Sentencias/825067.5205-2013.pdf "HTTP/1.1 200 OK"
{"url": "https://jurisprudencia.cc.gob.gt/Sentencias/825067.5205-2013.pdf", "status": 200, "bytes": 189130, "outcome": "ok", "attempts": 1, "event": "http", "level": "info", "timestamp": "2026-08-30T13:28:35.087893Z"}
HTTP Request: GET https://jurisprudencia.cc.gob.gt/Sentencias/834034.4919%20y%204923-2016.pdf "HTTP/1.1 200 OK"
{"url": "https://jurisprudencia.cc.gob.gt/Sentencias/834034.4919%20y%204923-2016.pdf", "status": 200, "bytes": 199145, "outcome": "ok", "attempts": 1, "event": "http", "level": "info", "timestamp": "2026-08-30T13:28:37.085461Z"}
HTTP Request: GET https://jurisprudencia.cc.gob.gt/Sentencias/855214.6523-2023.pdf "HTTP/1.1 200 OK"
{"url": "https://jurisprudencia.cc.gob.gt/Sentencias/855214.6523-2023.pdf", "status": 200, "bytes": 3794764, "outcome": "ok", "attempts": 1, "event": "http", "level": "info", "timestamp": "2026-08-30T13:28:39.431450Z"}
HTTP Request: GET https://jurisprudencia.cc.gob.gt/Sentencias/821503.2944-%202012.pdf "HTTP/1.1 200 OK"
{"url": "https://jurisprudencia.cc.gob.gt/Sentencias/821503.2944-%202012.pdf", "status": 200, "bytes": 182685, "outcome": "ok", "attempts": 1, "event": "http", "level": "info", "timestamp": "2026-08-30T13:28:41.224022Z"}
HTTP Request: GET https://jurisprudencia.cc.gob.gt/Sentencias/798485.1290-2003.pdf "HTTP/1.1 200 OK"
{"url": "https://jurisprudencia.cc.gob.gt/Sentencias/798485.1290-2003.pdf", "status": 200, "bytes": 28390, "outcome": "ok", "attempts": 1, "event": "http", "level": "info", "timestamp": "2026-08-30T13:28:43.409096Z"}
HTTP Request: GET https://jurisprudencia.cc.gob.gt/Sentencias/844045.3545-2019.pdf "HTTP/1.1 200 OK"
{"url": "https://jurisprudencia.cc.gob.gt/Sentencias/844045.3545-2019.pdf", "status": 200, "bytes": 388307, "outcome": "ok", "attempts": 1, "event": "http", "level": "info", "timestamp": "2026-08-30T13:28:45.388158Z"}
HTTP Request: GET https://jurisprudencia.cc.gob.gt/Sentencias/817557.3691-2010.pdf "HTTP/1.1 200 OK"
{"url": "https://jurisprudencia.cc.gob.gt/Sentencias/817557.3691-2010.pdf", "status": 200, "bytes": 189835, "outcome": "ok", "attempts": 1, "event": "http", "level": "info", "timestamp": "2026-08-30T13:28:47.522107Z"}
HTTP Request: GET https://jurisprudencia.cc.gob.gt/Sentencias/834865.1579-2016.pdf "HTTP/1.1 200 OK"
{"url": "https://jurisprudencia.cc.gob.gt/Sentencias/834865.1579-2016.pdf", "status": 200, "bytes": 167195, "outcome": "ok", "attempts": 1, "event": "http", "level": "info", "timestamp": "2026-08-30T13:28:49.783064Z"}
{"url": "https://jurisprudencia.cc.gob.gt/Sentencias/836829.1457-2016.pdf", "from_cache": true, "outcome": "ok", "event": "http", "level": "info", "timestamp": "2026-08-30T13:28:49.849318Z"}
HTTP Request: GET https://jurisprudencia.cc.gob.gt/Sentencias/820875.1655-2012.pdf "HTTP/1.1 200 OK"
{"url": "https://jurisprudencia.cc.gob.gt/Sentencias/820875.1655-2012.pdf", "status": 200, "bytes": 171004, "outcome": "ok", "attempts": 1, "event": "http", "level": "info", "timestamp": "2026-08-30T13:28:51.979279Z"}
HTTP Request: GET https://jurisprudencia.cc.gob.gt/Sentencias/818830.319-2011.pdf "HTTP/1.1 200 OK"
{"url": "https://jurisprudencia.cc.gob.gt/Sentencias/818830.319-2011.pdf", "status": 200, "bytes": 138235, "outcome": "ok", "attempts": 1, "event": "http", "level": "info", "timestamp": "2026-08-30T13:28:54.022368Z"}
HTTP Request: GET https://jurisprudencia.cc.gob.gt/Sentencias/845026.1-2020.pdf "HTTP/1.1 200 OK"
{"url": "https://jurisprudencia.cc.gob.gt/Sentencias/845026.1-2020.pdf", "status": 200, "bytes": 255218, "outcome": "ok", "attempts": 1, "event": "http", "level": "info", "timestamp": "2026-08-30T13:28:55.750720Z"}
HTTP Request: GET https://jurisprudencia.cc.gob.gt/Sentencias/813285.2446-2006.pdf "HTTP/1.1 200 OK"
{"url": "https://jurisprudencia.cc.gob.gt/Sentencias/813285.2446-2006.pdf", "status": 200, "bytes": 182854, "outcome": "ok", "attempts": 1, "event": "http", "level": "info", "timestamp": "2026-08-30T13:28:57.397401Z"}
HTTP Request: GET https://jurisprudencia.cc.gob.gt/Sentencias/813479.2811-2007.pdf "HTTP/1.1 200 OK"
{"url": "https://jurisprudencia.cc.gob.gt/Sentencias/813479.2811-2007.pdf", "status": 200, "bytes": 184784, "outcome": "ok", "attempts": 1, "event": "http", "level": "info", "timestamp": "2026-08-30T13:28:59.517959Z"}
HTTP Request: GET https://jurisprudencia.cc.gob.gt/Sentencias/799744.588-2004.pdf "HTTP/1.1 200 OK"
{"url": "https://jurisprudencia.cc.gob.gt/Sentencias/799744.588-2004.pdf", "status": 200, "bytes": 127395, "outcome": "ok", "attempts": 1, "event": "http", "level": "info", "timestamp": "2026-08-30T13:29:01.282859Z"}
HTTP Request: GET https://jurisprudencia.cc.gob.gt/Sentencias/841816.415-2019.pdf "HTTP/1.1 200 OK"
{"url": "https://jurisprudencia.cc.gob.gt/Sentencias/841816.415-2019.pdf", "status": 200, "bytes": 367811, "outcome": "ok", "attempts": 1, "event": "http", "level": "info", "timestamp": "2026-08-30T13:29:03.142060Z"}
HTTP Request: GET https://jurisprudencia.cc.gob.gt/Sentencias/841209.3697-2018.pdf "HTTP/1.1 200 OK"
{"url": "https://jurisprudencia.cc.gob.gt/Sentencias/841209.3697-2018.pdf", "status": 200, "bytes": 500892, "outcome": "ok", "attempts": 1, "event": "http", "level": "info", "timestamp": "2026-08-30T13:29:05.406221Z"}
HTTP Request: GET https://jurisprudencia.cc.gob.gt/Sentencias/842953.1322-2019.pdf "HTTP/1.1 200 OK"
{"url": "https://jurisprudencia.cc.gob.gt/Sentencias/842953.1322-2019.pdf", "status": 200, "bytes": 471110, "outcome": "ok", "attempts": 1, "event": "http", "level": "info", "timestamp": "2026-08-30T13:29:07.595808Z"}
HTTP Request: GET https://jurisprudencia.cc.gob.gt/Sentencias/799232.1615-2004.pdf "HTTP/1.1 200 OK"
{"url": "https://jurisprudencia.cc.gob.gt/Sentencias/799232.1615-2004.pdf", "status": 200, "bytes": 125950, "outcome": "ok", "attempts": 1, "event": "http", "level": "info", "timestamp": "2026-08-30T13:29:09.456861Z"}
HTTP Request: GET https://jurisprudencia.cc.gob.gt/Sentencias/831143.2567-2015.pdf "HTTP/1.1 200 OK"
{"url": "https://jurisprudencia.cc.gob.gt/Sentencias/831143.2567-2015.pdf", "status": 200, "bytes": 443522, "outcome": "ok", "attempts": 1, "event": "http", "level": "info", "timestamp": "2026-08-30T13:29:11.325070Z"}
HTTP Request: GET https://jurisprudencia.cc.gob.gt/Sentencias/823736.1659-2013.pdf "HTTP/1.1 200 OK"
{"url": "https://jurisprudencia.cc.gob.gt/Sentencias/823736.1659-2013.pdf", "status": 200, "bytes": 153496, "outcome": "ok", "attempts": 1, "event": "http", "level": "info", "timestamp": "2026-08-30T13:29:13.599152Z"}
HTTP Request: GET https://jurisprudencia.cc.gob.gt/Sentencias/846161.1913-2018.pdf "HTTP/1.1 200 OK"
{"url": "https://jurisprudencia.cc.gob.gt/Sentencias/846161.1913-2018.pdf", "status": 200, "bytes": 395702, "outcome": "ok", "attempts": 1, "event": "http", "level": "info", "timestamp": "2026-08-30T13:29:15.301427Z"}
HTTP Request: GET https://jurisprudencia.cc.gob.gt/Sentencias/848833.3676-2021.pdf "HTTP/1.1 200 OK"
{"url": "https://jurisprudencia.cc.gob.gt/Sentencias/848833.3676-2021.pdf", "status": 200, "bytes": 297292, "outcome": "ok", "attempts": 1, "event": "http", "level": "info", "timestamp": "2026-08-30T13:29:17.393548Z"}
HTTP Request: GET https://jurisprudencia.cc.gob.gt/Sentencias/819090.1120-2011.pdf "HTTP/1.1 200 OK"
{"url": "https://jurisprudencia.cc.gob.gt/Sentencias/819090.1120-2011.pdf", "status": 200, "bytes": 136486, "outcome": "ok", "attempts": 1, "event": "http", "level": "info", "timestamp": "2026-08-30T13:29:19.135377Z"}
HTTP Request: GET https://jurisprudencia.cc.gob.gt/Sentencias/812313.444-2008.pdf "HTTP/1.1 200 OK"
{"url": "https://jurisprudencia.cc.gob.gt/Sentencias/812313.444-2008.pdf", "status": 200, "bytes": 160352, "outcome": "ok", "attempts": 1, "event": "http", "level": "info", "timestamp": "2026-08-30T13:29:20.865550Z"}
HTTP Request: GET https://jurisprudencia.cc.gob.gt/Sentencias/829143.2046-2015.pdf "HTTP/1.1 200 OK"
{"url": "https://jurisprudencia.cc.gob.gt/Sentencias/829143.2046-2015.pdf", "status": 200, "bytes": 174193, "outcome": "ok", "attempts": 1, "event": "http", "level": "info", "timestamp": "2026-08-30T13:29:23.326254Z"}
HTTP Request: GET https://jurisprudencia.cc.gob.gt/Sentencias/805897.519-2005.pdf "HTTP/1.1 200 OK"
{"url": "https://jurisprudencia.cc.gob.gt/Sentencias/805897.519-2005.pdf", "status": 200, "bytes": 186049, "outcome": "ok", "attempts": 1, "event": "http", "level": "info", "timestamp": "2026-08-30T13:29:24.870910Z"}
HTTP Request: GET https://jurisprudencia.cc.gob.gt/Sentencias/854527.3353-2023.pdf "HTTP/1.1 200 OK"
{"url": "https://jurisprudencia.cc.gob.gt/Sentencias/854527.3353-2023.pdf", "status": 200, "bytes": 4118417, "outcome": "ok", "attempts": 1, "event": "http", "level": "info", "timestamp": "2026-08-30T13:29:26.845820Z"}
HTTP Request: GET https://jurisprudencia.cc.gob.gt/Sentencias/835118.1202-2017.pdf "HTTP/1.1 200 OK"
{"url": "https://jurisprudencia.cc.gob.gt/Sentencias/835118.1202-2017.pdf", "status": 200, "bytes": 697418, "outcome": "ok", "attempts": 1, "event": "http", "level": "info", "timestamp": "2026-08-30T13:29:28.604566Z"}
HTTP Request: GET https://jurisprudencia.cc.gob.gt/Sentencias/854414.1913-2023.pdf "HTTP/1.1 200 OK"
{"url": "https://jurisprudencia.cc.gob.gt/Sentencias/854414.1913-2023.pdf", "status": 200, "bytes": 3141035, "outcome": "ok", "attempts": 1, "event": "http", "level": "info", "timestamp": "2026-08-30T13:29:31.209535Z"}
HTTP Request: GET https://jurisprudencia.cc.gob.gt/Sentencias/834426.1344-2016.pdf "HTTP/1.1 200 OK"
{"url": "https://jurisprudencia.cc.gob.gt/Sentencias/834426.1344-2016.pdf", "status": 200, "bytes": 320911, "outcome": "ok", "attempts": 1, "event": "http", "level": "info", "timestamp": "2026-08-30T13:29:32.510000Z"}
HTTP Request: GET https://jurisprudencia.cc.gob.gt/Sentencias/838432.448-2017.pdf "HTTP/1.1 200 OK"
{"url": "https://jurisprudencia.cc.gob.gt/Sentencias/838432.448-2017.pdf", "status": 200, "bytes": 320694, "outcome": "ok", "attempts": 1, "event": "http", "level": "info", "timestamp": "2026-08-30T13:29:34.724031Z"}
HTTP Request: GET https://jurisprudencia.cc.gob.gt/Sentencias/841943.568-2019.pdf "HTTP/1.1 200 OK"
{"url": "https://jurisprudencia.cc.gob.gt/Sentencias/841943.568-2019.pdf", "status": 200, "bytes": 419183, "outcome": "ok", "attempts": 1, "event": "http", "level": "info", "timestamp": "2026-08-30T13:29:37.048482Z"}
{"url": "https://jurisprudencia.cc.gob.gt/Sentencias/833518.3272-2016.pdf", "from_cache": true, "outcome": "ok", "event": "http", "level": "info", "timestamp": "2026-08-30T13:29:37.114845Z"}
HTTP Request: GET https://jurisprudencia.cc.gob.gt/Sentencias/840021.1430-2017.pdf "HTTP/1.1 200 OK"
{"url": "https://jurisprudencia.cc.gob.gt/Sentencias/840021.1430-2017.pdf", "status": 200, "bytes": 421196, "outcome": "ok", "attempts": 1, "event": "http", "level": "info", "timestamp": "2026-08-30T13:29:38.829954Z"}
HTTP Request: GET https://jurisprudencia.cc.gob.gt/Sentencias/858787.4373-2022.pdf "HTTP/1.1 200 OK"
{"url": "https://jurisprudencia.cc.gob.gt/Sentencias/858787.4373-2022.pdf", "status": 200, "bytes": 3938960, "outcome": "ok", "attempts": 1, "event": "http", "level": "info", "timestamp": "2026-08-30T13:29:42.057575Z"}
HTTP Request: GET https://jurisprudencia.cc.gob.gt/Sentencias/830782.4758-2014.pdf "HTTP/1.1 200 OK"
{"url": "https://jurisprudencia.cc.gob.gt/Sentencias/830782.4758-2014.pdf", "status": 200, "bytes": 153905, "outcome": "ok", "attempts": 1, "event": "http", "level": "info", "timestamp": "2026-08-30T13:29:42.996975Z"}
HTTP Request: GET https://jurisprudencia.cc.gob.gt/Sentencias/821573.392-2012.pdf "HTTP/1.1 200 OK"
{"url": "https://jurisprudencia.cc.gob.gt/Sentencias/821573.392-2012.pdf", "status": 200, "bytes": 188439, "outcome": "ok", "attempts": 1, "event": "http", "level": "info", "timestamp": "2026-08-30T13:29:45.093189Z"}
HTTP Request: GET https://jurisprudencia.cc.gob.gt/Sentencias/852065.90-2023.pdf "HTTP/1.1 200 OK"
{"url": "https://jurisprudencia.cc.gob.gt/Sentencias/852065.90-2023.pdf", "status": 200, "bytes": 729222, "outcome": "ok", "attempts": 1, "event": "http", "level": "info", "timestamp": "2026-08-30T13:29:47.152744Z"}
HTTP Request: GET https://jurisprudencia.cc.gob.gt/Sentencias/802916.1531-2007.pdf "HTTP/1.1 200 OK"
{"url": "https://jurisprudencia.cc.gob.gt/Sentencias/802916.1531-2007.pdf", "status": 200, "bytes": 229667, "outcome": "ok", "attempts": 1, "event": "http", "level": "info", "timestamp": "2026-08-30T13:29:48.718949Z"}
HTTP Request: GET https://jurisprudencia.cc.gob.gt/Sentencias/854378.3936-2023.pdf "HTTP/1.1 200 OK"
{"url": "https://jurisprudencia.cc.gob.gt/Sentencias/854378.3936-2023.pdf", "status": 200, "bytes": 3886806, "outcome": "ok", "attempts": 1, "event": "http", "level": "info", "timestamp": "2026-08-30T13:29:51.007803Z"}
HTTP Request: GET https://jurisprudencia.cc.gob.gt/Sentencias/842547.81-2019.pdf "HTTP/1.1 200 OK"
{"url": "https://jurisprudencia.cc.gob.gt/Sentencias/842547.81-2019.pdf", "status": 200, "bytes": 395397, "outcome": "ok", "attempts": 1, "event": "http", "level": "info", "timestamp": "2026-08-30T13:29:52.553873Z"}
HTTP Request: GET https://jurisprudencia.cc.gob.gt/Sentencias/840208.1538-2018.pdf "HTTP/1.1 200 OK"
{"url": "https://jurisprudencia.cc.gob.gt/Sentencias/840208.1538-2018.pdf", "status": 200, "bytes": 520975, "outcome": "ok", "attempts": 1, "event": "http", "level": "info", "timestamp": "2026-08-30T13:29:54.317174Z"}
HTTP Request: GET https://jurisprudencia.cc.gob.gt/Sentencias/843129.1191-2018.pdf "HTTP/1.1 200 OK"
{"url": "https://jurisprudencia.cc.gob.gt/Sentencias/843129.1191-2018.pdf", "status": 200, "bytes": 307547, "outcome": "ok", "attempts": 1, "event": "http", "level": "info", "timestamp": "2026-08-30T13:29:56.298704Z"}
HTTP Request: GET https://jurisprudencia.cc.gob.gt/Sentencias/826786.4039-2014.pdf "HTTP/1.1 200 OK"
{"url": "https://jurisprudencia.cc.gob.gt/Sentencias/826786.4039-2014.pdf", "status": 200, "bytes": 144514, "outcome": "ok", "attempts": 1, "event": "http", "level": "info", "timestamp": "2026-08-30T13:29:58.420883Z"}
HTTP Request: GET https://jurisprudencia.cc.gob.gt/Sentencias/830394.3943-2015.pdf "HTTP/1.1 200 OK"
{"url": "https://jurisprudencia.cc.gob.gt/Sentencias/830394.3943-2015.pdf", "status": 200, "bytes": 135598, "outcome": "ok", "attempts": 1, "event": "http", "level": "info", "timestamp": "2026-08-30T13:30:00.087820Z"}
HTTP Request: GET https://jurisprudencia.cc.gob.gt/Sentencias/819071.647-2011.pdf "HTTP/1.1 200 OK"
{"url": "https://jurisprudencia.cc.gob.gt/Sentencias/819071.647-2011.pdf", "status": 200, "bytes": 184529, "outcome": "ok", "attempts": 1, "event": "http", "level": "info", "timestamp": "2026-08-30T13:30:02.144642Z"}
HTTP Request: GET https://jurisprudencia.cc.gob.gt/Sentencias/844296.4508-2019.pdf "HTTP/1.1 200 OK"
{"url": "https://jurisprudencia.cc.gob.gt/Sentencias/844296.4508-2019.pdf", "status": 200, "bytes": 383286, "outcome": "ok", "attempts": 1, "event": "http", "level": "info", "timestamp": "2026-08-30T13:30:04.035009Z"}
HTTP Request: GET https://jurisprudencia.cc.gob.gt/Sentencias/819066.374-2011.pdf "HTTP/1.1 200 OK"
{"url": "https://jurisprudencia.cc.gob.gt/Sentencias/819066.374-2011.pdf", "status": 200, "bytes": 132334, "outcome": "ok", "attempts": 1, "event": "http", "level": "info", "timestamp": "2026-08-30T13:30:06.015573Z"}
HTTP Request: GET https://jurisprudencia.cc.gob.gt/Sentencias/807809.2335-2004.pdf "HTTP/1.1 200 OK"
{"url": "https://jurisprudencia.cc.gob.gt/Sentencias/807809.2335-2004.pdf", "status": 200, "bytes": 137247, "outcome": "ok", "attempts": 1, "event": "http", "level": "info", "timestamp": "2026-08-30T13:30:08.031477Z"}
HTTP Request: GET https://jurisprudencia.cc.gob.gt/Sentencias/798852.1427-2003.pdf "HTTP/1.1 200 OK"
{"url": "https://jurisprudencia.cc.gob.gt/Sentencias/798852.1427-2003.pdf", "status": 200, "bytes": 115658, "outcome": "ok", "attempts": 1, "event": "http", "level": "info", "timestamp": "2026-08-30T13:30:10.124871Z"}
HTTP Request: GET https://jurisprudencia.cc.gob.gt/Sentencias/847818.4404-2019.pdf "HTTP/1.1 200 OK"
{"url": "https://jurisprudencia.cc.gob.gt/Sentencias/847818.4404-2019.pdf", "status": 200, "bytes": 328345, "outcome": "ok", "attempts": 1, "event": "http", "level": "info", "timestamp": "2026-08-30T13:30:12.519309Z"}
HTTP Request: GET https://jurisprudencia.cc.gob.gt/Sentencias/822477.3390-2012.pdf "HTTP/1.1 200 OK"
{"url": "https://jurisprudencia.cc.gob.gt/Sentencias/822477.3390-2012.pdf", "status": 200, "bytes": 297210, "outcome": "ok", "attempts": 1, "event": "http", "level": "info", "timestamp": "2026-08-30T13:30:14.491221Z"}
HTTP Request: GET https://jurisprudencia.cc.gob.gt/Sentencias/806502.914-2005.pdf "HTTP/1.1 200 OK"
{"url": "https://jurisprudencia.cc.gob.gt/Sentencias/806502.914-2005.pdf", "status": 200, "bytes": 166327, "outcome": "ok", "attempts": 1, "event": "http", "level": "info", "timestamp": "2026-08-30T13:30:16.537041Z"}
HTTP Request: GET https://jurisprudencia.cc.gob.gt/Sentencias/846614.3357-2020.pdf "HTTP/1.1 200 OK"
{"url": "https://jurisprudencia.cc.gob.gt/Sentencias/846614.3357-2020.pdf", "status": 200, "bytes": 441903, "outcome": "ok", "attempts": 1, "event": "http", "level": "info", "timestamp": "2026-08-30T13:30:18.611575Z"}
HTTP Request: GET https://jurisprudencia.cc.gob.gt/Sentencias/851468.5053-2022.pdf "HTTP/1.1 200 OK"
{"url": "https://jurisprudencia.cc.gob.gt/Sentencias/851468.5053-2022.pdf", "status": 200, "bytes": 919332, "outcome": "ok", "attempts": 1, "event": "http", "level": "info", "timestamp": "2026-08-30T13:30:20.442663Z"}
HTTP Request: GET https://jurisprudencia.cc.gob.gt/Sentencias/840309.6152-2017.pdf "HTTP/1.1 200 OK"
{"url": "https://jurisprudencia.cc.gob.gt/Sentencias/840309.6152-2017.pdf", "status": 200, "bytes": 408224, "outcome": "ok", "attempts": 1, "event": "http", "level": "info", "timestamp": "2026-08-30T13:30:22.213280Z"}
HTTP Request: GET https://jurisprudencia.cc.gob.gt/Sentencias/849287.1584-2021.pdf "HTTP/1.1 200 OK"
{"url": "https://jurisprudencia.cc.gob.gt/Sentencias/849287.1584-2021.pdf", "status": 200, "bytes": 375626, "outcome": "ok", "attempts": 1, "event": "http", "level": "info", "timestamp": "2026-08-30T13:30:24.382103Z"}
HTTP Request: GET https://jurisprudencia.cc.gob.gt/Sentencias/846908.3289-2020.pdf "HTTP/1.1 200 OK"
{"url": "https://jurisprudencia.cc.gob.gt/Sentencias/846908.3289-2020.pdf", "status": 200, "bytes": 482902, "outcome": "ok", "attempts": 1, "event": "http", "level": "info", "timestamp": "2026-08-30T13:30:26.438077Z"}
HTTP Request: GET https://jurisprudencia.cc.gob.gt/Sentencias/817548.863-2011.pdf "HTTP/1.1 200 OK"
{"url": "https://jurisprudencia.cc.gob.gt/Sentencias/817548.863-2011.pdf", "status": 200, "bytes": 196413, "outcome": "ok", "attempts": 1, "event": "http", "level": "info", "timestamp": "2026-08-30T13:30:28.688499Z"}
HTTP Request: GET https://jurisprudencia.cc.gob.gt/Sentencias/834699.3702-2016.pdf "HTTP/1.1 200 OK"
{"url": "https://jurisprudencia.cc.gob.gt/Sentencias/834699.3702-2016.pdf", "status": 200, "bytes": 674721, "outcome": "ok", "attempts": 1, "event": "http", "level": "info", "timestamp": "2026-08-30T13:30:30.426911Z"}
HTTP Request: GET https://jurisprudencia.cc.gob.gt/Sentencias/814481.682-2010.pdf "HTTP/1.1 200 OK"
{"url": "https://jurisprudencia.cc.gob.gt/Sentencias/814481.682-2010.pdf", "status": 200, "bytes": 193022, "outcome": "ok", "attempts": 1, "event": "http", "level": "info", "timestamp": "2026-08-30T13:30:32.663583Z"}
HTTP Request: GET https://jurisprudencia.cc.gob.gt/Sentencias/828643.958-2015.pdf "HTTP/1.1 200 OK"
{"url": "https://jurisprudencia.cc.gob.gt/Sentencias/828643.958-2015.pdf", "status": 200, "bytes": 83044, "outcome": "ok", "attempts": 1, "event": "http", "level": "info", "timestamp": "2026-08-30T13:30:34.881930Z"}
HTTP Request: GET https://jurisprudencia.cc.gob.gt/Sentencias/803068.3154-2006.pdf "HTTP/1.1 200 OK"
{"url": "https://jurisprudencia.cc.gob.gt/Sentencias/803068.3154-2006.pdf", "status": 200, "bytes": 258428, "outcome": "ok", "attempts": 1, "event": "http", "level": "info", "timestamp": "2026-08-30T13:30:37.200107Z"}
HTTP Request: GET https://jurisprudencia.cc.gob.gt/Sentencias/844327.2662-2018.pdf "HTTP/1.1 200 OK"
{"url": "https://jurisprudencia.cc.gob.gt/Sentencias/844327.2662-2018.pdf", "status": 200, "bytes": 363782, "outcome": "ok", "attempts": 1, "event": "http", "level": "info", "timestamp": "2026-08-30T13:30:39.566804Z"}
HTTP Request: GET https://jurisprudencia.cc.gob.gt/Sentencias/848818.1967-2021.pdf "HTTP/1.1 200 OK"
{"url": "https://jurisprudencia.cc.gob.gt/Sentencias/848818.1967-2021.pdf", "status": 200, "bytes": 297901, "outcome": "ok", "attempts": 1, "event": "http", "level": "info", "timestamp": "2026-08-30T13:30:41.683337Z"}
HTTP Request: GET https://jurisprudencia.cc.gob.gt/Sentencias/838617.5688-2017.pdf "HTTP/1.1 200 OK"
{"url": "https://jurisprudencia.cc.gob.gt/Sentencias/838617.5688-2017.pdf", "status": 200, "bytes": 220129, "outcome": "ok", "attempts": 1, "event": "http", "level": "info", "timestamp": "2026-08-30T13:30:43.673108Z"}
HTTP Request: GET https://jurisprudencia.cc.gob.gt/Sentencias/809115.2-2010.pdf "HTTP/1.1 200 OK"
{"url": "https://jurisprudencia.cc.gob.gt/Sentencias/809115.2-2010.pdf", "status": 200, "bytes": 189918, "outcome": "ok", "attempts": 1, "event": "http", "level": "info", "timestamp": "2026-08-30T13:30:45.806507Z"}
HTTP Request: GET https://jurisprudencia.cc.gob.gt/Sentencias/839081.4332-2017.pdf "HTTP/1.1 200 OK"
{"url": "https://jurisprudencia.cc.gob.gt/Sentencias/839081.4332-2017.pdf", "status": 200, "bytes": 417563, "outcome": "ok", "attempts": 1, "event": "http", "level": "info", "timestamp": "2026-08-30T13:30:48.051854Z"}
HTTP Request: GET https://jurisprudencia.cc.gob.gt/Sentencias/826352.2578-2014.pdf "HTTP/1.1 200 OK"
{"url": "https://jurisprudencia.cc.gob.gt/Sentencias/826352.2578-2014.pdf", "status": 200, "bytes": 195856, "outcome": "ok", "attempts": 1, "event": "http", "level": "info", "timestamp": "2026-08-30T13:30:49.690321Z"}
HTTP Request: GET https://jurisprudencia.cc.gob.gt/Sentencias/819806.5004-2011.pdf "HTTP/1.1 200 OK"
{"url": "https://jurisprudencia.cc.gob.gt/Sentencias/819806.5004-2011.pdf", "status": 200, "bytes": 132163, "outcome": "ok", "attempts": 1, "event": "http", "level": "info", "timestamp": "2026-08-30T13:30:52.030460Z"}
HTTP Request: GET https://jurisprudencia.cc.gob.gt/Sentencias/809499.1281-2009.pdf "HTTP/1.1 200 OK"
{"url": "https://jurisprudencia.cc.gob.gt/Sentencias/809499.1281-2009.pdf", "status": 200, "bytes": 184030, "outcome": "ok", "attempts": 1, "event": "http", "level": "info", "timestamp": "2026-08-30T13:30:54.557759Z"}
HTTP Request: GET https://jurisprudencia.cc.gob.gt/Sentencias/847586.1898-2021.pdf "HTTP/1.1 200 OK"
{"url": "https://jurisprudencia.cc.gob.gt/Sentencias/847586.1898-2021.pdf", "status": 200, "bytes": 294226, "outcome": "ok", "attempts": 1, "event": "http", "level": "info", "timestamp": "2026-08-30T13:30:56.270642Z"}
HTTP Request: GET https://jurisprudencia.cc.gob.gt/Sentencias/849163.4197-2021.pdf "HTTP/1.1 200 OK"
{"url": "https://jurisprudencia.cc.gob.gt/Sentencias/849163.4197-2021.pdf", "status": 200, "bytes": 351947, "outcome": "ok", "attempts": 1, "event": "http", "level": "info", "timestamp": "2026-08-30T13:30:58.230350Z"}
HTTP Request: GET https://jurisprudencia.cc.gob.gt/Sentencias/852329.1239-2023%20y%201287-2023.pdf "HTTP/1.1 200 OK"
{"url": "https://jurisprudencia.cc.gob.gt/Sentencias/852329.1239-2023%20y%201287-2023.pdf", "status": 200, "bytes": 727316, "outcome": "ok", "attempts": 1, "event": "http", "level": "info", "timestamp": "2026-08-30T13:31:00.374533Z"}
HTTP Request: GET https://jurisprudencia.cc.gob.gt/Sentencias/828973.4773-2014.pdf "HTTP/1.1 200 OK"
{"url": "https://jurisprudencia.cc.gob.gt/Sentencias/828973.4773-2014.pdf", "status": 200, "bytes": 167720, "outcome": "ok", "attempts": 1, "event": "http", "level": "info", "timestamp": "2026-08-30T13:31:02.015482Z"}
HTTP Request: GET https://jurisprudencia.cc.gob.gt/Sentencias/798943.308-2004.pdf "HTTP/1.1 200 OK"
{"url": "https://jurisprudencia.cc.gob.gt/Sentencias/798943.308-2004.pdf", "status": 200, "bytes": 111823, "outcome": "ok", "attempts": 1, "event": "http", "level": "info", "timestamp": "2026-08-30T13:31:03.691279Z"}
HTTP Request: GET https://jurisprudencia.cc.gob.gt/Sentencias/838852.6245-2017.pdf "HTTP/1.1 200 OK"
{"url": "https://jurisprudencia.cc.gob.gt/Sentencias/838852.6245-2017.pdf", "status": 200, "bytes": 368011, "outcome": "ok", "attempts": 1, "event": "http", "level": "info", "timestamp": "2026-08-30T13:31:06.043877Z"}
HTTP Request: GET https://jurisprudencia.cc.gob.gt/Sentencias/857848.7782-2023.pdf "HTTP/1.1 200 OK"
{"url": "https://jurisprudencia.cc.gob.gt/Sentencias/857848.7782-2023.pdf", "status": 200, "bytes": 3908907, "outcome": "ok", "attempts": 1, "event": "http", "level": "info", "timestamp": "2026-08-30T13:31:08.609887Z"}
HTTP Request: GET https://jurisprudencia.cc.gob.gt/Sentencias/851097.5715-2022.pdf "HTTP/1.1 200 OK"
{"url": "https://jurisprudencia.cc.gob.gt/Sentencias/851097.5715-2022.pdf", "status": 200, "bytes": 647629, "outcome": "ok", "attempts": 1, "event": "http", "level": "info", "timestamp": "2026-08-30T13:31:10.219586Z"}
HTTP Request: GET https://jurisprudencia.cc.gob.gt/Sentencias/803079.3347-2006.pdf "HTTP/1.1 200 OK"
{"url": "https://jurisprudencia.cc.gob.gt/Sentencias/803079.3347-2006.pdf", "status": 200, "bytes": 258003, "outcome": "ok", "attempts": 1, "event": "http", "level": "info", "timestamp": "2026-08-30T13:31:12.520459Z"}
HTTP Request: GET https://jurisprudencia.cc.gob.gt/Sentencias/843669.4518-2019.pdf "HTTP/1.1 200 OK"
{"url": "https://jurisprudencia.cc.gob.gt/Sentencias/843669.4518-2019.pdf", "status": 200, "bytes": 227189, "outcome": "ok", "attempts": 1, "event": "http", "level": "info", "timestamp": "2026-08-30T13:31:14.611699Z"}
HTTP Request: GET https://jurisprudencia.cc.gob.gt/Sentencias/851804.5553-2022.pdf "HTTP/1.1 200 OK"
{"url": "https://jurisprudencia.cc.gob.gt/Sentencias/851804.5553-2022.pdf", "status": 200, "bytes": 766653, "outcome": "ok", "attempts": 1, "event": "http", "level": "info", "timestamp": "2026-08-30T13:31:16.631603Z"}
HTTP Request: GET https://jurisprudencia.cc.gob.gt/Sentencias/837897.3613-2017.pdf "HTTP/1.1 200 OK"
{"url": "https://jurisprudencia.cc.gob.gt/Sentencias/837897.3613-2017.pdf", "status": 200, "bytes": 343275, "outcome": "ok", "attempts": 1, "event": "http", "level": "info", "timestamp": "2026-08-30T13:31:18.790965Z"}
HTTP Request: GET https://jurisprudencia.cc.gob.gt/Sentencias/798201.234-2003.pdf "HTTP/1.1 200 OK"
{"url": "https://jurisprudencia.cc.gob.gt/Sentencias/798201.234-2003.pdf", "status": 200, "bytes": 118887, "outcome": "ok", "attempts": 1, "event": "http", "level": "info", "timestamp": "2026-08-30T13:31:20.113371Z"}
HTTP Request: GET https://jurisprudencia.cc.gob.gt/Sentencias/811795.1263-2008.pdf "HTTP/1.1 200 OK"
{"url": "https://jurisprudencia.cc.gob.gt/Sentencias/811795.1263-2008.pdf", "status": 200, "bytes": 155772, "outcome": "ok", "attempts": 1, "event": "http", "level": "info", "timestamp": "2026-08-30T13:31:22.368559Z"}
HTTP Request: GET https://jurisprudencia.cc.gob.gt/Sentencias/848931.2482-2020%20y%202483-2020.pdf "HTTP/1.1 200 OK"
{"url": "https://jurisprudencia.cc.gob.gt/Sentencias/848931.2482-2020%20y%202483-2020.pdf", "status": 200, "bytes": 327452, "outcome": "ok", "attempts": 1, "event": "http", "level": "info", "timestamp": "2026-08-30T13:31:24.897776Z"}
HTTP Request: GET https://jurisprudencia.cc.gob.gt/Sentencias/848779.1572-2021.pdf "HTTP/1.1 200 OK"
{"url": "https://jurisprudencia.cc.gob.gt/Sentencias/848779.1572-2021.pdf", "status": 200, "bytes": 372197, "outcome": "ok", "attempts": 1, "event": "http", "level": "info", "timestamp": "2026-08-30T13:31:26.905292Z"}
HTTP Request: GET https://jurisprudencia.cc.gob.gt/Sentencias/847969.2632-2021,%202633-2021%20y%202661-2021.pdf "HTTP/1.1 200 OK"
{"url": "https://jurisprudencia.cc.gob.gt/Sentencias/847969.2632-2021,%202633-2021%20y%202661-2021.pdf", "status": 200, "bytes": 316534, "outcome": "ok", "attempts": 1, "event": "http", "level": "info", "timestamp": "2026-08-30T13:31:29.134411Z"}
HTTP Request: GET https://jurisprudencia.cc.gob.gt/Sentencias/849457.4725-2021.pdf "HTTP/1.1 200 OK"
{"url": "https://jurisprudencia.cc.gob.gt/Sentencias/849457.4725-2021.pdf", "status": 200, "bytes": 356335, "outcome": "ok", "attempts": 1, "event": "http", "level": "info", "timestamp": "2026-08-30T13:31:31.176125Z"}
{"url": "https://jurisprudencia.cc.gob.gt/Sentencias/854539.5937-2021.pdf", "from_cache": true, "outcome": "ok", "event": "http", "level": "info", "timestamp": "2026-08-30T13:31:31.371223Z"}
HTTP Request: GET https://jurisprudencia.cc.gob.gt/Sentencias/837252.4421-2016.pdf "HTTP/1.1 200 OK"
{"url": "https://jurisprudencia.cc.gob.gt/Sentencias/837252.4421-2016.pdf", "status": 200, "bytes": 446101, "outcome": "ok", "attempts": 1, "event": "http", "level": "info", "timestamp": "2026-08-30T13:31:32.985910Z"}
HTTP Request: GET https://jurisprudencia.cc.gob.gt/Sentencias/831725.1477-2016.pdf "HTTP/1.1 200 OK"
{"url": "https://jurisprudencia.cc.gob.gt/Sentencias/831725.1477-2016.pdf", "status": 200, "bytes": 313996, "outcome": "ok", "attempts": 1, "event": "http", "level": "info", "timestamp": "2026-08-30T13:31:34.709731Z"}
HTTP Request: GET https://jurisprudencia.cc.gob.gt/Sentencias/842043.3897-2016%20y%203898-2016.pdf "HTTP/1.1 200 OK"
{"url": "https://jurisprudencia.cc.gob.gt/Sentencias/842043.3897-2016%20y%203898-2016.pdf", "status": 200, "bytes": 395696, "outcome": "ok", "attempts": 1, "event": "http", "level": "info", "timestamp": "2026-08-30T13:31:36.673371Z"}
HTTP Request: GET https://jurisprudencia.cc.gob.gt/Sentencias/833048.3072-2016.pdf "HTTP/1.1 200 OK"
{"url": "https://jurisprudencia.cc.gob.gt/Sentencias/833048.3072-2016.pdf", "status": 200, "bytes": 467649, "outcome": "ok", "attempts": 1, "event": "http", "level": "info", "timestamp": "2026-08-30T13:31:38.719468Z"}
HTTP Request: GET https://jurisprudencia.cc.gob.gt/Sentencias/838076.2874-2017.pdf "HTTP/1.1 200 OK"
{"url": "https://jurisprudencia.cc.gob.gt/Sentencias/838076.2874-2017.pdf", "status": 200, "bytes": 435745, "outcome": "ok", "attempts": 1, "event": "http", "level": "info", "timestamp": "2026-08-30T13:31:41.113568Z"}
HTTP Request: GET https://jurisprudencia.cc.gob.gt/Sentencias/816083.3014-2010.pdf "HTTP/1.1 200 OK"
{"url": "https://jurisprudencia.cc.gob.gt/Sentencias/816083.3014-2010.pdf", "status": 200, "bytes": 183459, "outcome": "ok", "attempts": 1, "event": "http", "level": "info", "timestamp": "2026-08-30T13:31:43.338496Z"}
{"procesados": 500, "por_regla": 467, "event": "avance", "level": "info", "timestamp": "2026-08-30T13:31:43.378416Z"}
HTTP Request: GET https://jurisprudencia.cc.gob.gt/Sentencias/841473.5613-2018.pdf "HTTP/1.1 200 OK"
{"url": "https://jurisprudencia.cc.gob.gt/Sentencias/841473.5613-2018.pdf", "status": 200, "bytes": 420154, "outcome": "ok", "attempts": 1, "event": "http", "level": "info", "timestamp": "2026-08-30T13:31:45.150414Z"}
HTTP Request: GET https://jurisprudencia.cc.gob.gt/Sentencias/809410.2483-2009.pdf "HTTP/1.1 200 OK"
{"url": "https://jurisprudencia.cc.gob.gt/Sentencias/809410.2483-2009.pdf", "status": 200, "bytes": 143403, "outcome": "ok", "attempts": 1, "event": "http", "level": "info", "timestamp": "2026-08-30T13:31:46.859480Z"}
HTTP Request: GET https://jurisprudencia.cc.gob.gt/Sentencias/799578.1460-2004.pdf "HTTP/1.1 200 OK"
{"url": "https://jurisprudencia.cc.gob.gt/Sentencias/799578.1460-2004.pdf", "status": 200, "bytes": 81126, "outcome": "ok", "attempts": 1, "event": "http", "level": "info", "timestamp": "2026-08-30T13:31:49.139630Z"}
HTTP Request: GET https://jurisprudencia.cc.gob.gt/Sentencias/846404.3204-2020.pdf "HTTP/1.1 200 OK"
{"url": "https://jurisprudencia.cc.gob.gt/Sentencias/846404.3204-2020.pdf", "status": 200, "bytes": 310287, "outcome": "ok", "attempts": 1, "event": "http", "level": "info", "timestamp": "2026-08-30T13:31:51.272461Z"}
HTTP Request: GET https://jurisprudencia.cc.gob.gt/Sentencias/808894.3110-2008.pdf "HTTP/1.1 200 OK"
{"url": "https://jurisprudencia.cc.gob.gt/Sentencias/808894.3110-2008.pdf", "status": 200, "bytes": 180865, "outcome": "ok", "attempts": 1, "event": "http", "level": "info", "timestamp": "2026-08-30T13:31:52.917830Z"}
HTTP Request: GET https://jurisprudencia.cc.gob.gt/Sentencias/826027.5881-2013.pdf "HTTP/1.1 200 OK"
{"url": "https://jurisprudencia.cc.gob.gt/Sentencias/826027.5881-2013.pdf", "status": 200, "bytes": 188844, "outcome": "ok", "attempts": 1, "event": "http", "level": "info", "timestamp": "2026-08-30T13:31:55.060345Z"}
HTTP Request: GET https://jurisprudencia.cc.gob.gt/Sentencias/848085.4598-2020.pdf "HTTP/1.1 200 OK"
{"url": "https://jurisprudencia.cc.gob.gt/Sentencias/848085.4598-2020.pdf", "status": 200, "bytes": 445415, "outcome": "ok", "attempts": 1, "event": "http", "level": "info", "timestamp": "2026-08-30T13:31:57.127361Z"}
HTTP Request: GET https://jurisprudencia.cc.gob.gt/Sentencias/832789.3542-2016.pdf "HTTP/1.1 200 OK"
{"url": "https://jurisprudencia.cc.gob.gt/Sentencias/832789.3542-2016.pdf", "status": 200, "bytes": 261570, "outcome": "ok", "attempts": 1, "event": "http", "level": "info", "timestamp": "2026-08-30T13:31:58.884572Z"}
HTTP Request: GET https://jurisprudencia.cc.gob.gt/Sentencias/820817.1805-2012.pdf "HTTP/1.1 200 OK"
{"url": "https://jurisprudencia.cc.gob.gt/Sentencias/820817.1805-2012.pdf", "status": 200, "bytes": 138085, "outcome": "ok", "attempts": 1, "event": "http", "level": "info", "timestamp": "2026-08-30T13:32:01.065759Z"}
HTTP Request: GET https://jurisprudencia.cc.gob.gt/Sentencias/845562.7322-2019.pdf "HTTP/1.1 200 OK"
{"url": "https://jurisprudencia.cc.gob.gt/Sentencias/845562.7322-2019.pdf", "status": 200, "bytes": 279148, "outcome": "ok", "attempts": 1, "event": "http", "level": "info", "timestamp": "2026-08-30T13:32:03.411509Z"}
HTTP Request: GET https://jurisprudencia.cc.gob.gt/Sentencias/841212.4531-2018.pdf "HTTP/1.1 200 OK"
{"url": "https://jurisprudencia.cc.gob.gt/Sentencias/841212.4531-2018.pdf", "status": 200, "bytes": 419717, "outcome": "ok", "attempts": 1, "event": "http", "level": "info", "timestamp": "2026-08-30T13:32:05.501599Z"}
HTTP Request: GET https://jurisprudencia.cc.gob.gt/Sentencias/846141.5840-2018.pdf "HTTP/1.1 200 OK"
{"url": "https://jurisprudencia.cc.gob.gt/Sentencias/846141.5840-2018.pdf", "status": 200, "bytes": 389475, "outcome": "ok", "attempts": 1, "event": "http", "level": "info", "timestamp": "2026-08-30T13:32:07.273857Z"}
HTTP Request: GET https://jurisprudencia.cc.gob.gt/Sentencias/817595.4288-2010.pdf "HTTP/1.1 200 OK"
{"url": "https://jurisprudencia.cc.gob.gt/Sentencias/817595.4288-2010.pdf", "status": 200, "bytes": 242112, "outcome": "ok", "attempts": 1, "event": "http", "level": "info", "timestamp": "2026-08-30T13:32:08.957478Z"}
HTTP Request: GET https://jurisprudencia.cc.gob.gt/Sentencias/818456.275-2011.pdf "HTTP/1.1 200 OK"
{"url": "https://jurisprudencia.cc.gob.gt/Sentencias/818456.275-2011.pdf", "status": 200, "bytes": 187481, "outcome": "ok", "attempts": 1, "event": "http", "level": "info", "timestamp": "2026-08-30T13:32:10.784872Z"}
HTTP Request: GET https://jurisprudencia.cc.gob.gt/Sentencias/851235.1876-2022.pdf "HTTP/1.1 200 OK"
{"url": "https://jurisprudencia.cc.gob.gt/Sentencias/851235.1876-2022.pdf", "status": 200, "bytes": 741261, "outcome": "ok", "attempts": 1, "event": "http", "level": "info", "timestamp": "2026-08-30T13:32:12.559572Z"}
HTTP Request: GET https://jurisprudencia.cc.gob.gt/Sentencias/845196.2278-2019.pdf "HTTP/1.1 200 OK"
{"url": "https://jurisprudencia.cc.gob.gt/Sentencias/845196.2278-2019.pdf", "status": 200, "bytes": 332720, "outcome": "ok", "attempts": 1, "event": "http", "level": "info", "timestamp": "2026-08-30T13:32:14.433484Z"}
HTTP Request: GET https://jurisprudencia.cc.gob.gt/Sentencias/798215.314-2003.pdf "HTTP/1.1 200 OK"
{"url": "https://jurisprudencia.cc.gob.gt/Sentencias/798215.314-2003.pdf", "status": 200, "bytes": 72771, "outcome": "ok", "attempts": 1, "event": "http", "level": "info", "timestamp": "2026-08-30T13:32:16.102451Z"}
HTTP Request: GET https://jurisprudencia.cc.gob.gt/Sentencias/839180.3662-2017.pdf "HTTP/1.1 200 OK"
{"url": "https://jurisprudencia.cc.gob.gt/Sentencias/839180.3662-2017.pdf", "status": 200, "bytes": 399130, "outcome": "ok", "attempts": 1, "event": "http", "level": "info", "timestamp": "2026-08-30T13:32:18.532634Z"}
HTTP Request: GET https://jurisprudencia.cc.gob.gt/Sentencias/818060.1002-2011.pdf "HTTP/1.1 200 OK"
{"url": "https://jurisprudencia.cc.gob.gt/Sentencias/818060.1002-2011.pdf", "status": 200, "bytes": 131448, "outcome": "ok", "attempts": 1, "event": "http", "level": "info", "timestamp": "2026-08-30T13:32:20.699314Z"}
HTTP Request: GET https://jurisprudencia.cc.gob.gt/Sentencias/812225.344-2008.pdf "HTTP/1.1 200 OK"
{"url": "https://jurisprudencia.cc.gob.gt/Sentencias/812225.344-2008.pdf", "status": 200, "bytes": 229755, "outcome": "ok", "attempts": 1, "event": "http", "level": "info", "timestamp": "2026-08-30T13:32:22.241768Z"}
HTTP Request: GET https://jurisprudencia.cc.gob.gt/Sentencias/840082.1069-2016.pdf "HTTP/1.1 200 OK"
{"url": "https://jurisprudencia.cc.gob.gt/Sentencias/840082.1069-2016.pdf", "status": 200, "bytes": 503307, "outcome": "ok", "attempts": 1, "event": "http", "level": "info", "timestamp": "2026-08-30T13:32:24.576973Z"}
HTTP Request: GET https://jurisprudencia.cc.gob.gt/Sentencias/855583.3440-2023.pdf "HTTP/1.1 200 OK"
{"url": "https://jurisprudencia.cc.gob.gt/Sentencias/855583.3440-2023.pdf", "status": 200, "bytes": 3716612, "outcome": "ok", "attempts": 1, "event": "http", "level": "info", "timestamp": "2026-08-30T13:32:27.292284Z"}
HTTP Request: GET https://jurisprudencia.cc.gob.gt/Sentencias/820955.1238-2012.pdf "HTTP/1.1 200 OK"
{"url": "https://jurisprudencia.cc.gob.gt/Sentencias/820955.1238-2012.pdf", "status": 200, "bytes": 143529, "outcome": "ok", "attempts": 1, "event": "http", "level": "info", "timestamp": "2026-08-30T13:32:28.384076Z"}
HTTP Request: GET https://jurisprudencia.cc.gob.gt/Sentencias/847146.635-2013%20y%20636-2013.pdf "HTTP/1.1 200 OK"
{"url": "https://jurisprudencia.cc.gob.gt/Sentencias/847146.635-2013%20y%20636-2013.pdf", "status": 200, "bytes": 176432, "outcome": "ok", "attempts": 1, "event": "http", "level": "info", "timestamp": "2026-08-30T13:32:30.425922Z"}
HTTP Request: GET https://jurisprudencia.cc.gob.gt/Sentencias/851491.5770-2022.pdf "HTTP/1.1 200 OK"
{"url": "https://jurisprudencia.cc.gob.gt/Sentencias/851491.5770-2022.pdf", "status": 200, "bytes": 846243, "outcome": "ok", "attempts": 1, "event": "http", "level": "info", "timestamp": "2026-08-30T13:32:32.999679Z"}
{"url": "https://jurisprudencia.cc.gob.gt/Sentencias/815167.3184-2009.pdf", "from_cache": true, "outcome": "ok", "event": "http", "level": "info", "timestamp": "2026-08-30T13:32:33.089659Z"}
HTTP Request: GET https://jurisprudencia.cc.gob.gt/Sentencias/841798.4791-2018.pdf "HTTP/1.1 200 OK"
{"url": "https://jurisprudencia.cc.gob.gt/Sentencias/841798.4791-2018.pdf", "status": 200, "bytes": 422962, "outcome": "ok", "attempts": 1, "event": "http", "level": "info", "timestamp": "2026-08-30T13:32:34.756241Z"}
HTTP Request: GET https://jurisprudencia.cc.gob.gt/Sentencias/819309.4033-2011.pdf "HTTP/1.1 200 OK"
{"url": "https://jurisprudencia.cc.gob.gt/Sentencias/819309.4033-2011.pdf", "status": 200, "bytes": 117059, "outcome": "ok", "attempts": 1, "event": "http", "level": "info", "timestamp": "2026-08-30T13:32:36.155648Z"}
HTTP Request: GET https://jurisprudencia.cc.gob.gt/Sentencias/848057.2711-2021.pdf "HTTP/1.1 200 OK"
{"url": "https://jurisprudencia.cc.gob.gt/Sentencias/848057.2711-2021.pdf", "status": 200, "bytes": 304344, "outcome": "ok", "attempts": 1, "event": "http", "level": "info", "timestamp": "2026-08-30T13:32:38.228052Z"}
HTTP Request: GET https://jurisprudencia.cc.gob.gt/Sentencias/833604.503-2015.pdf "HTTP/1.1 200 OK"
{"url": "https://jurisprudencia.cc.gob.gt/Sentencias/833604.503-2015.pdf", "status": 200, "bytes": 659580, "outcome": "ok", "attempts": 1, "event": "http", "level": "info", "timestamp": "2026-08-30T13:32:40.019132Z"}
HTTP Request: GET https://jurisprudencia.cc.gob.gt/Sentencias/842381.507-2018.pdf "HTTP/1.1 200 OK"
{"url": "https://jurisprudencia.cc.gob.gt/Sentencias/842381.507-2018.pdf", "status": 200, "bytes": 539029, "outcome": "ok", "attempts": 1, "event": "http", "level": "info", "timestamp": "2026-08-30T13:32:41.982608Z"}
HTTP Request: GET https://jurisprudencia.cc.gob.gt/Sentencias/837014.2319-2017.pdf "HTTP/1.1 200 OK"
{"url": "https://jurisprudencia.cc.gob.gt/Sentencias/837014.2319-2017.pdf", "status": 200, "bytes": 283431, "outcome": "ok", "attempts": 1, "event": "http", "level": "info", "timestamp": "2026-08-30T13:32:44.246964Z"}
HTTP Request: GET https://jurisprudencia.cc.gob.gt/Sentencias/822699.711-2013.pdf "HTTP/1.1 200 OK"
{"url": "https://jurisprudencia.cc.gob.gt/Sentencias/822699.711-2013.pdf", "status": 200, "bytes": 193192, "outcome": "ok", "attempts": 1, "event": "http", "level": "info", "timestamp": "2026-08-30T13:32:45.860172Z"}
HTTP Request: GET https://jurisprudencia.cc.gob.gt/Sentencias/854546.991-2023.pdf "HTTP/1.1 200 OK"
{"url": "https://jurisprudencia.cc.gob.gt/Sentencias/854546.991-2023.pdf", "status": 200, "bytes": 3146904, "outcome": "ok", "attempts": 1, "event": "http", "level": "info", "timestamp": "2026-08-30T13:32:48.493371Z"}
HTTP Request: GET https://jurisprudencia.cc.gob.gt/Sentencias/840403.5374-2017%20y%205380-2017.pdf "HTTP/1.1 200 OK"
{"url": "https://jurisprudencia.cc.gob.gt/Sentencias/840403.5374-2017%20y%205380-2017.pdf", "status": 200, "bytes": 460444, "outcome": "ok", "attempts": 1, "event": "http", "level": "info", "timestamp": "2026-08-30T13:32:49.547016Z"}
HTTP Request: GET https://jurisprudencia.cc.gob.gt/Sentencias/849489.723-2020.pdf "HTTP/1.1 200 OK"
{"url": "https://jurisprudencia.cc.gob.gt/Sentencias/849489.723-2020.pdf", "status": 200, "bytes": 309998, "outcome": "ok", "attempts": 1, "event": "http", "level": "info", "timestamp": "2026-08-30T13:32:52.046853Z"}
HTTP Request: GET https://jurisprudencia.cc.gob.gt/Sentencias/840078.5089-2017.pdf "HTTP/1.1 200 OK"
{"url": "https://jurisprudencia.cc.gob.gt/Sentencias/840078.5089-2017.pdf", "status": 200, "bytes": 587618, "outcome": "ok", "attempts": 1, "event": "http", "level": "info", "timestamp": "2026-08-30T13:32:53.652756Z"}
HTTP Request: GET https://jurisprudencia.cc.gob.gt/Sentencias/817117.3918-2010.pdf "HTTP/1.1 200 OK"
{"url": "https://jurisprudencia.cc.gob.gt/Sentencias/817117.3918-2010.pdf", "status": 200, "bytes": 177762, "outcome": "ok", "attempts": 1, "event": "http", "level": "info", "timestamp": "2026-08-30T13:32:56.117109Z"}
HTTP Request: GET https://jurisprudencia.cc.gob.gt/Sentencias/824451.18-2013.pdf "HTTP/1.1 200 OK"
{"url": "https://jurisprudencia.cc.gob.gt/Sentencias/824451.18-2013.pdf", "status": 200, "bytes": 181782, "outcome": "ok", "attempts": 1, "event": "http", "level": "info", "timestamp": "2026-08-30T13:32:57.834712Z"}
HTTP Request: GET https://jurisprudencia.cc.gob.gt/Sentencias/821087.2760-2012.pdf "HTTP/1.1 200 OK"
{"url": "https://jurisprudencia.cc.gob.gt/Sentencias/821087.2760-2012.pdf", "status": 200, "bytes": 158616, "outcome": "ok", "attempts": 1, "event": "http", "level": "info", "timestamp": "2026-08-30T13:32:59.935615Z"}
HTTP Request: GET https://jurisprudencia.cc.gob.gt/Sentencias/843300.323-2019.pdf "HTTP/1.1 200 OK"
{"url": "https://jurisprudencia.cc.gob.gt/Sentencias/843300.323-2019.pdf", "status": 200, "bytes": 488305, "outcome": "ok", "attempts": 1, "event": "http", "level": "info", "timestamp": "2026-08-30T13:33:01.823515Z"}
HTTP Request: GET https://jurisprudencia.cc.gob.gt/Sentencias/846839.4312-2020.pdf "HTTP/1.1 200 OK"
{"url": "https://jurisprudencia.cc.gob.gt/Sentencias/846839.4312-2020.pdf", "status": 200, "bytes": 334802, "outcome": "ok", "attempts": 1, "event": "http", "level": "info", "timestamp": "2026-08-30T13:33:03.993800Z"}
HTTP Request: GET https://jurisprudencia.cc.gob.gt/Sentencias/836671.2069-2017.pdf "HTTP/1.1 200 OK"
{"url": "https://jurisprudencia.cc.gob.gt/Sentencias/836671.2069-2017.pdf", "status": 200, "bytes": 367031, "outcome": "ok", "attempts": 1, "event": "http", "level": "info", "timestamp": "2026-08-30T13:33:06.464633Z"}
HTTP Request: GET https://jurisprudencia.cc.gob.gt/Sentencias/817576.1179-2011.pdf "HTTP/1.1 200 OK"
{"url": "https://jurisprudencia.cc.gob.gt/Sentencias/817576.1179-2011.pdf", "status": 200, "bytes": 178494, "outcome": "ok", "attempts": 1, "event": "http", "level": "info", "timestamp": "2026-08-30T13:33:08.612740Z"}
HTTP Request: GET https://jurisprudencia.cc.gob.gt/Sentencias/832654.2877-2016.pdf "HTTP/1.1 200 OK"
{"url": "https://jurisprudencia.cc.gob.gt/Sentencias/832654.2877-2016.pdf", "status": 200, "bytes": 367350, "outcome": "ok", "attempts": 1, "event": "http", "level": "info", "timestamp": "2026-08-30T13:33:10.425646Z"}
HTTP Request: GET https://jurisprudencia.cc.gob.gt/Sentencias/841282.552-2018.pdf "HTTP/1.1 200 OK"
{"url": "https://jurisprudencia.cc.gob.gt/Sentencias/841282.552-2018.pdf", "status": 200, "bytes": 412784, "outcome": "ok", "attempts": 1, "event": "http", "level": "info", "timestamp": "2026-08-30T13:33:12.556642Z"}
HTTP Request: GET https://jurisprudencia.cc.gob.gt/Sentencias/838406.5055-2017.pdf "HTTP/1.1 200 OK"
{"url": "https://jurisprudencia.cc.gob.gt/Sentencias/838406.5055-2017.pdf", "status": 200, "bytes": 350668, "outcome": "ok", "attempts": 1, "event": "http", "level": "info", "timestamp": "2026-08-30T13:33:14.390696Z"}
HTTP Request: GET https://jurisprudencia.cc.gob.gt/Sentencias/814022.1578-2007.pdf "HTTP/1.1 200 OK"
{"url": "https://jurisprudencia.cc.gob.gt/Sentencias/814022.1578-2007.pdf", "status": 200, "bytes": 137525, "outcome": "ok", "attempts": 1, "event": "http", "level": "info", "timestamp": "2026-08-30T13:33:16.417214Z"}
HTTP Request: GET https://jurisprudencia.cc.gob.gt/Sentencias/823334.886-2013.pdf "HTTP/1.1 200 OK"
{"url": "https://jurisprudencia.cc.gob.gt/Sentencias/823334.886-2013.pdf", "status": 200, "bytes": 182812, "outcome": "ok", "attempts": 1, "event": "http", "level": "info", "timestamp": "2026-08-30T13:33:18.278151Z"}
{"url": "https://jurisprudencia.cc.gob.gt/Sentencias/828517.520-2015.pdf", "from_cache": true, "outcome": "ok", "event": "http", "level": "info", "timestamp": "2026-08-30T13:33:18.334807Z"}
HTTP Request: GET https://jurisprudencia.cc.gob.gt/Sentencias/823365.1783-2013.pdf "HTTP/1.1 200 OK"
{"url": "https://jurisprudencia.cc.gob.gt/Sentencias/823365.1783-2013.pdf", "status": 200, "bytes": 141757, "outcome": "ok", "attempts": 1, "event": "http", "level": "info", "timestamp": "2026-08-30T13:33:20.457621Z"}
HTTP Request: GET https://jurisprudencia.cc.gob.gt/Sentencias/799631.1787-2004.pdf "HTTP/1.1 200 OK"
{"url": "https://jurisprudencia.cc.gob.gt/Sentencias/799631.1787-2004.pdf", "status": 200, "bytes": 109263, "outcome": "ok", "attempts": 1, "event": "http", "level": "info", "timestamp": "2026-08-30T13:33:22.769747Z"}
HTTP Request: GET https://jurisprudencia.cc.gob.gt/Sentencias/838973.3903-2017.pdf "HTTP/1.1 200 OK"
{"url": "https://jurisprudencia.cc.gob.gt/Sentencias/838973.3903-2017.pdf", "status": 200, "bytes": 446518, "outcome": "ok", "attempts": 1, "event": "http", "level": "info", "timestamp": "2026-08-30T13:33:25.044382Z"}
HTTP Request: GET https://jurisprudencia.cc.gob.gt/Sentencias/837914.96-2017.pdf "HTTP/1.1 200 OK"
{"url": "https://jurisprudencia.cc.gob.gt/Sentencias/837914.96-2017.pdf", "status": 200, "bytes": 282649, "outcome": "ok", "attempts": 1, "event": "http", "level": "info", "timestamp": "2026-08-30T13:33:26.877552Z"}
HTTP Request: GET https://jurisprudencia.cc.gob.gt/Sentencias/854977.7147-2023.pdf "HTTP/1.1 200 OK"
{"url": "https://jurisprudencia.cc.gob.gt/Sentencias/854977.7147-2023.pdf", "status": 200, "bytes": 3039227, "outcome": "ok", "attempts": 1, "event": "http", "level": "info", "timestamp": "2026-08-30T13:33:28.814173Z"}
HTTP Request: GET https://jurisprudencia.cc.gob.gt/Sentencias/837880.4803-2017.pdf "HTTP/1.1 200 OK"
{"url": "https://jurisprudencia.cc.gob.gt/Sentencias/837880.4803-2017.pdf", "status": 200, "bytes": 374278, "outcome": "ok", "attempts": 1, "event": "http", "level": "info", "timestamp": "2026-08-30T13:33:31.004670Z"}
HTTP Request: GET https://jurisprudencia.cc.gob.gt/Sentencias/841963.5680-2018.pdf "HTTP/1.1 200 OK"
{"url": "https://jurisprudencia.cc.gob.gt/Sentencias/841963.5680-2018.pdf", "status": 200, "bytes": 485130, "outcome": "ok", "attempts": 1, "event": "http", "level": "info", "timestamp": "2026-08-30T13:33:32.870120Z"}
HTTP Request: GET https://jurisprudencia.cc.gob.gt/Sentencias/808109.3098-2006.pdf "HTTP/1.1 200 OK"
{"url": "https://jurisprudencia.cc.gob.gt/Sentencias/808109.3098-2006.pdf", "status": 200, "bytes": 98277, "outcome": "ok", "attempts": 1, "event": "http", "level": "info", "timestamp": "2026-08-30T13:33:34.714668Z"}
HTTP Request: GET https://jurisprudencia.cc.gob.gt/Sentencias/841042.4434-2018.pdf "HTTP/1.1 200 OK"
{"url": "https://jurisprudencia.cc.gob.gt/Sentencias/841042.4434-2018.pdf", "status": 200, "bytes": 566261, "outcome": "ok", "attempts": 1, "event": "http", "level": "info", "timestamp": "2026-08-30T13:33:36.541829Z"}
HTTP Request: GET https://jurisprudencia.cc.gob.gt/Sentencias/834961.5971-2016.pdf "HTTP/1.1 200 OK"
{"url": "https://jurisprudencia.cc.gob.gt/Sentencias/834961.5971-2016.pdf", "status": 200, "bytes": 773388, "outcome": "ok", "attempts": 1, "event": "http", "level": "info", "timestamp": "2026-08-30T13:33:38.299343Z"}
HTTP Request: GET https://jurisprudencia.cc.gob.gt/Sentencias/802643.3128-2006.pdf "HTTP/1.1 200 OK"
{"url": "https://jurisprudencia.cc.gob.gt/Sentencias/802643.3128-2006.pdf", "status": 200, "bytes": 136259, "outcome": "ok", "attempts": 1, "event": "http", "level": "info", "timestamp": "2026-08-30T13:33:39.894133Z"}
HTTP Request: GET https://jurisprudencia.cc.gob.gt/Sentencias/838550.6110-2017.pdf "HTTP/1.1 200 OK"
{"url": "https://jurisprudencia.cc.gob.gt/Sentencias/838550.6110-2017.pdf", "status": 200, "bytes": 312783, "outcome": "ok", "attempts": 1, "event": "http", "level": "info", "timestamp": "2026-08-30T13:33:41.562585Z"}
HTTP Request: GET https://jurisprudencia.cc.gob.gt/Sentencias/848900.4766-2021.pdf "HTTP/1.1 200 OK"
{"url": "https://jurisprudencia.cc.gob.gt/Sentencias/848900.4766-2021.pdf", "status": 200, "bytes": 367130, "outcome": "ok", "attempts": 1, "event": "http", "level": "info", "timestamp": "2026-08-30T13:33:43.480450Z"}
HTTP Request: GET https://jurisprudencia.cc.gob.gt/Sentencias/847170.4481-2020.pdf "HTTP/1.1 200 OK"
{"url": "https://jurisprudencia.cc.gob.gt/Sentencias/847170.4481-2020.pdf", "status": 200, "bytes": 372219, "outcome": "ok", "attempts": 1, "event": "http", "level": "info", "timestamp": "2026-08-30T13:33:45.306353Z"}
HTTP Request: GET https://jurisprudencia.cc.gob.gt/Sentencias/813918.1307-2007.pdf "HTTP/1.1 200 OK"
{"url": "https://jurisprudencia.cc.gob.gt/Sentencias/813918.1307-2007.pdf", "status": 200, "bytes": 165592, "outcome": "ok", "attempts": 1, "event": "http", "level": "info", "timestamp": "2026-08-30T13:33:47.158863Z"}
HTTP Request: GET https://jurisprudencia.cc.gob.gt/Sentencias/819473.1978-2011.pdf "HTTP/1.1 200 OK"
{"url": "https://jurisprudencia.cc.gob.gt/Sentencias/819473.1978-2011.pdf", "status": 200, "bytes": 189361, "outcome": "ok", "attempts": 1, "event": "http", "level": "info", "timestamp": "2026-08-30T13:33:49.421733Z"}
HTTP Request: GET https://jurisprudencia.cc.gob.gt/Sentencias/811036.2537-2008.pdf "HTTP/1.1 200 OK"
{"url": "https://jurisprudencia.cc.gob.gt/Sentencias/811036.2537-2008.pdf", "status": 200, "bytes": 241603, "outcome": "ok", "attempts": 1, "event": "http", "level": "info", "timestamp": "2026-08-30T13:33:51.174482Z"}
HTTP Request: GET https://jurisprudencia.cc.gob.gt/Sentencias/835227.577-2015.pdf "HTTP/1.1 200 OK"
{"url": "https://jurisprudencia.cc.gob.gt/Sentencias/835227.577-2015.pdf", "status": 200, "bytes": 218659, "outcome": "ok", "attempts": 1, "event": "http", "level": "info", "timestamp": "2026-08-30T13:33:53.213003Z"}
HTTP Request: GET https://jurisprudencia.cc.gob.gt/Sentencias/814045.2289-2007.pdf "HTTP/1.1 200 OK"
{"url": "https://jurisprudencia.cc.gob.gt/Sentencias/814045.2289-2007.pdf", "status": 200, "bytes": 141893, "outcome": "ok", "attempts": 1, "event": "http", "level": "info", "timestamp": "2026-08-30T13:33:55.136789Z"}
HTTP Request: GET https://jurisprudencia.cc.gob.gt/Sentencias/843381.3471-2019.pdf "HTTP/1.1 200 OK"
{"url": "https://jurisprudencia.cc.gob.gt/Sentencias/843381.3471-2019.pdf", "status": 200, "bytes": 609489, "outcome": "ok", "attempts": 1, "event": "http", "level": "info", "timestamp": "2026-08-30T13:33:56.961387Z"}
HTTP Request: GET https://jurisprudencia.cc.gob.gt/Sentencias/829748.3487-2015.pdf "HTTP/1.1 200 OK"
{"url": "https://jurisprudencia.cc.gob.gt/Sentencias/829748.3487-2015.pdf", "status": 200, "bytes": 195466, "outcome": "ok", "attempts": 1, "event": "http", "level": "info", "timestamp": "2026-08-30T13:33:58.772597Z"}
HTTP Request: GET https://jurisprudencia.cc.gob.gt/Sentencias/847376.4480-2020.pdf "HTTP/1.1 200 OK"
{"url": "https://jurisprudencia.cc.gob.gt/Sentencias/847376.4480-2020.pdf", "status": 200, "bytes": 345425, "outcome": "ok", "attempts": 1, "event": "http", "level": "info", "timestamp": "2026-08-30T13:34:00.886326Z"}
HTTP Request: GET https://jurisprudencia.cc.gob.gt/Sentencias/823048.1343-2013.pdf "HTTP/1.1 200 OK"
{"url": "https://jurisprudencia.cc.gob.gt/Sentencias/823048.1343-2013.pdf", "status": 200, "bytes": 139132, "outcome": "ok", "attempts": 1, "event": "http", "level": "info", "timestamp": "2026-08-30T13:34:03.165644Z"}
HTTP Request: GET https://jurisprudencia.cc.gob.gt/Sentencias/855474.1177-2022.pdf "HTTP/1.1 200 OK"
{"url": "https://jurisprudencia.cc.gob.gt/Sentencias/855474.1177-2022.pdf", "status": 200, "bytes": 3791972, "outcome": "ok", "attempts": 1, "event": "http", "level": "info", "timestamp": "2026-08-30T13:34:05.038012Z"}
HTTP Request: GET https://jurisprudencia.cc.gob.gt/Sentencias/813478.27-2008.pdf "HTTP/1.1 200 OK"
{"url": "https://jurisprudencia.cc.gob.gt/Sentencias/813478.27-2008.pdf", "status": 200, "bytes": 135793, "outcome": "ok", "attempts": 1, "event": "http", "level": "info", "timestamp": "2026-08-30T13:34:06.653442Z"}
HTTP Request: GET https://jurisprudencia.cc.gob.gt/Sentencias/849228.5988-2021.pdf "HTTP/1.1 200 OK"
{"url": "https://jurisprudencia.cc.gob.gt/Sentencias/849228.5988-2021.pdf", "status": 200, "bytes": 323518, "outcome": "ok", "attempts": 1, "event": "http", "level": "info", "timestamp": "2026-08-30T13:34:08.700324Z"}
HTTP Request: GET https://jurisprudencia.cc.gob.gt/Sentencias/824394.4934-2012.pdf "HTTP/1.1 200 OK"
{"url": "https://jurisprudencia.cc.gob.gt/Sentencias/824394.4934-2012.pdf", "status": 200, "bytes": 248953, "outcome": "ok", "attempts": 1, "event": "http", "level": "info", "timestamp": "2026-08-30T13:34:10.923974Z"}
HTTP Request: GET https://jurisprudencia.cc.gob.gt/Sentencias/824434.1268-2012.pdf "HTTP/1.1 200 OK"
{"url": "https://jurisprudencia.cc.gob.gt/Sentencias/824434.1268-2012.pdf", "status": 200, "bytes": 251466, "outcome": "ok", "attempts": 1, "event": "http", "level": "info", "timestamp": "2026-08-30T13:34:12.740693Z"}
HTTP Request: GET https://jurisprudencia.cc.gob.gt/Sentencias/828958.1377-2015.pdf "HTTP/1.1 200 OK"
{"url": "https://jurisprudencia.cc.gob.gt/Sentencias/828958.1377-2015.pdf", "status": 200, "bytes": 191730, "outcome": "ok", "attempts": 1, "event": "http", "level": "info", "timestamp": "2026-08-30T13:34:14.587049Z"}
HTTP Request: GET https://jurisprudencia.cc.gob.gt/Sentencias/842984.5985-2018.pdf "HTTP/1.1 200 OK"
{"url": "https://jurisprudencia.cc.gob.gt/Sentencias/842984.5985-2018.pdf", "status": 200, "bytes": 339943, "outcome": "ok", "attempts": 1, "event": "http", "level": "info", "timestamp": "2026-08-30T13:34:16.501752Z"}
HTTP Request: GET https://jurisprudencia.cc.gob.gt/Sentencias/842322.4120-2018.pdf "HTTP/1.1 200 OK"
{"url": "https://jurisprudencia.cc.gob.gt/Sentencias/842322.4120-2018.pdf", "status": 200, "bytes": 441854, "outcome": "ok", "attempts": 1, "event": "http", "level": "info", "timestamp": "2026-08-30T13:34:18.397784Z"}
HTTP Request: GET https://jurisprudencia.cc.gob.gt/Sentencias/836395.2232-2017.pdf "HTTP/1.1 200 OK"
{"url": "https://jurisprudencia.cc.gob.gt/Sentencias/836395.2232-2017.pdf", "status": 200, "bytes": 447841, "outcome": "ok", "attempts": 1, "event": "http", "level": "info", "timestamp": "2026-08-30T13:34:20.730928Z"}
HTTP Request: GET https://jurisprudencia.cc.gob.gt/Sentencias/845296.1002-2020.pdf "HTTP/1.1 200 OK"
{"url": "https://jurisprudencia.cc.gob.gt/Sentencias/845296.1002-2020.pdf", "status": 200, "bytes": 368361, "outcome": "ok", "attempts": 1, "event": "http", "level": "info", "timestamp": "2026-08-30T13:34:22.944673Z"}
HTTP Request: GET https://jurisprudencia.cc.gob.gt/Sentencias/843673.6047-2018.pdf "HTTP/1.1 200 OK"
{"url": "https://jurisprudencia.cc.gob.gt/Sentencias/843673.6047-2018.pdf", "status": 200, "bytes": 456231, "outcome": "ok", "attempts": 1, "event": "http", "level": "info", "timestamp": "2026-08-30T13:34:24.789454Z"}
HTTP Request: GET https://jurisprudencia.cc.gob.gt/Sentencias/825453.4355-2013.pdf "HTTP/1.1 200 OK"
{"url": "https://jurisprudencia.cc.gob.gt/Sentencias/825453.4355-2013.pdf", "status": 200, "bytes": 93688, "outcome": "ok", "attempts": 1, "event": "http", "level": "info", "timestamp": "2026-08-30T13:34:26.714051Z"}
HTTP Request: GET https://jurisprudencia.cc.gob.gt/Sentencias/805774.2746-2004.pdf "HTTP/1.1 200 OK"
{"url": "https://jurisprudencia.cc.gob.gt/Sentencias/805774.2746-2004.pdf", "status": 200, "bytes": 174583, "outcome": "ok", "attempts": 1, "event": "http", "level": "info", "timestamp": "2026-08-30T13:34:28.956955Z"}
HTTP Request: GET https://jurisprudencia.cc.gob.gt/Sentencias/828381.4025-2014.pdf "HTTP/1.1 200 OK"
{"url": "https://jurisprudencia.cc.gob.gt/Sentencias/828381.4025-2014.pdf", "status": 200, "bytes": 168552, "outcome": "ok", "attempts": 1, "event": "http", "level": "info", "timestamp": "2026-08-30T13:34:31.093047Z"}
HTTP Request: GET https://jurisprudencia.cc.gob.gt/Sentencias/831206.4616-2015.pdf "HTTP/1.1 200 OK"
{"url": "https://jurisprudencia.cc.gob.gt/Sentencias/831206.4616-2015.pdf", "status": 200, "bytes": 132776, "outcome": "ok", "attempts": 1, "event": "http", "level": "info", "timestamp": "2026-08-30T13:34:33.047141Z"}
HTTP Request: GET https://jurisprudencia.cc.gob.gt/Sentencias/853674.6044-2022.pdf "HTTP/1.1 200 OK"
{"url": "https://jurisprudencia.cc.gob.gt/Sentencias/853674.6044-2022.pdf", "status": 200, "bytes": 923360, "outcome": "ok", "attempts": 1, "event": "http", "level": "info", "timestamp": "2026-08-30T13:34:35.116945Z"}
HTTP Request: GET https://jurisprudencia.cc.gob.gt/Sentencias/834001.5461-2016.pdf "HTTP/1.1 200 OK"
{"url": "https://jurisprudencia.cc.gob.gt/Sentencias/834001.5461-2016.pdf", "status": 200, "bytes": 414400, "outcome": "ok", "attempts": 1, "event": "http", "level": "info", "timestamp": "2026-08-30T13:34:37.275318Z"}
HTTP Request: GET https://jurisprudencia.cc.gob.gt/Sentencias/816909.2722-2010.pdf "HTTP/1.1 200 OK"
{"url": "https://jurisprudencia.cc.gob.gt/Sentencias/816909.2722-2010.pdf", "status": 200, "bytes": 170508, "outcome": "ok", "attempts": 1, "event": "http", "level": "info", "timestamp": "2026-08-30T13:34:39.094615Z"}
HTTP Request: GET https://jurisprudencia.cc.gob.gt/Sentencias/822715.849-2013.pdf "HTTP/1.1 200 OK"
{"url": "https://jurisprudencia.cc.gob.gt/Sentencias/822715.849-2013.pdf", "status": 200, "bytes": 178512, "outcome": "ok", "attempts": 1, "event": "http", "level": "info", "timestamp": "2026-08-30T13:34:41.029344Z"}
HTTP Request: GET https://jurisprudencia.cc.gob.gt/Sentencias/819569.2018-2011.pdf "HTTP/1.1 200 OK"
{"url": "https://jurisprudencia.cc.gob.gt/Sentencias/819569.2018-2011.pdf", "status": 200, "bytes": 188987, "outcome": "ok", "attempts": 1, "event": "http", "level": "info", "timestamp": "2026-08-30T13:34:43.060835Z"}
{"url": "https://jurisprudencia.cc.gob.gt/Sentencias/829515.1564-2015.pdf", "from_cache": true, "outcome": "ok", "event": "http", "level": "info", "timestamp": "2026-08-30T13:34:43.111858Z"}
HTTP Request: GET https://jurisprudencia.cc.gob.gt/Sentencias/811691.2135-2008.pdf "HTTP/1.1 200 OK"
{"url": "https://jurisprudencia.cc.gob.gt/Sentencias/811691.2135-2008.pdf", "status": 200, "bytes": 154929, "outcome": "ok", "attempts": 1, "event": "http", "level": "info", "timestamp": "2026-08-30T13:34:45.367153Z"}
HTTP Request: GET https://jurisprudencia.cc.gob.gt/Sentencias/812072.1376-2008.pdf "HTTP/1.1 200 OK"
{"url": "https://jurisprudencia.cc.gob.gt/Sentencias/812072.1376-2008.pdf", "status": 200, "bytes": 239142, "outcome": "ok", "attempts": 1, "event": "http", "level": "info", "timestamp": "2026-08-30T13:34:47.097720Z"}
HTTP Request: GET https://jurisprudencia.cc.gob.gt/Sentencias/839394.513-2017.pdf "HTTP/1.1 200 OK"
{"url": "https://jurisprudencia.cc.gob.gt/Sentencias/839394.513-2017.pdf", "status": 200, "bytes": 457499, "outcome": "ok", "attempts": 1, "event": "http", "level": "info", "timestamp": "2026-08-30T13:34:49.072922Z"}
HTTP Request: GET https://jurisprudencia.cc.gob.gt/Sentencias/814025.1732-2007%20y%201555-2007.pdf "HTTP/1.1 200 OK"
{"url": "https://jurisprudencia.cc.gob.gt/Sentencias/814025.1732-2007%20y%201555-2007.pdf", "status": 200, "bytes": 164671, "outcome": "ok", "attempts": 1, "event": "http", "level": "info", "timestamp": "2026-08-30T13:34:51.137558Z"}
HTTP Request: GET https://jurisprudencia.cc.gob.gt/Sentencias/818616.1705-2011.pdf "HTTP/1.1 200 OK"
{"url": "https://jurisprudencia.cc.gob.gt/Sentencias/818616.1705-2011.pdf", "status": 200, "bytes": 131645, "outcome": "ok", "attempts": 1, "event": "http", "level": "info", "timestamp": "2026-08-30T13:34:53.129985Z"}
HTTP Request: GET https://jurisprudencia.cc.gob.gt/Sentencias/838670.4556-2017.pdf "HTTP/1.1 200 OK"
{"url": "https://jurisprudencia.cc.gob.gt/Sentencias/838670.4556-2017.pdf", "status": 200, "bytes": 447072, "outcome": "ok", "attempts": 1, "event": "http", "level": "info", "timestamp": "2026-08-30T13:34:54.947036Z"}
{"procesados": 600, "por_regla": 559, "event": "avance", "level": "info", "timestamp": "2026-08-30T13:34:55.030535Z"}
HTTP Request: GET https://jurisprudencia.cc.gob.gt/Sentencias/799333.420-2004.pdf "HTTP/1.1 200 OK"
{"url": "https://jurisprudencia.cc.gob.gt/Sentencias/799333.420-2004.pdf", "status": 200, "bytes": 128592, "outcome": "ok", "attempts": 1, "event": "http", "level": "info", "timestamp": "2026-08-30T13:34:56.574103Z"}
HTTP Request: GET https://jurisprudencia.cc.gob.gt/Sentencias/823444.2781-2012.pdf "HTTP/1.1 200 OK"
{"url": "https://jurisprudencia.cc.gob.gt/Sentencias/823444.2781-2012.pdf", "status": 200, "bytes": 194540, "outcome": "ok", "attempts": 1, "event": "http", "level": "info", "timestamp": "2026-08-30T13:34:58.644707Z"}
HTTP Request: GET https://jurisprudencia.cc.gob.gt/Sentencias/837403.5671-2016.pdf "HTTP/1.1 200 OK"
{"url": "https://jurisprudencia.cc.gob.gt/Sentencias/837403.5671-2016.pdf", "status": 200, "bytes": 287873, "outcome": "ok", "attempts": 1, "event": "http", "level": "info", "timestamp": "2026-08-30T13:35:00.835303Z"}
HTTP Request: GET https://jurisprudencia.cc.gob.gt/Sentencias/834557.2234-2016.pdf "HTTP/1.1 200 OK"
{"url": "https://jurisprudencia.cc.gob.gt/Sentencias/834557.2234-2016.pdf", "status": 200, "bytes": 388102, "outcome": "ok", "attempts": 1, "event": "http", "level": "info", "timestamp": "2026-08-30T13:35:02.621588Z"}
HTTP Request: GET https://jurisprudencia.cc.gob.gt/Sentencias/818409.2282-2011.pdf "HTTP/1.1 200 OK"
{"url": "https://jurisprudencia.cc.gob.gt/Sentencias/818409.2282-2011.pdf", "status": 200, "bytes": 175752, "outcome": "ok", "attempts": 1, "event": "http", "level": "info", "timestamp": "2026-08-30T13:35:04.235130Z"}
HTTP Request: GET https://jurisprudencia.cc.gob.gt/Sentencias/824465.1538-2013.pdf "HTTP/1.1 200 OK"
{"url": "https://jurisprudencia.cc.gob.gt/Sentencias/824465.1538-2013.pdf", "status": 200, "bytes": 183208, "outcome": "ok", "attempts": 1, "event": "http", "level": "info", "timestamp": "2026-08-30T13:35:06.562810Z"}
HTTP Request: GET https://jurisprudencia.cc.gob.gt/Sentencias/845177.4578-2019.pdf "HTTP/1.1 200 OK"
{"url": "https://jurisprudencia.cc.gob.gt/Sentencias/845177.4578-2019.pdf", "status": 200, "bytes": 278151, "outcome": "ok", "attempts": 1, "event": "http", "level": "info", "timestamp": "2026-08-30T13:35:08.669538Z"}
HTTP Request: GET https://jurisprudencia.cc.gob.gt/Sentencias/818399.1494-2011.pdf "HTTP/1.1 200 OK"
{"url": "https://jurisprudencia.cc.gob.gt/Sentencias/818399.1494-2011.pdf", "status": 200, "bytes": 187411, "outcome": "ok", "attempts": 1, "event": "http", "level": "info", "timestamp": "2026-08-30T13:35:10.692668Z"}
HTTP Request: GET https://jurisprudencia.cc.gob.gt/Sentencias/813892.2718-2007.pdf "HTTP/1.1 200 OK"
{"url": "https://jurisprudencia.cc.gob.gt/Sentencias/813892.2718-2007.pdf", "status": 200, "bytes": 167601, "outcome": "ok", "attempts": 1, "event": "http", "level": "info", "timestamp": "2026-08-30T13:35:12.463083Z"}
HTTP Request: GET https://jurisprudencia.cc.gob.gt/Sentencias/799121.1113-2003.pdf "HTTP/1.1 200 OK"
{"url": "https://jurisprudencia.cc.gob.gt/Sentencias/799121.1113-2003.pdf", "status": 200, "bytes": 93230, "outcome": "ok", "attempts": 1, "event": "http", "level": "info", "timestamp": "2026-08-30T13:35:14.603967Z"}
HTTP Request: GET https://jurisprudencia.cc.gob.gt/Sentencias/840205.1184-2018.pdf "HTTP/1.1 200 OK"
{"url": "https://jurisprudencia.cc.gob.gt/Sentencias/840205.1184-2018.pdf", "status": 200, "bytes": 580344, "outcome": "ok", "attempts": 1, "event": "http", "level": "info", "timestamp": "2026-08-30T13:35:16.737976Z"}
HTTP Request: GET https://jurisprudencia.cc.gob.gt/Sentencias/860790.5902-2023.pdf "HTTP/1.1 200 OK"
{"url": "https://jurisprudencia.cc.gob.gt/Sentencias/860790.5902-2023.pdf", "status": 200, "bytes": 3943253, "outcome": "ok", "attempts": 1, "event": "http", "level": "info", "timestamp": "2026-08-30T13:35:18.952242Z"}
HTTP Request: GET https://jurisprudencia.cc.gob.gt/Sentencias/854758.5382-2023.pdf "HTTP/1.1 200 OK"
{"url": "https://jurisprudencia.cc.gob.gt/Sentencias/854758.5382-2023.pdf", "status": 200, "bytes": 3950746, "outcome": "ok", "attempts": 1, "event": "http", "level": "info", "timestamp": "2026-08-30T13:35:21.013835Z"}
HTTP Request: GET https://jurisprudencia.cc.gob.gt/Sentencias/826999.388-2014.pdf "HTTP/1.1 200 OK"
{"url": "https://jurisprudencia.cc.gob.gt/Sentencias/826999.388-2014.pdf", "status": 200, "bytes": 147250, "outcome": "ok", "attempts": 1, "event": "http", "level": "info", "timestamp": "2026-08-30T13:35:22.611811Z"}
HTTP Request: GET https://jurisprudencia.cc.gob.gt/Sentencias/820027.4979-2011.pdf "HTTP/1.1 200 OK"
{"url": "https://jurisprudencia.cc.gob.gt/Sentencias/820027.4979-2011.pdf", "status": 200, "bytes": 131691, "outcome": "ok", "attempts": 1, "event": "http", "level": "info", "timestamp": "2026-08-30T13:35:24.784215Z"}
{"url": "https://jurisprudencia.cc.gob.gt/Sentencias/832275.334-2015.pdf", "from_cache": true, "outcome": "ok", "event": "http", "level": "info", "timestamp": "2026-08-30T13:35:24.815777Z"}
HTTP Request: GET https://jurisprudencia.cc.gob.gt/Sentencias/849209.5272-2021.pdf "HTTP/1.1 200 OK"
{"url": "https://jurisprudencia.cc.gob.gt/Sentencias/849209.5272-2021.pdf", "status": 200, "bytes": 270503, "outcome": "ok", "attempts": 1, "event": "http", "level": "info", "timestamp": "2026-08-30T13:35:26.840123Z"}
HTTP Request: GET https://jurisprudencia.cc.gob.gt/Sentencias/811389.2877-2008.pdf "HTTP/1.1 200 OK"
{"url": "https://jurisprudencia.cc.gob.gt/Sentencias/811389.2877-2008.pdf", "status": 200, "bytes": 187354, "outcome": "ok", "attempts": 1, "event": "http", "level": "info", "timestamp": "2026-08-30T13:35:29.090821Z"}
HTTP Request: GET https://jurisprudencia.cc.gob.gt/Sentencias/842182.1507-2018.pdf "HTTP/1.1 200 OK"
{"url": "https://jurisprudencia.cc.gob.gt/Sentencias/842182.1507-2018.pdf", "status": 200, "bytes": 435240, "outcome": "ok", "attempts": 1, "event": "http", "level": "info", "timestamp": "2026-08-30T13:35:30.753356Z"}
HTTP Request: GET https://jurisprudencia.cc.gob.gt/Sentencias/853557.1433-2023.pdf "HTTP/1.1 200 OK"
{"url": "https://jurisprudencia.cc.gob.gt/Sentencias/853557.1433-2023.pdf", "status": 200, "bytes": 693683, "outcome": "ok", "attempts": 1, "event": "http", "level": "info", "timestamp": "2026-08-30T13:35:33.134989Z"}
HTTP Request: GET https://jurisprudencia.cc.gob.gt/Sentencias/848240.1917-2021.pdf "HTTP/1.1 200 OK"
{"url": "https://jurisprudencia.cc.gob.gt/Sentencias/848240.1917-2021.pdf", "status": 200, "bytes": 294113, "outcome": "ok", "attempts": 1, "event": "http", "level": "info", "timestamp": "2026-08-30T13:35:34.776961Z"}
HTTP Request: GET https://jurisprudencia.cc.gob.gt/Sentencias/842618.1468-2019.pdf "HTTP/1.1 200 OK"
{"url": "https://jurisprudencia.cc.gob.gt/Sentencias/842618.1468-2019.pdf", "status": 200, "bytes": 559009, "outcome": "ok", "attempts": 1, "event": "http", "level": "info", "timestamp": "2026-08-30T13:35:36.629910Z"}
HTTP Request: GET https://jurisprudencia.cc.gob.gt/Sentencias/838669.4218-2016.pdf "HTTP/1.1 200 OK"
{"url": "https://jurisprudencia.cc.gob.gt/Sentencias/838669.4218-2016.pdf", "status": 200, "bytes": 360234, "outcome": "ok", "attempts": 1, "event": "http", "level": "info", "timestamp": "2026-08-30T13:35:38.725363Z"}
HTTP Request: GET https://jurisprudencia.cc.gob.gt/Sentencias/846452.1553-2020.pdf "HTTP/1.1 200 OK"
{"url": "https://jurisprudencia.cc.gob.gt/Sentencias/846452.1553-2020.pdf", "status": 200, "bytes": 300353, "outcome": "ok", "attempts": 1, "event": "http", "level": "info", "timestamp": "2026-08-30T13:35:40.722821Z"}
HTTP Request: GET https://jurisprudencia.cc.gob.gt/Sentencias/817280.2717-2010.pdf "HTTP/1.1 200 OK"
{"url": "https://jurisprudencia.cc.gob.gt/Sentencias/817280.2717-2010.pdf", "status": 200, "bytes": 147659, "outcome": "ok", "attempts": 1, "event": "http", "level": "info", "timestamp": "2026-08-30T13:35:42.704657Z"}
HTTP Request: GET https://jurisprudencia.cc.gob.gt/Sentencias/832695.3648-2016.pdf "HTTP/1.1 200 OK"
{"url": "https://jurisprudencia.cc.gob.gt/Sentencias/832695.3648-2016.pdf", "status": 200, "bytes": 429830, "outcome": "ok", "attempts": 1, "event": "http", "level": "info", "timestamp": "2026-08-30T13:35:44.475368Z"}
HTTP Request: GET https://jurisprudencia.cc.gob.gt/Sentencias/828625.1566-2015.pdf "HTTP/1.1 200 OK"
{"url": "https://jurisprudencia.cc.gob.gt/Sentencias/828625.1566-2015.pdf", "status": 200, "bytes": 173317, "outcome": "ok", "attempts": 1, "event": "http", "level": "info", "timestamp": "2026-08-30T13:35:46.263011Z"}
{"url": "https://jurisprudencia.cc.gob.gt/Sentencias/833870.4009-2016%20y%204120-2016.pdf", "from_cache": true, "outcome": "ok", "event": "http", "level": "info", "timestamp": "2026-08-30T13:35:46.327492Z"}
HTTP Request: GET https://jurisprudencia.cc.gob.gt/Sentencias/833976.5489-2014.pdf "HTTP/1.1 200 OK"
{"url": "https://jurisprudencia.cc.gob.gt/Sentencias/833976.5489-2014.pdf", "status": 200, "bytes": 155237, "outcome": "ok", "attempts": 1, "event": "http", "level": "info", "timestamp": "2026-08-30T13:35:48.061883Z"}
HTTP Request: GET https://jurisprudencia.cc.gob.gt/Sentencias/842133.4013-2018.pdf "HTTP/1.1 200 OK"
{"url": "https://jurisprudencia.cc.gob.gt/Sentencias/842133.4013-2018.pdf", "status": 200, "bytes": 332881, "outcome": "ok", "attempts": 1, "event": "http", "level": "info", "timestamp": "2026-08-30T13:35:50.353383Z"}
HTTP Request: GET https://jurisprudencia.cc.gob.gt/Sentencias/853569.4247-2022.pdf "HTTP/1.1 200 OK"
{"url": "https://jurisprudencia.cc.gob.gt/Sentencias/853569.4247-2022.pdf", "status": 200, "bytes": 721752, "outcome": "ok", "attempts": 1, "event": "http", "level": "info", "timestamp": "2026-08-30T13:35:52.650292Z"}
HTTP Request: GET https://jurisprudencia.cc.gob.gt/Sentencias/808034.3307-2006.pdf "HTTP/1.1 200 OK"
{"url": "https://jurisprudencia.cc.gob.gt/Sentencias/808034.3307-2006.pdf", "status": 200, "bytes": 172765, "outcome": "ok", "attempts": 1, "event": "http", "level": "info", "timestamp": "2026-08-30T13:35:54.589877Z"}
HTTP Request: GET https://jurisprudencia.cc.gob.gt/Sentencias/842122.5444-2018.pdf "HTTP/1.1 200 OK"
{"url": "https://jurisprudencia.cc.gob.gt/Sentencias/842122.5444-2018.pdf", "status": 200, "bytes": 412447, "outcome": "ok", "attempts": 1, "event": "http", "level": "info", "timestamp": "2026-08-30T13:35:56.355203Z"}
HTTP Request: GET https://jurisprudencia.cc.gob.gt/Sentencias/834442.5347-2016.pdf "HTTP/1.1 200 OK"
{"url": "https://jurisprudencia.cc.gob.gt/Sentencias/834442.5347-2016.pdf", "status": 200, "bytes": 320341, "outcome": "ok", "attempts": 1, "event": "http", "level": "info", "timestamp": "2026-08-30T13:35:58.561461Z"}
HTTP Request: GET https://jurisprudencia.cc.gob.gt/Sentencias/820356.4030-2011.pdf "HTTP/1.1 200 OK"
{"url": "https://jurisprudencia.cc.gob.gt/Sentencias/820356.4030-2011.pdf", "status": 200, "bytes": 194993, "outcome": "ok", "attempts": 1, "event": "http", "level": "info", "timestamp": "2026-08-30T13:36:00.410568Z"}
HTTP Request: GET https://jurisprudencia.cc.gob.gt/Sentencias/850674.2236-2021.pdf "HTTP/1.1 200 OK"
{"url": "https://jurisprudencia.cc.gob.gt/Sentencias/850674.2236-2021.pdf", "status": 200, "bytes": 828076, "outcome": "ok", "attempts": 1, "event": "http", "level": "info", "timestamp": "2026-08-30T13:36:02.269625Z"}
HTTP Request: GET https://jurisprudencia.cc.gob.gt/Sentencias/852429.5155-2022.pdf "HTTP/1.1 200 OK"
{"url": "https://jurisprudencia.cc.gob.gt/Sentencias/852429.5155-2022.pdf", "status": 200, "bytes": 858108, "outcome": "ok", "attempts": 1, "event": "http", "level": "info", "timestamp": "2026-08-30T13:36:04.314535Z"}
HTTP Request: GET https://jurisprudencia.cc.gob.gt/Sentencias/830105.1061-2015.pdf "HTTP/1.1 200 OK"
{"url": "https://jurisprudencia.cc.gob.gt/Sentencias/830105.1061-2015.pdf", "status": 200, "bytes": 149040, "outcome": "ok", "attempts": 1, "event": "http", "level": "info", "timestamp": "2026-08-30T13:36:05.986210Z"}
HTTP Request: GET https://jurisprudencia.cc.gob.gt/Sentencias/827288.5980-2013.pdf "HTTP/1.1 200 OK"
{"url": "https://jurisprudencia.cc.gob.gt/Sentencias/827288.5980-2013.pdf", "status": 200, "bytes": 85922, "outcome": "ok", "attempts": 1, "event": "http", "level": "info", "timestamp": "2026-08-30T13:36:08.386397Z"}
HTTP Request: GET https://jurisprudencia.cc.gob.gt/Sentencias/818924.258-2011.pdf "HTTP/1.1 200 OK"
{"url": "https://jurisprudencia.cc.gob.gt/Sentencias/818924.258-2011.pdf", "status": 200, "bytes": 178089, "outcome": "ok", "attempts": 1, "event": "http", "level": "info", "timestamp": "2026-08-30T13:36:10.154975Z"}
HTTP Request: GET https://jurisprudencia.cc.gob.gt/Sentencias/802478.1004-2007.pdf "HTTP/1.1 200 OK"
{"url": "https://jurisprudencia.cc.gob.gt/Sentencias/802478.1004-2007.pdf", "status": 200, "bytes": 193571, "outcome": "ok", "attempts": 1, "event": "http", "level": "info", "timestamp": "2026-08-30T13:36:12.160501Z"}
HTTP Request: GET https://jurisprudencia.cc.gob.gt/Sentencias/832609.1647-2016.pdf "HTTP/1.1 200 OK"
{"url": "https://jurisprudencia.cc.gob.gt/Sentencias/832609.1647-2016.pdf", "status": 200, "bytes": 313950, "outcome": "ok", "attempts": 1, "event": "http", "level": "info", "timestamp": "2026-08-30T13:36:13.963268Z"}
HTTP Request: GET https://jurisprudencia.cc.gob.gt/Sentencias/817981.1689-2011.pdf "HTTP/1.1 200 OK"
{"url": "https://jurisprudencia.cc.gob.gt/Sentencias/817981.1689-2011.pdf", "status": 200, "bytes": 185196, "outcome": "ok", "attempts": 1, "event": "http", "level": "info", "timestamp": "2026-08-30T13:36:15.976879Z"}
HTTP Request: GET https://jurisprudencia.cc.gob.gt/Sentencias/824519.4263-2013.pdf "HTTP/1.1 200 OK"
{"url": "https://jurisprudencia.cc.gob.gt/Sentencias/824519.4263-2013.pdf", "status": 200, "bytes": 137573, "outcome": "ok", "attempts": 1, "event": "http", "level": "info", "timestamp": "2026-08-30T13:36:18.108084Z"}
HTTP Request: GET https://jurisprudencia.cc.gob.gt/Sentencias/850512.5855-2021.pdf "HTTP/1.1 200 OK"
{"url": "https://jurisprudencia.cc.gob.gt/Sentencias/850512.5855-2021.pdf", "status": 200, "bytes": 795399, "outcome": "ok", "attempts": 1, "event": "http", "level": "info", "timestamp": "2026-08-30T13:36:20.286004Z"}
HTTP Request: GET https://jurisprudencia.cc.gob.gt/Sentencias/834920.3027-2015.pdf "HTTP/1.1 200 OK"
{"url": "https://jurisprudencia.cc.gob.gt/Sentencias/834920.3027-2015.pdf", "status": 200, "bytes": 161470, "outcome": "ok", "attempts": 1, "event": "http", "level": "info", "timestamp": "2026-08-30T13:36:22.070289Z"}
HTTP Request: GET https://jurisprudencia.cc.gob.gt/Sentencias/842935.3081-2019.pdf "HTTP/1.1 200 OK"
{"url": "https://jurisprudencia.cc.gob.gt/Sentencias/842935.3081-2019.pdf", "status": 200, "bytes": 487399, "outcome": "ok", "attempts": 1, "event": "http", "level": "info", "timestamp": "2026-08-30T13:36:24.126224Z"}
HTTP Request: GET https://jurisprudencia.cc.gob.gt/Sentencias/848932.2917-2021.pdf "HTTP/1.1 200 OK"
{"url": "https://jurisprudencia.cc.gob.gt/Sentencias/848932.2917-2021.pdf", "status": 200, "bytes": 260344, "outcome": "ok", "attempts": 1, "event": "http", "level": "info", "timestamp": "2026-08-30T13:36:26.201672Z"}
HTTP Request: GET https://jurisprudencia.cc.gob.gt/Sentencias/802641.3106-2006.pdf "HTTP/1.1 200 OK"
{"url": "https://jurisprudencia.cc.gob.gt/Sentencias/802641.3106-2006.pdf", "status": 200, "bytes": 144190, "outcome": "ok", "attempts": 1, "event": "http", "level": "info", "timestamp": "2026-08-30T13:36:28.035328Z"}
HTTP Request: GET https://jurisprudencia.cc.gob.gt/Sentencias/809615.3185-2008.pdf "HTTP/1.1 200 OK"
{"url": "https://jurisprudencia.cc.gob.gt/Sentencias/809615.3185-2008.pdf", "status": 200, "bytes": 169158, "outcome": "ok", "attempts": 1, "event": "http", "level": "info", "timestamp": "2026-08-30T13:36:30.354041Z"}
HTTP Request: GET https://jurisprudencia.cc.gob.gt/Sentencias/812030.1830-2008.pdf "HTTP/1.1 200 OK"
{"url": "https://jurisprudencia.cc.gob.gt/Sentencias/812030.1830-2008.pdf", "status": 200, "bytes": 234591, "outcome": "ok", "attempts": 1, "event": "http", "level": "info", "timestamp": "2026-08-30T13:36:32.659113Z"}
HTTP Request: GET https://jurisprudencia.cc.gob.gt/Sentencias/822906.2587-2004.pdf "HTTP/1.1 200 OK"
{"url": "https://jurisprudencia.cc.gob.gt/Sentencias/822906.2587-2004.pdf", "status": 200, "bytes": 174713, "outcome": "ok", "attempts": 1, "event": "http", "level": "info", "timestamp": "2026-08-30T13:36:34.333174Z"}
HTTP Request: GET https://jurisprudencia.cc.gob.gt/Sentencias/847471.979-2021.pdf "HTTP/1.1 200 OK"
{"url": "https://jurisprudencia.cc.gob.gt/Sentencias/847471.979-2021.pdf", "status": 200, "bytes": 341148, "outcome": "ok", "attempts": 1, "event": "http", "level": "info", "timestamp": "2026-08-30T13:36:36.354728Z"}
HTTP Request: GET https://jurisprudencia.cc.gob.gt/Sentencias/837575.4694-2017.pdf "HTTP/1.1 200 OK"
{"url": "https://jurisprudencia.cc.gob.gt/Sentencias/837575.4694-2017.pdf", "status": 200, "bytes": 312337, "outcome": "ok", "attempts": 1, "event": "http", "level": "info", "timestamp": "2026-08-30T13:36:38.524305Z"}
HTTP Request: GET https://jurisprudencia.cc.gob.gt/Sentencias/851657.237-2021.pdf "HTTP/1.1 200 OK"
{"url": "https://jurisprudencia.cc.gob.gt/Sentencias/851657.237-2021.pdf", "status": 200, "bytes": 779038, "outcome": "ok", "attempts": 1, "event": "http", "level": "info", "timestamp": "2026-08-30T13:36:40.227260Z"}
HTTP Request: GET https://jurisprudencia.cc.gob.gt/Sentencias/852405.3290-2023.pdf "HTTP/1.1 200 OK"
{"url": "https://jurisprudencia.cc.gob.gt/Sentencias/852405.3290-2023.pdf", "status": 200, "bytes": 792827, "outcome": "ok", "attempts": 1, "event": "http", "level": "info", "timestamp": "2026-08-30T13:36:42.486786Z"}
HTTP Request: GET https://jurisprudencia.cc.gob.gt/Sentencias/810036.2294%20y%202296-2009.pdf "HTTP/1.1 200 OK"
{"url": "https://jurisprudencia.cc.gob.gt/Sentencias/810036.2294%20y%202296-2009.pdf", "status": 200, "bytes": 193402, "outcome": "ok", "attempts": 1, "event": "http", "level": "info", "timestamp": "2026-08-30T13:36:44.171463Z"}
HTTP Request: GET https://jurisprudencia.cc.gob.gt/Sentencias/823391.2168-2013.pdf "HTTP/1.1 200 OK"
{"url": "https://jurisprudencia.cc.gob.gt/Sentencias/823391.2168-2013.pdf", "status": 200, "bytes": 189532, "outcome": "ok", "attempts": 1, "event": "http", "level": "info", "timestamp": "2026-08-30T13:36:46.394811Z"}
HTTP Request: GET https://jurisprudencia.cc.gob.gt/Sentencias/852807.2375-2023.pdf "HTTP/1.1 200 OK"
{"url": "https://jurisprudencia.cc.gob.gt/Sentencias/852807.2375-2023.pdf", "status": 200, "bytes": 804484, "outcome": "ok", "attempts": 1, "event": "http", "level": "info", "timestamp": "2026-08-30T13:36:48.251584Z"}
HTTP Request: GET https://jurisprudencia.cc.gob.gt/Sentencias/826354.2595-2014.pdf "HTTP/1.1 200 OK"
{"url": "https://jurisprudencia.cc.gob.gt/Sentencias/826354.2595-2014.pdf", "status": 200, "bytes": 135923, "outcome": "ok", "attempts": 1, "event": "http", "level": "info", "timestamp": "2026-08-30T13:36:50.159754Z"}
HTTP Request: GET https://jurisprudencia.cc.gob.gt/Sentencias/847019.208-2021.pdf "HTTP/1.1 200 OK"
{"url": "https://jurisprudencia.cc.gob.gt/Sentencias/847019.208-2021.pdf", "status": 200, "bytes": 428216, "outcome": "ok", "attempts": 1, "event": "http", "level": "info", "timestamp": "2026-08-30T13:36:52.219440Z"}
HTTP Request: GET https://jurisprudencia.cc.gob.gt/Sentencias/832495.3966-2016.pdf "HTTP/1.1 200 OK"
{"url": "https://jurisprudencia.cc.gob.gt/Sentencias/832495.3966-2016.pdf", "status": 200, "bytes": 571210, "outcome": "ok", "attempts": 1, "event": "http", "level": "info", "timestamp": "2026-08-30T13:36:54.238706Z"}
HTTP Request: GET https://jurisprudencia.cc.gob.gt/Sentencias/822706.3380-2012.pdf "HTTP/1.1 200 OK"
{"url": "https://jurisprudencia.cc.gob.gt/Sentencias/822706.3380-2012.pdf", "status": 200, "bytes": 173889, "outcome": "ok", "attempts": 1, "event": "http", "level": "info", "timestamp": "2026-08-30T13:36:56.164266Z"}
HTTP Request: GET https://jurisprudencia.cc.gob.gt/Sentencias/841106.4406-2018.pdf "HTTP/1.1 200 OK"
{"url": "https://jurisprudencia.cc.gob.gt/Sentencias/841106.4406-2018.pdf", "status": 200, "bytes": 575869, "outcome": "ok", "attempts": 1, "event": "http", "level": "info", "timestamp": "2026-08-30T13:36:58.185386Z"}
HTTP Request: GET https://jurisprudencia.cc.gob.gt/Sentencias/809222.3927-2009.pdf "HTTP/1.1 200 OK"
{"url": "https://jurisprudencia.cc.gob.gt/Sentencias/809222.3927-2009.pdf", "status": 200, "bytes": 251720, "outcome": "ok", "attempts": 1, "event": "http", "level": "info", "timestamp": "2026-08-30T13:37:00.083819Z"}
{"url": "https://jurisprudencia.cc.gob.gt/Sentencias/798732.1908-2003.pdf", "from_cache": true, "outcome": "ok", "event": "http", "level": "info", "timestamp": "2026-08-30T13:37:00.125923Z"}
HTTP Request: GET https://jurisprudencia.cc.gob.gt/Sentencias/814501.923-2009.pdf "HTTP/1.1 200 OK"
{"url": "https://jurisprudencia.cc.gob.gt/Sentencias/814501.923-2009.pdf", "status": 200, "bytes": 141849, "outcome": "ok", "attempts": 1, "event": "http", "level": "info", "timestamp": "2026-08-30T13:37:02.070245Z"}
HTTP Request: GET https://jurisprudencia.cc.gob.gt/Sentencias/798667.1493-2003.pdf "HTTP/1.1 200 OK"
{"url": "https://jurisprudencia.cc.gob.gt/Sentencias/798667.1493-2003.pdf", "status": 200, "bytes": 115752, "outcome": "ok", "attempts": 1, "event": "http", "level": "info", "timestamp": "2026-08-30T13:37:04.119638Z"}
HTTP Request: GET https://jurisprudencia.cc.gob.gt/Sentencias/856779.1650-2023.pdf "HTTP/1.1 200 OK"
{"url": "https://jurisprudencia.cc.gob.gt/Sentencias/856779.1650-2023.pdf", "status": 200, "bytes": 3942982, "outcome": "ok", "attempts": 1, "event": "http", "level": "info", "timestamp": "2026-08-30T13:37:06.227842Z"}
HTTP Request: GET https://jurisprudencia.cc.gob.gt/Sentencias/802581.249-2007.pdf "HTTP/1.1 200 OK"
{"url": "https://jurisprudencia.cc.gob.gt/Sentencias/802581.249-2007.pdf", "status": 200, "bytes": 136207, "outcome": "ok", "attempts": 1, "event": "http", "level": "info", "timestamp": "2026-08-30T13:37:07.691856Z"}
HTTP Request: GET https://jurisprudencia.cc.gob.gt/Sentencias/852604.2945-2023.pdf "HTTP/1.1 200 OK"
{"url": "https://jurisprudencia.cc.gob.gt/Sentencias/852604.2945-2023.pdf", "status": 200, "bytes": 697914, "outcome": "ok", "attempts": 1, "event": "http", "level": "info", "timestamp": "2026-08-30T13:37:09.935963Z"}
HTTP Request: GET https://jurisprudencia.cc.gob.gt/Sentencias/814175.2951-2009.pdf "HTTP/1.1 200 OK"
{"url": "https://jurisprudencia.cc.gob.gt/Sentencias/814175.2951-2009.pdf", "status": 200, "bytes": 142152, "outcome": "ok", "attempts": 1, "event": "http", "level": "info", "timestamp": "2026-08-30T13:37:11.654525Z"}
HTTP Request: GET https://jurisprudencia.cc.gob.gt/Sentencias/832131.3903-2015.doc "HTTP/1.1 200 OK"
{"url": "https://jurisprudencia.cc.gob.gt/Sentencias/832131.3903-2015.doc", "status": 200, "bytes": 71168, "outcome": "wrong_content_type", "attempts": 1, "event": "http", "level": "info", "timestamp": "2026-08-30T13:37:13.537389Z"}
HTTP Request: GET https://jurisprudencia.cc.gob.gt/Sentencias/846070.2164-2020.pdf "HTTP/1.1 200 OK"
{"url": "https://jurisprudencia.cc.gob.gt/Sentencias/846070.2164-2020.pdf", "status": 200, "bytes": 389918, "outcome": "ok", "attempts": 1, "event": "http", "level": "info", "timestamp": "2026-08-30T13:37:15.516343Z"}
{"url": "https://jurisprudencia.cc.gob.gt/Sentencias/813776.786-2007.pdf", "from_cache": true, "outcome": "ok", "event": "http", "level": "info", "timestamp": "2026-08-30T13:37:15.589901Z"}
HTTP Request: GET https://jurisprudencia.cc.gob.gt/Sentencias/844926.923-2020.pdf "HTTP/1.1 200 OK"
{"url": "https://jurisprudencia.cc.gob.gt/Sentencias/844926.923-2020.pdf", "status": 200, "bytes": 321458, "outcome": "ok", "attempts": 1, "event": "http", "level": "info", "timestamp": "2026-08-30T13:37:17.290810Z"}
HTTP Request: GET https://jurisprudencia.cc.gob.gt/Sentencias/807414.947-2005.pdf "HTTP/1.1 200 OK"
{"url": "https://jurisprudencia.cc.gob.gt/Sentencias/807414.947-2005.pdf", "status": 200, "bytes": 96825, "outcome": "ok", "attempts": 1, "event": "http", "level": "info", "timestamp": "2026-08-30T13:37:19.565475Z"}
HTTP Request: GET https://jurisprudencia.cc.gob.gt/Sentencias/838116.5161-2017.pdf "HTTP/1.1 200 OK"
{"url": "https://jurisprudencia.cc.gob.gt/Sentencias/838116.5161-2017.pdf", "status": 200, "bytes": 297401, "outcome": "ok", "attempts": 1, "event": "http", "level": "info", "timestamp": "2026-08-30T13:37:21.224697Z"}
HTTP Request: GET https://jurisprudencia.cc.gob.gt/Sentencias/817771.3506-2009.pdf "HTTP/1.1 200 OK"
{"url": "https://jurisprudencia.cc.gob.gt/Sentencias/817771.3506-2009.pdf", "status": 200, "bytes": 136834, "outcome": "ok", "attempts": 1, "event": "http", "level": "info", "timestamp": "2026-08-30T13:37:23.329236Z"}
HTTP Request: GET https://jurisprudencia.cc.gob.gt/Sentencias/848805.5355-2021.pdf "HTTP/1.1 200 OK"
{"url": "https://jurisprudencia.cc.gob.gt/Sentencias/848805.5355-2021.pdf", "status": 200, "bytes": 378752, "outcome": "ok", "attempts": 1, "event": "http", "level": "info", "timestamp": "2026-08-30T13:37:24.962351Z"}
HTTP Request: GET https://jurisprudencia.cc.gob.gt/Sentencias/845291.845-2020.pdf "HTTP/1.1 200 OK"
{"url": "https://jurisprudencia.cc.gob.gt/Sentencias/845291.845-2020.pdf", "status": 200, "bytes": 295419, "outcome": "ok", "attempts": 1, "event": "http", "level": "info", "timestamp": "2026-08-30T13:37:27.231775Z"}
HTTP Request: GET https://jurisprudencia.cc.gob.gt/Sentencias/836573.1981-2017.pdf "HTTP/1.1 200 OK"
{"url": "https://jurisprudencia.cc.gob.gt/Sentencias/836573.1981-2017.pdf", "status": 200, "bytes": 303581, "outcome": "ok", "attempts": 1, "event": "http", "level": "info", "timestamp": "2026-08-30T13:37:29.461787Z"}
HTTP Request: GET https://jurisprudencia.cc.gob.gt/Sentencias/809400.3171-2009.pdf "HTTP/1.1 200 OK"
{"url": "https://jurisprudencia.cc.gob.gt/Sentencias/809400.3171-2009.pdf", "status": 200, "bytes": 151822, "outcome": "ok", "attempts": 1, "event": "http", "level": "info", "timestamp": "2026-08-30T13:37:31.445515Z"}
HTTP Request: GET https://jurisprudencia.cc.gob.gt/Sentencias/829194.3483-2014.pdf "HTTP/1.1 200 OK"
{"url": "https://jurisprudencia.cc.gob.gt/Sentencias/829194.3483-2014.pdf", "status": 200, "bytes": 235754, "outcome": "ok", "attempts": 1, "event": "http", "level": "info", "timestamp": "2026-08-30T13:37:33.712164Z"}
HTTP Request: GET https://jurisprudencia.cc.gob.gt/Sentencias/798605.656-2003.pdf "HTTP/1.1 200 OK"
{"url": "https://jurisprudencia.cc.gob.gt/Sentencias/798605.656-2003.pdf", "status": 200, "bytes": 122929, "outcome": "ok", "attempts": 1, "event": "http", "level": "info", "timestamp": "2026-08-30T13:37:35.298566Z"}
HTTP Request: GET https://jurisprudencia.cc.gob.gt/Sentencias/839625.5767-2017.pdf "HTTP/1.1 200 OK"
{"url": "https://jurisprudencia.cc.gob.gt/Sentencias/839625.5767-2017.pdf", "status": 200, "bytes": 388504, "outcome": "ok", "attempts": 1, "event": "http", "level": "info", "timestamp": "2026-08-30T13:37:36.997490Z"}
HTTP Request: GET https://jurisprudencia.cc.gob.gt/Sentencias/853240.4965-2022.pdf "HTTP/1.1 200 OK"
{"url": "https://jurisprudencia.cc.gob.gt/Sentencias/853240.4965-2022.pdf", "status": 200, "bytes": 790897, "outcome": "ok", "attempts": 1, "event": "http", "level": "info", "timestamp": "2026-08-30T13:37:39.104715Z"}
HTTP Request: GET https://jurisprudencia.cc.gob.gt/Sentencias/840697.3042-2018.pdf "HTTP/1.1 200 OK"
{"url": "https://jurisprudencia.cc.gob.gt/Sentencias/840697.3042-2018.pdf", "status": 200, "bytes": 525012, "outcome": "ok", "attempts": 1, "event": "http", "level": "info", "timestamp": "2026-08-30T13:37:41.464593Z"}
HTTP Request: GET https://jurisprudencia.cc.gob.gt/Sentencias/840480.2867-2018.pdf "HTTP/1.1 200 OK"
{"url": "https://jurisprudencia.cc.gob.gt/Sentencias/840480.2867-2018.pdf", "status": 200, "bytes": 514402, "outcome": "ok", "attempts": 1, "event": "http", "level": "info", "timestamp": "2026-08-30T13:37:43.708751Z"}
HTTP Request: GET https://jurisprudencia.cc.gob.gt/Sentencias/821016.262-2012.pdf "HTTP/1.1 200 OK"
{"url": "https://jurisprudencia.cc.gob.gt/Sentencias/821016.262-2012.pdf", "status": 200, "bytes": 135857, "outcome": "ok", "attempts": 1, "event": "http", "level": "info", "timestamp": "2026-08-30T13:37:45.913946Z"}
HTTP Request: GET https://jurisprudencia.cc.gob.gt/Sentencias/808736.3262-2009.pdf "HTTP/1.1 200 OK"
{"url": "https://jurisprudencia.cc.gob.gt/Sentencias/808736.3262-2009.pdf", "status": 200, "bytes": 185270, "outcome": "ok", "attempts": 1, "event": "http", "level": "info", "timestamp": "2026-08-30T13:37:47.994999Z"}
HTTP Request: GET https://jurisprudencia.cc.gob.gt/Sentencias/853701.2796-2022.pdf "HTTP/1.1 200 OK"
{"url": "https://jurisprudencia.cc.gob.gt/Sentencias/853701.2796-2022.pdf", "status": 200, "bytes": 804920, "outcome": "ok", "attempts": 1, "event": "http", "level": "info", "timestamp": "2026-08-30T13:37:49.881105Z"}
HTTP Request: GET https://jurisprudencia.cc.gob.gt/Sentencias/851386.4604-2022.pdf "HTTP/1.1 200 OK"
{"url": "https://jurisprudencia.cc.gob.gt/Sentencias/851386.4604-2022.pdf", "status": 200, "bytes": 710116, "outcome": "ok", "attempts": 1, "event": "http", "level": "info", "timestamp": "2026-08-30T13:37:51.920575Z"}
HTTP Request: GET https://jurisprudencia.cc.gob.gt/Sentencias/827117.4667-2014.pdf "HTTP/1.1 200 OK"
{"url": "https://jurisprudencia.cc.gob.gt/Sentencias/827117.4667-2014.pdf", "status": 200, "bytes": 165572, "outcome": "ok", "attempts": 1, "event": "http", "level": "info", "timestamp": "2026-08-30T13:37:53.815749Z"}
HTTP Request: GET https://jurisprudencia.cc.gob.gt/Sentencias/850599.23-2022.pdf "HTTP/1.1 200 OK"
{"url": "https://jurisprudencia.cc.gob.gt/Sentencias/850599.23-2022.pdf", "status": 200, "bytes": 1526075, "outcome": "ok", "attempts": 1, "event": "http", "level": "info", "timestamp": "2026-08-30T13:37:55.664184Z"}
HTTP Request: GET https://jurisprudencia.cc.gob.gt/Sentencias/812547.249-2008.pdf "HTTP/1.1 200 OK"
{"url": "https://jurisprudencia.cc.gob.gt/Sentencias/812547.249-2008.pdf", "status": 200, "bytes": 159638, "outcome": "ok", "attempts": 1, "event": "http", "level": "info", "timestamp": "2026-08-30T13:37:57.579073Z"}
HTTP Request: GET https://jurisprudencia.cc.gob.gt/Sentencias/842620.852-2019.pdf "HTTP/1.1 200 OK"
{"url": "https://jurisprudencia.cc.gob.gt/Sentencias/842620.852-2019.pdf", "status": 200, "bytes": 466909, "outcome": "ok", "attempts": 1, "event": "http", "level": "info", "timestamp": "2026-08-30T13:37:59.544131Z"}
HTTP Request: GET https://jurisprudencia.cc.gob.gt/Sentencias/850937.2193-2022.pdf "HTTP/1.1 200 OK"
{"url": "https://jurisprudencia.cc.gob.gt/Sentencias/850937.2193-2022.pdf", "status": 200, "bytes": 788938, "outcome": "ok", "attempts": 1, "event": "http", "level": "info", "timestamp": "2026-08-30T13:38:01.294507Z"}
HTTP Request: GET https://jurisprudencia.cc.gob.gt/Sentencias/851365.1917-2022.pdf "HTTP/1.1 200 OK"
{"url": "https://jurisprudencia.cc.gob.gt/Sentencias/851365.1917-2022.pdf", "status": 200, "bytes": 849282, "outcome": "ok", "attempts": 1, "event": "http", "level": "info", "timestamp": "2026-08-30T13:38:03.234177Z"}
HTTP Request: GET https://jurisprudencia.cc.gob.gt/Sentencias/840351.2485-2018.pdf "HTTP/1.1 200 OK"
{"url": "https://jurisprudencia.cc.gob.gt/Sentencias/840351.2485-2018.pdf", "status": 200, "bytes": 393417, "outcome": "ok", "attempts": 1, "event": "http", "level": "info", "timestamp": "2026-08-30T13:38:05.451349Z"}
HTTP Request: GET https://jurisprudencia.cc.gob.gt/Sentencias/836443.6381-2016.pdf "HTTP/1.1 200 OK"
{"url": "https://jurisprudencia.cc.gob.gt/Sentencias/836443.6381-2016.pdf", "status": 200, "bytes": 311807, "outcome": "ok", "attempts": 1, "event": "http", "level": "info", "timestamp": "2026-08-30T13:38:07.317643Z"}
{"procesados": 700, "por_regla": 650, "event": "avance", "level": "info", "timestamp": "2026-08-30T13:38:07.356483Z"}
HTTP Request: GET https://jurisprudencia.cc.gob.gt/Sentencias/822480.5194-2012.pdf "HTTP/1.1 200 OK"
{"url": "https://jurisprudencia.cc.gob.gt/Sentencias/822480.5194-2012.pdf", "status": 200, "bytes": 318458, "outcome": "ok", "attempts": 1, "event": "http", "level": "info", "timestamp": "2026-08-30T13:38:09.383143Z"}
HTTP Request: GET https://jurisprudencia.cc.gob.gt/Sentencias/802744.699-2007.pdf "HTTP/1.1 200 OK"
{"url": "https://jurisprudencia.cc.gob.gt/Sentencias/802744.699-2007.pdf", "status": 200, "bytes": 187064, "outcome": "ok", "attempts": 1, "event": "http", "level": "info", "timestamp": "2026-08-30T13:38:11.438632Z"}
HTTP Request: GET https://jurisprudencia.cc.gob.gt/Sentencias/834314.5002-2014.pdf "HTTP/1.1 200 OK"
{"url": "https://jurisprudencia.cc.gob.gt/Sentencias/834314.5002-2014.pdf", "status": 200, "bytes": 216299, "outcome": "ok", "attempts": 1, "event": "http", "level": "info", "timestamp": "2026-08-30T13:38:13.522777Z"}
HTTP Request: GET https://jurisprudencia.cc.gob.gt/Sentencias/853670.4646-2023.pdf "HTTP/1.1 200 OK"
{"url": "https://jurisprudencia.cc.gob.gt/Sentencias/853670.4646-2023.pdf", "status": 200, "bytes": 651850, "outcome": "ok", "attempts": 1, "event": "http", "level": "info", "timestamp": "2026-08-30T13:38:15.321179Z"}
HTTP Request: GET https://jurisprudencia.cc.gob.gt/Sentencias/820695.1757-2012%20y%201759-2012.pdf "HTTP/1.1 200 OK"
{"url": "https://jurisprudencia.cc.gob.gt/Sentencias/820695.1757-2012%20y%201759-2012.pdf", "status": 200, "bytes": 187443, "outcome": "ok", "attempts": 1, "event": "http", "level": "info", "timestamp": "2026-08-30T13:38:17.549430Z"}
HTTP Request: GET https://jurisprudencia.cc.gob.gt/Sentencias/835134.752-2015.pdf "HTTP/1.1 200 OK"
{"url": "https://jurisprudencia.cc.gob.gt/Sentencias/835134.752-2015.pdf", "status": 200, "bytes": 143180, "outcome": "ok", "attempts": 1, "event": "http", "level": "info", "timestamp": "2026-08-30T13:38:19.572483Z"}
HTTP Request: GET https://jurisprudencia.cc.gob.gt/Sentencias/831932.1467-2015.pdf "HTTP/1.1 200 OK"
{"url": "https://jurisprudencia.cc.gob.gt/Sentencias/831932.1467-2015.pdf", "status": 200, "bytes": 156031, "outcome": "ok", "attempts": 1, "event": "http", "level": "info", "timestamp": "2026-08-30T13:38:21.718642Z"}
HTTP Request: GET https://jurisprudencia.cc.gob.gt/Sentencias/835004.2176-2015.pdf "HTTP/1.1 200 OK"
{"url": "https://jurisprudencia.cc.gob.gt/Sentencias/835004.2176-2015.pdf", "status": 200, "bytes": 204363, "outcome": "ok", "attempts": 1, "event": "http", "level": "info", "timestamp": "2026-08-30T13:38:23.736256Z"}
HTTP Request: GET https://jurisprudencia.cc.gob.gt/Sentencias/824077.1519-2013.pdf "HTTP/1.1 200 OK"
{"url": "https://jurisprudencia.cc.gob.gt/Sentencias/824077.1519-2013.pdf", "status": 200, "bytes": 135032, "outcome": "ok", "attempts": 1, "event": "http", "level": "info", "timestamp": "2026-08-30T13:38:25.862096Z"}
HTTP Request: GET https://jurisprudencia.cc.gob.gt/Sentencias/842263.3878-2018.pdf "HTTP/1.1 200 OK"
{"url": "https://jurisprudencia.cc.gob.gt/Sentencias/842263.3878-2018.pdf", "status": 200, "bytes": 483630, "outcome": "ok", "attempts": 1, "event": "http", "level": "info", "timestamp": "2026-08-30T13:38:27.900617Z"}
HTTP Request: GET https://jurisprudencia.cc.gob.gt/Sentencias/838664.3146-2017.pdf "HTTP/1.1 200 OK"
{"url": "https://jurisprudencia.cc.gob.gt/Sentencias/838664.3146-2017.pdf", "status": 200, "bytes": 379498, "outcome": "ok", "attempts": 1, "event": "http", "level": "info", "timestamp": "2026-08-30T13:38:29.623887Z"}
HTTP Request: GET https://jurisprudencia.cc.gob.gt/Sentencias/825330.307-2014.pdf "HTTP/1.1 200 OK"
{"url": "https://jurisprudencia.cc.gob.gt/Sentencias/825330.307-2014.pdf", "status": 200, "bytes": 233332, "outcome": "ok", "attempts": 1, "event": "http", "level": "info", "timestamp": "2026-08-30T13:38:31.484142Z"}
HTTP Request: GET https://jurisprudencia.cc.gob.gt/Sentencias/847812.1395-2021.pdf "HTTP/1.1 200 OK"
{"url": "https://jurisprudencia.cc.gob.gt/Sentencias/847812.1395-2021.pdf", "status": 200, "bytes": 294236, "outcome": "ok", "attempts": 1, "event": "http", "level": "info", "timestamp": "2026-08-30T13:38:33.699400Z"}
HTTP Request: GET https://jurisprudencia.cc.gob.gt/Sentencias/819264.4854-2011.pdf "HTTP/1.1 200 OK"
{"url": "https://jurisprudencia.cc.gob.gt/Sentencias/819264.4854-2011.pdf", "status": 200, "bytes": 171337, "outcome": "ok", "attempts": 1, "event": "http", "level": "info", "timestamp": "2026-08-30T13:38:35.840592Z"}
HTTP Request: GET https://jurisprudencia.cc.gob.gt/Sentencias/844280.5808-2019.pdf "HTTP/1.1 200 OK"
{"url": "https://jurisprudencia.cc.gob.gt/Sentencias/844280.5808-2019.pdf", "status": 200, "bytes": 269588, "outcome": "ok", "attempts": 1, "event": "http", "level": "info", "timestamp": "2026-08-30T13:38:37.375185Z"}
HTTP Request: GET https://jurisprudencia.cc.gob.gt/Sentencias/822440.199-2013.pdf "HTTP/1.1 200 OK"
{"url": "https://jurisprudencia.cc.gob.gt/Sentencias/822440.199-2013.pdf", "status": 200, "bytes": 255651, "outcome": "ok", "attempts": 1, "event": "http", "level": "info", "timestamp": "2026-08-30T13:38:39.470086Z"}
HTTP Request: GET https://jurisprudencia.cc.gob.gt/Sentencias/820196.1179-2012.pdf "HTTP/1.1 200 OK"
{"url": "https://jurisprudencia.cc.gob.gt/Sentencias/820196.1179-2012.pdf", "status": 200, "bytes": 147980, "outcome": "ok", "attempts": 1, "event": "http", "level": "info", "timestamp": "2026-08-30T13:38:41.212973Z"}
HTTP Request: GET https://jurisprudencia.cc.gob.gt/Sentencias/818076.648-2011.pdf "HTTP/1.1 200 OK"
{"url": "https://jurisprudencia.cc.gob.gt/Sentencias/818076.648-2011.pdf", "status": 200, "bytes": 184270, "outcome": "ok", "attempts": 1, "event": "http", "level": "info", "timestamp": "2026-08-30T13:38:42.982004Z"}
HTTP Request: GET https://jurisprudencia.cc.gob.gt/Sentencias/810100.2278-2009.pdf "HTTP/1.1 200 OK"
{"url": "https://jurisprudencia.cc.gob.gt/Sentencias/810100.2278-2009.pdf", "status": 200, "bytes": 194115, "outcome": "ok", "attempts": 1, "event": "http", "level": "info", "timestamp": "2026-08-30T13:38:44.699043Z"}
HTTP Request: GET https://jurisprudencia.cc.gob.gt/Sentencias/846494.866-2020.pdf "HTTP/1.1 200 OK"
{"url": "https://jurisprudencia.cc.gob.gt/Sentencias/846494.866-2020.pdf", "status": 200, "bytes": 291561, "outcome": "ok", "attempts": 1, "event": "http", "level": "info", "timestamp": "2026-08-30T13:38:46.405199Z"}
HTTP Request: GET https://jurisprudencia.cc.gob.gt/Sentencias/855274.6347-2022.pdf "HTTP/1.1 200 OK"
{"url": "https://jurisprudencia.cc.gob.gt/Sentencias/855274.6347-2022.pdf", "status": 200, "bytes": 4032854, "outcome": "ok", "attempts": 1, "event": "http", "level": "info", "timestamp": "2026-08-30T13:38:49.384026Z"}
HTTP Request: GET https://jurisprudencia.cc.gob.gt/Sentencias/818302.1940-2011.pdf "HTTP/1.1 200 OK"
{"url": "https://jurisprudencia.cc.gob.gt/Sentencias/818302.1940-2011.pdf", "status": 200, "bytes": 184060, "outcome": "ok", "attempts": 1, "event": "http", "level": "info", "timestamp": "2026-08-30T13:38:50.245535Z"}
HTTP Request: GET https://jurisprudencia.cc.gob.gt/Sentencias/809656.865-2009.pdf "HTTP/1.1 200 OK"
{"url": "https://jurisprudencia.cc.gob.gt/Sentencias/809656.865-2009.pdf", "status": 200, "bytes": 166116, "outcome": "ok", "attempts": 1, "event": "http", "level": "info", "timestamp": "2026-08-30T13:38:52.453570Z"}
HTTP Request: GET https://jurisprudencia.cc.gob.gt/Sentencias/842296.867-2019.pdf "HTTP/1.1 200 OK"
{"url": "https://jurisprudencia.cc.gob.gt/Sentencias/842296.867-2019.pdf", "status": 200, "bytes": 587767, "outcome": "ok", "attempts": 1, "event": "http", "level": "info", "timestamp": "2026-08-30T13:38:54.567425Z"}
HTTP Request: GET https://jurisprudencia.cc.gob.gt/Sentencias/855814.5209-2023.pdf "HTTP/1.1 200 OK"
{"url": "https://jurisprudencia.cc.gob.gt/Sentencias/855814.5209-2023.pdf", "status": 200, "bytes": 3211206, "outcome": "ok", "attempts": 1, "event": "http", "level": "info", "timestamp": "2026-08-30T13:38:56.867312Z"}
HTTP Request: GET https://jurisprudencia.cc.gob.gt/Sentencias/852228.505-2023.pdf "HTTP/1.1 200 OK"
{"url": "https://jurisprudencia.cc.gob.gt/Sentencias/852228.505-2023.pdf", "status": 200, "bytes": 873029, "outcome": "ok", "attempts": 1, "event": "http", "level": "info", "timestamp": "2026-08-30T13:38:59.387567Z"}
HTTP Request: GET https://jurisprudencia.cc.gob.gt/Sentencias/847525.1001-2021.pdf "HTTP/1.1 200 OK"
{"url": "https://jurisprudencia.cc.gob.gt/Sentencias/847525.1001-2021.pdf", "status": 200, "bytes": 247618, "outcome": "ok", "attempts": 1, "event": "http", "level": "info", "timestamp": "2026-08-30T13:39:00.619715Z"}
HTTP Request: GET https://jurisprudencia.cc.gob.gt/Sentencias/823828.3479-2013.pdf "HTTP/1.1 200 OK"
{"url": "https://jurisprudencia.cc.gob.gt/Sentencias/823828.3479-2013.pdf", "status": 200, "bytes": 181076, "outcome": "ok", "attempts": 1, "event": "http", "level": "info", "timestamp": "2026-08-30T13:39:02.769213Z"}
HTTP Request: GET https://jurisprudencia.cc.gob.gt/Sentencias/843430.3243%20y%203247-2019.pdf "HTTP/1.1 200 OK"
{"url": "https://jurisprudencia.cc.gob.gt/Sentencias/843430.3243%20y%203247-2019.pdf", "status": 200, "bytes": 498052, "outcome": "ok", "attempts": 1, "event": "http", "level": "info", "timestamp": "2026-08-30T13:39:04.731233Z"}
HTTP Request: GET https://jurisprudencia.cc.gob.gt/Sentencias/842559.2103-2019.pdf "HTTP/1.1 200 OK"
{"url": "https://jurisprudencia.cc.gob.gt/Sentencias/842559.2103-2019.pdf", "status": 200, "bytes": 370580, "outcome": "ok", "attempts": 1, "event": "http", "level": "info", "timestamp": "2026-08-30T13:39:06.765295Z"}
HTTP Request: GET https://jurisprudencia.cc.gob.gt/Sentencias/799168.1307-2003.pdf "HTTP/1.1 200 OK"
{"url": "https://jurisprudencia.cc.gob.gt/Sentencias/799168.1307-2003.pdf", "status": 200, "bytes": 123795, "outcome": "ok", "attempts": 1, "event": "http", "level": "info", "timestamp": "2026-08-30T13:39:08.943760Z"}
HTTP Request: GET https://jurisprudencia.cc.gob.gt/Sentencias/851965.1468-2023.pdf "HTTP/1.1 200 OK"
{"url": "https://jurisprudencia.cc.gob.gt/Sentencias/851965.1468-2023.pdf", "status": 200, "bytes": 1055783, "outcome": "ok", "attempts": 1, "event": "http", "level": "info", "timestamp": "2026-08-30T13:39:11.377611Z"}
{"url": "https://jurisprudencia.cc.gob.gt/Sentencias/808168.417%20y%20425-2006..pdf", "from_cache": true, "outcome": "ok", "event": "http", "level": "info", "timestamp": "2026-08-30T13:39:11.461521Z"}
HTTP Request: GET https://jurisprudencia.cc.gob.gt/Sentencias/818471.2274-2011.pdf "HTTP/1.1 200 OK"
{"url": "https://jurisprudencia.cc.gob.gt/Sentencias/818471.2274-2011.pdf", "status": 200, "bytes": 175019, "outcome": "ok", "attempts": 1, "event": "http", "level": "info", "timestamp": "2026-08-30T13:39:12.993736Z"}
HTTP Request: GET https://jurisprudencia.cc.gob.gt/Sentencias/848340.4366-2021.pdf "HTTP/1.1 200 OK"
{"url": "https://jurisprudencia.cc.gob.gt/Sentencias/848340.4366-2021.pdf", "status": 200, "bytes": 299817, "outcome": "ok", "attempts": 1, "event": "http", "level": "info", "timestamp": "2026-08-30T13:39:15.468152Z"}
HTTP Request: GET https://jurisprudencia.cc.gob.gt/Sentencias/829793.4975-2013.pdf "HTTP/1.1 200 OK"
{"url": "https://jurisprudencia.cc.gob.gt/Sentencias/829793.4975-2013.pdf", "status": 200, "bytes": 312954, "outcome": "ok", "attempts": 1, "event": "http", "level": "info", "timestamp": "2026-08-30T13:39:17.895986Z"}
HTTP Request: GET https://jurisprudencia.cc.gob.gt/Sentencias/840419.1027-2018.pdf "HTTP/1.1 200 OK"
{"url": "https://jurisprudencia.cc.gob.gt/Sentencias/840419.1027-2018.pdf", "status": 200, "bytes": 506562, "outcome": "ok", "attempts": 1, "event": "http", "level": "info", "timestamp": "2026-08-30T13:39:19.998679Z"}
HTTP Request: GET https://jurisprudencia.cc.gob.gt/Sentencias/802661.3309-2006.pdf "HTTP/1.1 200 OK"
{"url": "https://jurisprudencia.cc.gob.gt/Sentencias/802661.3309-2006.pdf", "status": 200, "bytes": 151863, "outcome": "ok", "attempts": 1, "event": "http", "level": "info", "timestamp": "2026-08-30T13:39:22.189001Z"}
HTTP Request: GET https://jurisprudencia.cc.gob.gt/Sentencias/802763.781-2007.pdf "HTTP/1.1 200 OK"
{"url": "https://jurisprudencia.cc.gob.gt/Sentencias/802763.781-2007.pdf", "status": 200, "bytes": 201182, "outcome": "ok", "attempts": 1, "event": "http", "level": "info", "timestamp": "2026-08-30T13:39:24.032253Z"}
HTTP Request: GET https://jurisprudencia.cc.gob.gt/Sentencias/826053.651-2014.pdf "HTTP/1.1 200 OK"
{"url": "https://jurisprudencia.cc.gob.gt/Sentencias/826053.651-2014.pdf", "status": 200, "bytes": 148594, "outcome": "ok", "attempts": 1, "event": "http", "level": "info", "timestamp": "2026-08-30T13:39:26.162935Z"}
HTTP Request: GET https://jurisprudencia.cc.gob.gt/Sentencias/839672.429-2018.pdf "HTTP/1.1 200 OK"
{"url": "https://jurisprudencia.cc.gob.gt/Sentencias/839672.429-2018.pdf", "status": 200, "bytes": 487806, "outcome": "ok", "attempts": 1, "event": "http", "level": "info", "timestamp": "2026-08-30T13:39:28.081771Z"}
HTTP Request: GET https://jurisprudencia.cc.gob.gt/Sentencias/851779.3192-2022%20y%203245-2022.pdf "HTTP/1.1 200 OK"
{"url": "https://jurisprudencia.cc.gob.gt/Sentencias/851779.3192-2022%20y%203245-2022.pdf", "status": 200, "bytes": 968596, "outcome": "ok", "attempts": 1, "event": "http", "level": "info", "timestamp": "2026-08-30T13:39:29.967433Z"}
HTTP Request: GET https://jurisprudencia.cc.gob.gt/Sentencias/854303.1382-2023.pdf "HTTP/1.1 200 OK"
{"url": "https://jurisprudencia.cc.gob.gt/Sentencias/854303.1382-2023.pdf", "status": 200, "bytes": 3905082, "outcome": "ok", "attempts": 1, "event": "http", "level": "info", "timestamp": "2026-08-30T13:39:31.827057Z"}
HTTP Request: GET https://jurisprudencia.cc.gob.gt/Sentencias/830056.3705-2015.pdf "HTTP/1.1 200 OK"
{"url": "https://jurisprudencia.cc.gob.gt/Sentencias/830056.3705-2015.pdf", "status": 200, "bytes": 185197, "outcome": "ok", "attempts": 1, "event": "http", "level": "info", "timestamp": "2026-08-30T13:39:33.378857Z"}
HTTP Request: GET https://jurisprudencia.cc.gob.gt/Sentencias/799544.1160-2004.pdf "HTTP/1.1 200 OK"
{"url": "https://jurisprudencia.cc.gob.gt/Sentencias/799544.1160-2004.pdf", "status": 200, "bytes": 118029, "outcome": "ok", "attempts": 1, "event": "http", "level": "info", "timestamp": "2026-08-30T13:39:35.018634Z"}
HTTP Request: GET https://jurisprudencia.cc.gob.gt/Sentencias/821103.5005-2011.pdf "HTTP/1.1 200 OK"
{"url": "https://jurisprudencia.cc.gob.gt/Sentencias/821103.5005-2011.pdf", "status": 200, "bytes": 168611, "outcome": "ok", "attempts": 1, "event": "http", "level": "info", "timestamp": "2026-08-30T13:39:37.154829Z"}
HTTP Request: GET https://jurisprudencia.cc.gob.gt/Sentencias/844440.6654-2019.pdf "HTTP/1.1 200 OK"
{"url": "https://jurisprudencia.cc.gob.gt/Sentencias/844440.6654-2019.pdf", "status": 200, "bytes": 331525, "outcome": "ok", "attempts": 1, "event": "http", "level": "info", "timestamp": "2026-08-30T13:39:38.921715Z"}
{"url": "https://jurisprudencia.cc.gob.gt/Sentencias/829028.6067-2014.pdf", "from_cache": true, "outcome": "ok", "event": "http", "level": "info", "timestamp": "2026-08-30T13:39:39.002002Z"}
HTTP Request: GET https://jurisprudencia.cc.gob.gt/Sentencias/817255.2313-2010.pdf "HTTP/1.1 200 OK"
{"url": "https://jurisprudencia.cc.gob.gt/Sentencias/817255.2313-2010.pdf", "status": 200, "bytes": 177094, "outcome": "ok", "attempts": 1, "event": "http", "level": "info", "timestamp": "2026-08-30T13:39:41.169012Z"}
HTTP Request: GET https://jurisprudencia.cc.gob.gt/Sentencias/836385.1444-2017.pdf "HTTP/1.1 200 OK"
{"url": "https://jurisprudencia.cc.gob.gt/Sentencias/836385.1444-2017.pdf", "status": 200, "bytes": 411137, "outcome": "ok", "attempts": 1, "event": "http", "level": "info", "timestamp": "2026-08-30T13:39:43.219917Z"}
{"url": "https://jurisprudencia.cc.gob.gt/Sentencias/842363.1909-2019.pdf", "from_cache": true, "outcome": "ok", "event": "http", "level": "info", "timestamp": "2026-08-30T13:39:43.278929Z"}
HTTP Request: GET https://jurisprudencia.cc.gob.gt/Sentencias/824226.2152-2013.pdf "HTTP/1.1 200 OK"
{"url": "https://jurisprudencia.cc.gob.gt/Sentencias/824226.2152-2013.pdf", "status": 200, "bytes": 188414, "outcome": "ok", "attempts": 1, "event": "http", "level": "info", "timestamp": "2026-08-30T13:39:45.558968Z"}
HTTP Request: GET https://jurisprudencia.cc.gob.gt/Sentencias/835895.2289-2003.pdf "HTTP/1.1 200 OK"
{"url": "https://jurisprudencia.cc.gob.gt/Sentencias/835895.2289-2003.pdf", "status": 200, "bytes": 234058, "outcome": "ok", "attempts": 1, "event": "http", "level": "info", "timestamp": "2026-08-30T13:39:47.383389Z"}
HTTP Request: GET https://jurisprudencia.cc.gob.gt/Sentencias/806833.459-2004.pdf "HTTP/1.1 200 OK"
{"url": "https://jurisprudencia.cc.gob.gt/Sentencias/806833.459-2004.pdf", "status": 200, "bytes": 181187, "outcome": "ok", "attempts": 1, "event": "http", "level": "info", "timestamp": "2026-08-30T13:39:49.819395Z"}
{"url": "https://jurisprudencia.cc.gob.gt/Sentencias/828206.2355-2014.pdf", "from_cache": true, "outcome": "ok", "event": "http", "level": "info", "timestamp": "2026-08-30T13:39:49.876170Z"}
HTTP Request: GET https://jurisprudencia.cc.gob.gt/Sentencias/847113.4508-2020.pdf "HTTP/1.1 200 OK"
{"url": "https://jurisprudencia.cc.gob.gt/Sentencias/847113.4508-2020.pdf", "status": 200, "bytes": 408939, "outcome": "ok", "attempts": 1, "event": "http", "level": "info", "timestamp": "2026-08-30T13:39:51.826714Z"}
HTTP Request: GET https://jurisprudencia.cc.gob.gt/Sentencias/836294.2322-2013.pdf "HTTP/1.1 200 OK"
{"url": "https://jurisprudencia.cc.gob.gt/Sentencias/836294.2322-2013.pdf", "status": 200, "bytes": 220988, "outcome": "ok", "attempts": 1, "event": "http", "level": "info", "timestamp": "2026-08-30T13:39:53.694800Z"}
HTTP Request: GET https://jurisprudencia.cc.gob.gt/Sentencias/845609.1096-2020.pdf "HTTP/1.1 200 OK"
{"url": "https://jurisprudencia.cc.gob.gt/Sentencias/845609.1096-2020.pdf", "status": 200, "bytes": 285541, "outcome": "ok", "attempts": 1, "event": "http", "level": "info", "timestamp": "2026-08-30T13:39:55.500209Z"}
HTTP Request: GET https://jurisprudencia.cc.gob.gt/Sentencias/841024.5467-2015.pdf "HTTP/1.1 200 OK"
{"url": "https://jurisprudencia.cc.gob.gt/Sentencias/841024.5467-2015.pdf", "status": 200, "bytes": 447218, "outcome": "ok", "attempts": 1, "event": "http", "level": "info", "timestamp": "2026-08-30T13:39:57.711198Z"}
HTTP Request: GET https://jurisprudencia.cc.gob.gt/Sentencias/853349.15-2023.pdf "HTTP/1.1 200 OK"
{"url": "https://jurisprudencia.cc.gob.gt/Sentencias/853349.15-2023.pdf", "status": 200, "bytes": 851175, "outcome": "ok", "attempts": 1, "event": "http", "level": "info", "timestamp": "2026-08-30T13:39:59.937380Z"}
HTTP Request: GET https://jurisprudencia.cc.gob.gt/Sentencias/802780.889-2007.pdf "HTTP/1.1 200 OK"
{"url": "https://jurisprudencia.cc.gob.gt/Sentencias/802780.889-2007.pdf", "status": 200, "bytes": 221172, "outcome": "ok", "attempts": 1, "event": "http", "level": "info", "timestamp": "2026-08-30T13:40:01.833517Z"}
HTTP Request: GET https://jurisprudencia.cc.gob.gt/Sentencias/802967.1748-2007.pdf "HTTP/1.1 200 OK"
{"url": "https://jurisprudencia.cc.gob.gt/Sentencias/802967.1748-2007.pdf", "status": 200, "bytes": 162307, "outcome": "ok", "attempts": 1, "event": "http", "level": "info", "timestamp": "2026-08-30T13:40:03.734777Z"}
HTTP Request: GET https://jurisprudencia.cc.gob.gt/Sentencias/814750.2109-2005.pdf "HTTP/1.1 200 OK"
{"url": "https://jurisprudencia.cc.gob.gt/Sentencias/814750.2109-2005.pdf", "status": 200, "bytes": 148682, "outcome": "ok", "attempts": 1, "event": "http", "level": "info", "timestamp": "2026-08-30T13:40:05.618519Z"}
HTTP Request: GET https://jurisprudencia.cc.gob.gt/Sentencias/845092.1764-2020.pdf "HTTP/1.1 200 OK"
{"url": "https://jurisprudencia.cc.gob.gt/Sentencias/845092.1764-2020.pdf", "status": 200, "bytes": 230583, "outcome": "ok", "attempts": 1, "event": "http", "level": "info", "timestamp": "2026-08-30T13:40:07.289919Z"}
HTTP Request: GET https://jurisprudencia.cc.gob.gt/Sentencias/813572.4956-2009.pdf "HTTP/1.1 200 OK"
{"url": "https://jurisprudencia.cc.gob.gt/Sentencias/813572.4956-2009.pdf", "status": 200, "bytes": 95239, "outcome": "ok", "attempts": 1, "event": "http", "level": "info", "timestamp": "2026-08-30T13:40:09.017369Z"}
HTTP Request: GET https://jurisprudencia.cc.gob.gt/Sentencias/843206.1732-2019.pdf "HTTP/1.1 200 OK"
{"url": "https://jurisprudencia.cc.gob.gt/Sentencias/843206.1732-2019.pdf", "status": 200, "bytes": 477773, "outcome": "ok", "attempts": 1, "event": "http", "level": "info", "timestamp": "2026-08-30T13:40:11.029602Z"}
HTTP Request: GET https://jurisprudencia.cc.gob.gt/Sentencias/853123.6766-2022.pdf "HTTP/1.1 200 OK"
{"url": "https://jurisprudencia.cc.gob.gt/Sentencias/853123.6766-2022.pdf", "status": 200, "bytes": 845534, "outcome": "ok", "attempts": 1, "event": "http", "level": "info", "timestamp": "2026-08-30T13:40:12.906531Z"}
HTTP Request: GET https://jurisprudencia.cc.gob.gt/Sentencias/836171.2206-2013.pdf "HTTP/1.1 200 OK"
{"url": "https://jurisprudencia.cc.gob.gt/Sentencias/836171.2206-2013.pdf", "status": 200, "bytes": 235115, "outcome": "ok", "attempts": 1, "event": "http", "level": "info", "timestamp": "2026-08-30T13:40:14.706755Z"}
HTTP Request: GET https://jurisprudencia.cc.gob.gt/Sentencias/814055.2561-2007.pdf "HTTP/1.1 200 OK"
{"url": "https://jurisprudencia.cc.gob.gt/Sentencias/814055.2561-2007.pdf", "status": 200, "bytes": 154262, "outcome": "ok", "attempts": 1, "event": "http", "level": "info", "timestamp": "2026-08-30T13:40:16.507346Z"}
HTTP Request: GET https://jurisprudencia.cc.gob.gt/Sentencias/809173.2780-2009.pdf "HTTP/1.1 200 OK"
{"url": "https://jurisprudencia.cc.gob.gt/Sentencias/809173.2780-2009.pdf", "status": 200, "bytes": 206228, "outcome": "ok", "attempts": 1, "event": "http", "level": "info", "timestamp": "2026-08-30T13:40:18.295776Z"}
HTTP Request: GET https://jurisprudencia.cc.gob.gt/Sentencias/813865.2978-2007.pdf "HTTP/1.1 200 OK"
{"url": "https://jurisprudencia.cc.gob.gt/Sentencias/813865.2978-2007.pdf", "status": 200, "bytes": 149973, "outcome": "ok", "attempts": 1, "event": "http", "level": "info", "timestamp": "2026-08-30T13:40:20.407054Z"}
HTTP Request: GET https://jurisprudencia.cc.gob.gt/Sentencias/846456.3084-2020.pdf "HTTP/1.1 200 OK"
{"url": "https://jurisprudencia.cc.gob.gt/Sentencias/846456.3084-2020.pdf", "status": 200, "bytes": 387933, "outcome": "ok", "attempts": 1, "event": "http", "level": "info", "timestamp": "2026-08-30T13:40:22.637023Z"}
{"url": "https://jurisprudencia.cc.gob.gt/Sentencias/812304.2503-2008.pdf", "from_cache": true, "outcome": "ok", "event": "http", "level": "info", "timestamp": "2026-08-30T13:40:22.706159Z"}
HTTP Request: GET https://jurisprudencia.cc.gob.gt/Sentencias/846581.2072-2020.pdf "HTTP/1.1 200 OK"
{"url": "https://jurisprudencia.cc.gob.gt/Sentencias/846581.2072-2020.pdf", "status": 200, "bytes": 504356, "outcome": "ok", "attempts": 1, "event": "http", "level": "info", "timestamp": "2026-08-30T13:40:24.484494Z"}
HTTP Request: GET https://jurisprudencia.cc.gob.gt/Sentencias/823838.2946-2013.pdf "HTTP/1.1 200 OK"
{"url": "https://jurisprudencia.cc.gob.gt/Sentencias/823838.2946-2013.pdf", "status": 200, "bytes": 158474, "outcome": "ok", "attempts": 1, "event": "http", "level": "info", "timestamp": "2026-08-30T13:40:26.713147Z"}
HTTP Request: GET https://jurisprudencia.cc.gob.gt/Sentencias/848953.2691-2021.pdf "HTTP/1.1 200 OK"
{"url": "https://jurisprudencia.cc.gob.gt/Sentencias/848953.2691-2021.pdf", "status": 200, "bytes": 430342, "outcome": "ok", "attempts": 1, "event": "http", "level": "info", "timestamp": "2026-08-30T13:40:28.570192Z"}
HTTP Request: GET https://jurisprudencia.cc.gob.gt/Sentencias/852153.939-2022.pdf "HTTP/1.1 200 OK"
{"url": "https://jurisprudencia.cc.gob.gt/Sentencias/852153.939-2022.pdf", "status": 200, "bytes": 776867, "outcome": "ok", "attempts": 1, "event": "http", "level": "info", "timestamp": "2026-08-30T13:40:30.550491Z"}
HTTP Request: GET https://jurisprudencia.cc.gob.gt/Sentencias/807606.924-2006.pdf "HTTP/1.1 200 OK"
{"url": "https://jurisprudencia.cc.gob.gt/Sentencias/807606.924-2006.pdf", "status": 200, "bytes": 137602, "outcome": "ok", "attempts": 1, "event": "http", "level": "info", "timestamp": "2026-08-30T13:40:32.579649Z"}
HTTP Request: GET https://jurisprudencia.cc.gob.gt/Sentencias/846894.4346-2020.pdf "HTTP/1.1 200 OK"
{"url": "https://jurisprudencia.cc.gob.gt/Sentencias/846894.4346-2020.pdf", "status": 200, "bytes": 430167, "outcome": "ok", "attempts": 1, "event": "http", "level": "info", "timestamp": "2026-08-30T13:40:34.197996Z"}
HTTP Request: GET https://jurisprudencia.cc.gob.gt/Sentencias/843833.1983-2019.pdf "HTTP/1.1 200 OK"
{"url": "https://jurisprudencia.cc.gob.gt/Sentencias/843833.1983-2019.pdf", "status": 200, "bytes": 390540, "outcome": "ok", "attempts": 1, "event": "http", "level": "info", "timestamp": "2026-08-30T13:40:36.604078Z"}
HTTP Request: GET https://jurisprudencia.cc.gob.gt/Sentencias/847100.1191-2021.pdf "HTTP/1.1 200 OK"
{"url": "https://jurisprudencia.cc.gob.gt/Sentencias/847100.1191-2021.pdf", "status": 200, "bytes": 303827, "outcome": "ok", "attempts": 1, "event": "http", "level": "info", "timestamp": "2026-08-30T13:40:38.394913Z"}
HTTP Request: GET https://jurisprudencia.cc.gob.gt/Sentencias/852597.2915-2023.pdf "HTTP/1.1 200 OK"
{"url": "https://jurisprudencia.cc.gob.gt/Sentencias/852597.2915-2023.pdf", "status": 200, "bytes": 842508, "outcome": "ok", "attempts": 1, "event": "http", "level": "info", "timestamp": "2026-08-30T13:40:40.239419Z"}
HTTP Request: GET https://jurisprudencia.cc.gob.gt/Sentencias/803115.558-2007.pdf "HTTP/1.1 200 OK"
{"url": "https://jurisprudencia.cc.gob.gt/Sentencias/803115.558-2007.pdf", "status": 200, "bytes": 254181, "outcome": "ok", "attempts": 1, "event": "http", "level": "info", "timestamp": "2026-08-30T13:40:42.446267Z"}
HTTP Request: GET https://jurisprudencia.cc.gob.gt/Sentencias/817070.2907-2010.pdf "HTTP/1.1 200 OK"
{"url": "https://jurisprudencia.cc.gob.gt/Sentencias/817070.2907-2010.pdf", "status": 200, "bytes": 174740, "outcome": "ok", "attempts": 1, "event": "http", "level": "info", "timestamp": "2026-08-30T13:40:44.181853Z"}
HTTP Request: GET https://jurisprudencia.cc.gob.gt/Sentencias/805766.835-2005.pdf "HTTP/1.1 200 OK"
{"url": "https://jurisprudencia.cc.gob.gt/Sentencias/805766.835-2005.pdf", "status": 200, "bytes": 97270, "outcome": "ok", "attempts": 1, "event": "http", "level": "info", "timestamp": "2026-08-30T13:40:46.213865Z"}
HTTP Request: GET https://jurisprudencia.cc.gob.gt/Sentencias/850408.3080-2022.pdf "HTTP/1.1 200 OK"
{"url": "https://jurisprudencia.cc.gob.gt/Sentencias/850408.3080-2022.pdf", "status": 200, "bytes": 1290373, "outcome": "ok", "attempts": 1, "event": "http", "level": "info", "timestamp": "2026-08-30T13:40:48.972669Z"}
HTTP Request: GET https://jurisprudencia.cc.gob.gt/Sentencias/849767.4606-2021.pdf "HTTP/1.1 200 OK"
{"url": "https://jurisprudencia.cc.gob.gt/Sentencias/849767.4606-2021.pdf", "status": 200, "bytes": 335207, "outcome": "ok", "attempts": 1, "event": "http", "level": "info", "timestamp": "2026-08-30T13:40:50.800907Z"}
HTTP Request: GET https://jurisprudencia.cc.gob.gt/Sentencias/819551.4340-2011.pdf "HTTP/1.1 200 OK"
{"url": "https://jurisprudencia.cc.gob.gt/Sentencias/819551.4340-2011.pdf", "status": 200, "bytes": 173689, "outcome": "ok", "attempts": 1, "event": "http", "level": "info", "timestamp": "2026-08-30T13:40:52.453697Z"}
HTTP Request: GET https://jurisprudencia.cc.gob.gt/Sentencias/811545.2658-2008.pdf "HTTP/1.1 200 OK"
{"url": "https://jurisprudencia.cc.gob.gt/Sentencias/811545.2658-2008.pdf", "status": 200, "bytes": 199279, "outcome": "ok", "attempts": 1, "event": "http", "level": "info", "timestamp": "2026-08-30T13:40:54.182342Z"}
HTTP Request: GET https://jurisprudencia.cc.gob.gt/Sentencias/811296.4122-2008.pdf "HTTP/1.1 200 OK"
{"url": "https://jurisprudencia.cc.gob.gt/Sentencias/811296.4122-2008.pdf", "status": 200, "bytes": 195235, "outcome": "ok", "attempts": 1, "event": "http", "level": "info", "timestamp": "2026-08-30T13:40:55.888135Z"}
HTTP Request: GET https://jurisprudencia.cc.gob.gt/Sentencias/825859.392-2014.pdf "HTTP/1.1 200 OK"
{"url": "https://jurisprudencia.cc.gob.gt/Sentencias/825859.392-2014.pdf", "status": 200, "bytes": 168397, "outcome": "ok", "attempts": 1, "event": "http", "level": "info", "timestamp": "2026-08-30T13:40:57.961277Z"}
HTTP Request: GET https://jurisprudencia.cc.gob.gt/Sentencias/847700.3971-2020.pdf "HTTP/1.1 200 OK"
{"url": "https://jurisprudencia.cc.gob.gt/Sentencias/847700.3971-2020.pdf", "status": 200, "bytes": 271912, "outcome": "ok", "attempts": 1, "event": "http", "level": "info", "timestamp": "2026-08-30T13:41:00.042161Z"}
HTTP Request: GET https://jurisprudencia.cc.gob.gt/Sentencias/842275.2067-2018.pdf "HTTP/1.1 200 OK"
{"url": "https://jurisprudencia.cc.gob.gt/Sentencias/842275.2067-2018.pdf", "status": 200, "bytes": 373244, "outcome": "ok", "attempts": 1, "event": "http", "level": "info", "timestamp": "2026-08-30T13:41:02.361490Z"}
HTTP Request: GET https://jurisprudencia.cc.gob.gt/Sentencias/850106.3762-2021.pdf "HTTP/1.1 200 OK"
{"url": "https://jurisprudencia.cc.gob.gt/Sentencias/850106.3762-2021.pdf", "status": 200, "bytes": 317283, "outcome": "ok", "attempts": 1, "event": "http", "level": "info", "timestamp": "2026-08-30T13:41:04.300522Z"}
HTTP Request: GET https://jurisprudencia.cc.gob.gt/Sentencias/811773.1957-2008.pdf "HTTP/1.1 200 OK"
{"url": "https://jurisprudencia.cc.gob.gt/Sentencias/811773.1957-2008.pdf", "status": 200, "bytes": 244124, "outcome": "ok", "attempts": 1, "event": "http", "level": "info", "timestamp": "2026-08-30T13:41:05.985312Z"}
HTTP Request: GET https://jurisprudencia.cc.gob.gt/Sentencias/813287.2529-2007.pdf "HTTP/1.1 200 OK"
{"url": "https://jurisprudencia.cc.gob.gt/Sentencias/813287.2529-2007.pdf", "status": 200, "bytes": 177851, "outcome": "ok", "attempts": 1, "event": "http", "level": "info", "timestamp": "2026-08-30T13:41:07.930766Z"}
HTTP Request: GET https://jurisprudencia.cc.gob.gt/Sentencias/813332.3460-2007.pdf "HTTP/1.1 200 OK"
{"url": "https://jurisprudencia.cc.gob.gt/Sentencias/813332.3460-2007.pdf", "status": 200, "bytes": 187450, "outcome": "ok", "attempts": 1, "event": "http", "level": "info", "timestamp": "2026-08-30T13:41:10.120971Z"}
HTTP Request: GET https://jurisprudencia.cc.gob.gt/Sentencias/834336.5020-2016.pdf "HTTP/1.1 200 OK"
{"url": "https://jurisprudencia.cc.gob.gt/Sentencias/834336.5020-2016.pdf", "status": 200, "bytes": 288185, "outcome": "ok", "attempts": 1, "event": "http", "level": "info", "timestamp": "2026-08-30T13:41:12.394472Z"}
HTTP Request: GET https://jurisprudencia.cc.gob.gt/Sentencias/853594.1541-2023.pdf "HTTP/1.1 200 OK"
{"url": "https://jurisprudencia.cc.gob.gt/Sentencias/853594.1541-2023.pdf", "status": 200, "bytes": 782168, "outcome": "ok", "attempts": 1, "event": "http", "level": "info", "timestamp": "2026-08-30T13:41:14.189341Z"}
HTTP Request: GET https://jurisprudencia.cc.gob.gt/Sentencias/849964.1263-2022.pdf "HTTP/1.1 200 OK"
{"url": "https://jurisprudencia.cc.gob.gt/Sentencias/849964.1263-2022.pdf", "status": 200, "bytes": 309997, "outcome": "ok", "attempts": 1, "event": "http", "level": "info", "timestamp": "2026-08-30T13:41:15.758965Z"}
{"procesados": 800, "por_regla": 747, "event": "avance", "level": "info", "timestamp": "2026-08-30T13:41:15.820412Z"}
HTTP Request: GET https://jurisprudencia.cc.gob.gt/Sentencias/848335.2901-2021.pdf "HTTP/1.1 200 OK"
{"url": "https://jurisprudencia.cc.gob.gt/Sentencias/848335.2901-2021.pdf", "status": 200, "bytes": 379276, "outcome": "ok", "attempts": 1, "event": "http", "level": "info", "timestamp": "2026-08-30T13:41:17.950557Z"}
{"url": "https://jurisprudencia.cc.gob.gt/Sentencias/852571.1309-2023.pdf", "from_cache": true, "outcome": "ok", "event": "http", "level": "info", "timestamp": "2026-08-30T13:41:18.035527Z"}
HTTP Request: GET https://jurisprudencia.cc.gob.gt/Sentencias/846150.2446-2020.pdf "HTTP/1.1 200 OK"
{"url": "https://jurisprudencia.cc.gob.gt/Sentencias/846150.2446-2020.pdf", "status": 200, "bytes": 262601, "outcome": "ok", "attempts": 1, "event": "http", "level": "info", "timestamp": "2026-08-30T13:41:19.604955Z"}
HTTP Request: GET https://jurisprudencia.cc.gob.gt/Sentencias/829377.4621-2014.pdf "HTTP/1.1 200 OK"
{"url": "https://jurisprudencia.cc.gob.gt/Sentencias/829377.4621-2014.pdf", "status": 200, "bytes": 86112, "outcome": "ok", "attempts": 1, "event": "http", "level": "info", "timestamp": "2026-08-30T13:41:21.862274Z"}
HTTP Request: GET https://jurisprudencia.cc.gob.gt/Sentencias/824736.4985-2012.pdf "HTTP/1.1 200 OK"
{"url": "https://jurisprudencia.cc.gob.gt/Sentencias/824736.4985-2012.pdf", "status": 200, "bytes": 181722, "outcome": "ok", "attempts": 1, "event": "http", "level": "info", "timestamp": "2026-08-30T13:41:24.195900Z"}
HTTP Request: GET https://jurisprudencia.cc.gob.gt/Sentencias/828450.3492-2008.pdf "HTTP/1.1 200 OK"
{"url": "https://jurisprudencia.cc.gob.gt/Sentencias/828450.3492-2008.pdf", "status": 200, "bytes": 344464, "outcome": "ok", "attempts": 1, "event": "http", "level": "info", "timestamp": "2026-08-30T13:41:26.096338Z"}
HTTP Request: GET https://jurisprudencia.cc.gob.gt/Sentencias/832467.1851-2016.pdf "HTTP/1.1 200 OK"
{"url": "https://jurisprudencia.cc.gob.gt/Sentencias/832467.1851-2016.pdf", "status": 200, "bytes": 629278, "outcome": "ok", "attempts": 1, "event": "http", "level": "info", "timestamp": "2026-08-30T13:41:28.076621Z"}
HTTP Request: GET https://jurisprudencia.cc.gob.gt/Sentencias/807616.1792-2005.pdf "HTTP/1.1 200 OK"
{"url": "https://jurisprudencia.cc.gob.gt/Sentencias/807616.1792-2005.pdf", "status": 200, "bytes": 145653, "outcome": "ok", "attempts": 1, "event": "http", "level": "info", "timestamp": "2026-08-30T13:41:30.138558Z"}
HTTP Request: GET https://jurisprudencia.cc.gob.gt/Sentencias/821003.1226-2012.pdf "HTTP/1.1 200 OK"
{"url": "https://jurisprudencia.cc.gob.gt/Sentencias/821003.1226-2012.pdf", "status": 200, "bytes": 169169, "outcome": "ok", "attempts": 1, "event": "http", "level": "info", "timestamp": "2026-08-30T13:41:31.932752Z"}
HTTP Request: GET https://jurisprudencia.cc.gob.gt/Sentencias/837709.4070-2017.pdf "HTTP/1.1 200 OK"
{"url": "https://jurisprudencia.cc.gob.gt/Sentencias/837709.4070-2017.pdf", "status": 200, "bytes": 222580, "outcome": "ok", "attempts": 1, "event": "http", "level": "info", "timestamp": "2026-08-30T13:41:33.961332Z"}
HTTP Request: GET https://jurisprudencia.cc.gob.gt/Sentencias/832939.3073-2016.pdf "HTTP/1.1 200 OK"
{"url": "https://jurisprudencia.cc.gob.gt/Sentencias/832939.3073-2016.pdf", "status": 200, "bytes": 451335, "outcome": "ok", "attempts": 1, "event": "http", "level": "info", "timestamp": "2026-08-30T13:41:35.690455Z"}
HTTP Request: GET https://jurisprudencia.cc.gob.gt/Sentencias/827388.1835-2014.pdf "HTTP/1.1 200 OK"
{"url": "https://jurisprudencia.cc.gob.gt/Sentencias/827388.1835-2014.pdf", "status": 200, "bytes": 140483, "outcome": "ok", "attempts": 1, "event": "http", "level": "info", "timestamp": "2026-08-30T13:41:37.587186Z"}
HTTP Request: GET https://jurisprudencia.cc.gob.gt/Sentencias/799300.2128-2003.pdf "HTTP/1.1 200 OK"
{"url": "https://jurisprudencia.cc.gob.gt/Sentencias/799300.2128-2003.pdf", "status": 200, "bytes": 67973, "outcome": "ok", "attempts": 1, "event": "http", "level": "info", "timestamp": "2026-08-30T13:41:39.451257Z"}
HTTP Request: GET https://jurisprudencia.cc.gob.gt/Sentencias/816746.2529-2010.pdf "HTTP/1.1 200 OK"
{"url": "https://jurisprudencia.cc.gob.gt/Sentencias/816746.2529-2010.pdf", "status": 200, "bytes": 194228, "outcome": "ok", "attempts": 1, "event": "http", "level": "info", "timestamp": "2026-08-30T13:41:41.708816Z"}
HTTP Request: GET https://jurisprudencia.cc.gob.gt/Sentencias/852177.2073-2023.pdf "HTTP/1.1 200 OK"
{"url": "https://jurisprudencia.cc.gob.gt/Sentencias/852177.2073-2023.pdf", "status": 200, "bytes": 1065326, "outcome": "ok", "attempts": 1, "event": "http", "level": "info", "timestamp": "2026-08-30T13:41:43.775647Z"}
HTTP Request: GET https://jurisprudencia.cc.gob.gt/Sentencias/852735.6689-2022.pdf "HTTP/1.1 200 OK"
{"url": "https://jurisprudencia.cc.gob.gt/Sentencias/852735.6689-2022.pdf", "status": 200, "bytes": 718305, "outcome": "ok", "attempts": 1, "event": "http", "level": "info", "timestamp": "2026-08-30T13:41:45.594477Z"}
HTTP Request: GET https://jurisprudencia.cc.gob.gt/Sentencias/823397.2188-2013.pdf "HTTP/1.1 200 OK"
{"url": "https://jurisprudencia.cc.gob.gt/Sentencias/823397.2188-2013.pdf", "status": 200, "bytes": 98033, "outcome": "ok", "attempts": 1, "event": "http", "level": "info", "timestamp": "2026-08-30T13:41:47.326453Z"}
HTTP Request: GET https://jurisprudencia.cc.gob.gt/Sentencias/823185.1726-2013.pdf "HTTP/1.1 200 OK"
{"url": "https://jurisprudencia.cc.gob.gt/Sentencias/823185.1726-2013.pdf", "status": 200, "bytes": 133761, "outcome": "ok", "attempts": 1, "event": "http", "level": "info", "timestamp": "2026-08-30T13:41:49.072130Z"}
{"url": "https://jurisprudencia.cc.gob.gt/Sentencias/818784.3185-2011.pdf", "from_cache": true, "outcome": "ok", "event": "http", "level": "info", "timestamp": "2026-08-30T13:41:49.129280Z"}
HTTP Request: GET https://jurisprudencia.cc.gob.gt/Sentencias/817738.4048-2010.pdf "HTTP/1.1 200 OK"
{"url": "https://jurisprudencia.cc.gob.gt/Sentencias/817738.4048-2010.pdf", "status": 200, "bytes": 172384, "outcome": "ok", "attempts": 1, "event": "http", "level": "info", "timestamp": "2026-08-30T13:41:51.270555Z"}
HTTP Request: GET https://jurisprudencia.cc.gob.gt/Sentencias/835648.5412-2016.pdf "HTTP/1.1 200 OK"
{"url": "https://jurisprudencia.cc.gob.gt/Sentencias/835648.5412-2016.pdf", "status": 200, "bytes": 292074, "outcome": "ok", "attempts": 1, "event": "http", "level": "info", "timestamp": "2026-08-30T13:41:53.103543Z"}
HTTP Request: GET https://jurisprudencia.cc.gob.gt/Sentencias/827864.2309-2014.pdf "HTTP/1.1 200 OK"
{"url": "https://jurisprudencia.cc.gob.gt/Sentencias/827864.2309-2014.pdf", "status": 200, "bytes": 83083, "outcome": "ok", "attempts": 1, "event": "http", "level": "info", "timestamp": "2026-08-30T13:41:55.153876Z"}
HTTP Request: GET https://jurisprudencia.cc.gob.gt/Sentencias/853341.2356-2023.pdf "HTTP/1.1 200 OK"
{"url": "https://jurisprudencia.cc.gob.gt/Sentencias/853341.2356-2023.pdf", "status": 200, "bytes": 704576, "outcome": "ok", "attempts": 1, "event": "http", "level": "info", "timestamp": "2026-08-30T13:41:57.130629Z"}
HTTP Request: GET https://jurisprudencia.cc.gob.gt/Sentencias/825659.783-2014.pdf "HTTP/1.1 200 OK"
{"url": "https://jurisprudencia.cc.gob.gt/Sentencias/825659.783-2014.pdf", "status": 200, "bytes": 89905, "outcome": "ok", "attempts": 1, "event": "http", "level": "info", "timestamp": "2026-08-30T13:41:58.836640Z"}
HTTP Request: GET https://jurisprudencia.cc.gob.gt/Sentencias/841674.777-2018.pdf "HTTP/1.1 200 OK"
{"url": "https://jurisprudencia.cc.gob.gt/Sentencias/841674.777-2018.pdf", "status": 200, "bytes": 446995, "outcome": "ok", "attempts": 1, "event": "http", "level": "info", "timestamp": "2026-08-30T13:42:01.032539Z"}
HTTP Request: GET https://jurisprudencia.cc.gob.gt/Sentencias/811956.1845-2008.pdf "HTTP/1.1 200 OK"
{"url": "https://jurisprudencia.cc.gob.gt/Sentencias/811956.1845-2008.pdf", "status": 200, "bytes": 143906, "outcome": "ok", "attempts": 1, "event": "http", "level": "info", "timestamp": "2026-08-30T13:42:03.123273Z"}
HTTP Request: GET https://jurisprudencia.cc.gob.gt/Sentencias/841735.6058-2018.pdf "HTTP/1.1 200 OK"
{"url": "https://jurisprudencia.cc.gob.gt/Sentencias/841735.6058-2018.pdf", "status": 200, "bytes": 461761, "outcome": "ok", "attempts": 1, "event": "http", "level": "info", "timestamp": "2026-08-30T13:42:05.340783Z"}
HTTP Request: GET https://jurisprudencia.cc.gob.gt/Sentencias/808899.3927-2008.pdf "HTTP/1.1 200 OK"
{"url": "https://jurisprudencia.cc.gob.gt/Sentencias/808899.3927-2008.pdf", "status": 200, "bytes": 185323, "outcome": "ok", "attempts": 1, "event": "http", "level": "info", "timestamp": "2026-08-30T13:42:07.203379Z"}
HTTP Request: GET https://jurisprudencia.cc.gob.gt/Sentencias/822121.3827-2012.pdf "HTTP/1.1 200 OK"
{"url": "https://jurisprudencia.cc.gob.gt/Sentencias/822121.3827-2012.pdf", "status": 200, "bytes": 191192, "outcome": "ok", "attempts": 1, "event": "http", "level": "info", "timestamp": "2026-08-30T13:42:09.478623Z"}
HTTP Request: GET https://jurisprudencia.cc.gob.gt/Sentencias/833176.3377-2016.pdf "HTTP/1.1 200 OK"
{"url": "https://jurisprudencia.cc.gob.gt/Sentencias/833176.3377-2016.pdf", "status": 200, "bytes": 510779, "outcome": "ok", "attempts": 1, "event": "http", "level": "info", "timestamp": "2026-08-30T13:42:11.221928Z"}
HTTP Request: GET https://jurisprudencia.cc.gob.gt/Sentencias/851367.3222-2022.pdf "HTTP/1.1 200 OK"
{"url": "https://jurisprudencia.cc.gob.gt/Sentencias/851367.3222-2022.pdf", "status": 200, "bytes": 745315, "outcome": "ok", "attempts": 1, "event": "http", "level": "info", "timestamp": "2026-08-30T13:42:13.384747Z"}
HTTP Request: GET https://jurisprudencia.cc.gob.gt/Sentencias/850705.1762-2022.pdf "HTTP/1.1 200 OK"
{"url": "https://jurisprudencia.cc.gob.gt/Sentencias/850705.1762-2022.pdf", "status": 200, "bytes": 1088668, "outcome": "ok", "attempts": 1, "event": "http", "level": "info", "timestamp": "2026-08-30T13:42:15.345523Z"}
HTTP Request: GET https://jurisprudencia.cc.gob.gt/Sentencias/824847.5354-2013.pdf "HTTP/1.1 200 OK"
{"url": "https://jurisprudencia.cc.gob.gt/Sentencias/824847.5354-2013.pdf", "status": 200, "bytes": 190463, "outcome": "ok", "attempts": 1, "event": "http", "level": "info", "timestamp": "2026-08-30T13:42:17.340789Z"}
HTTP Request: GET https://jurisprudencia.cc.gob.gt/Sentencias/853832.877-2023.pdf "HTTP/1.1 200 OK"
{"url": "https://jurisprudencia.cc.gob.gt/Sentencias/853832.877-2023.pdf", "status": 200, "bytes": 3956022, "outcome": "ok", "attempts": 1, "event": "http", "level": "info", "timestamp": "2026-08-30T13:42:19.478352Z"}
HTTP Request: GET https://jurisprudencia.cc.gob.gt/Sentencias/818187.2502-2011.pdf "HTTP/1.1 200 OK"
{"url": "https://jurisprudencia.cc.gob.gt/Sentencias/818187.2502-2011.pdf", "status": 200, "bytes": 172397, "outcome": "ok", "attempts": 1, "event": "http", "level": "info", "timestamp": "2026-08-30T13:42:21.336513Z"}
HTTP Request: GET https://jurisprudencia.cc.gob.gt/Sentencias/835123.2745-2016.pdf "HTTP/1.1 200 OK"
{"url": "https://jurisprudencia.cc.gob.gt/Sentencias/835123.2745-2016.pdf", "status": 200, "bytes": 488367, "outcome": "ok", "attempts": 1, "event": "http", "level": "info", "timestamp": "2026-08-30T13:42:23.424996Z"}
HTTP Request: GET https://jurisprudencia.cc.gob.gt/Sentencias/803117.568-2007.pdf "HTTP/1.1 200 OK"
{"url": "https://jurisprudencia.cc.gob.gt/Sentencias/803117.568-2007.pdf", "status": 200, "bytes": 232942, "outcome": "ok", "attempts": 1, "event": "http", "level": "info", "timestamp": "2026-08-30T13:42:25.602448Z"}
HTTP Request: GET https://jurisprudencia.cc.gob.gt/Sentencias/855544.1270-2023.pdf "HTTP/1.1 200 OK"
{"url": "https://jurisprudencia.cc.gob.gt/Sentencias/855544.1270-2023.pdf", "status": 200, "bytes": 4040124, "outcome": "ok", "attempts": 1, "event": "http", "level": "info", "timestamp": "2026-08-30T13:42:27.661199Z"}
HTTP Request: GET https://jurisprudencia.cc.gob.gt/Sentencias/850254.2841-2022.pdf "HTTP/1.1 200 OK"
{"url": "https://jurisprudencia.cc.gob.gt/Sentencias/850254.2841-2022.pdf", "status": 200, "bytes": 1285145, "outcome": "ok", "attempts": 1, "event": "http", "level": "info", "timestamp": "2026-08-30T13:42:29.706045Z"}
HTTP Request: GET https://jurisprudencia.cc.gob.gt/Sentencias/853827.5423-2023.pdf "HTTP/1.1 200 OK"
{"url": "https://jurisprudencia.cc.gob.gt/Sentencias/853827.5423-2023.pdf", "status": 200, "bytes": 4163599, "outcome": "ok", "attempts": 1, "event": "http", "level": "info", "timestamp": "2026-08-30T13:42:31.704279Z"}
HTTP Request: GET https://jurisprudencia.cc.gob.gt/Sentencias/838006.3871-2017.pdf "HTTP/1.1 200 OK"
{"url": "https://jurisprudencia.cc.gob.gt/Sentencias/838006.3871-2017.pdf", "status": 200, "bytes": 339779, "outcome": "ok", "attempts": 1, "event": "http", "level": "info", "timestamp": "2026-08-30T13:42:33.398112Z"}
HTTP Request: GET https://jurisprudencia.cc.gob.gt/Sentencias/838003.3614-2017.pdf "HTTP/1.1 200 OK"
{"url": "https://jurisprudencia.cc.gob.gt/Sentencias/838003.3614-2017.pdf", "status": 200, "bytes": 311584, "outcome": "ok", "attempts": 1, "event": "http", "level": "info", "timestamp": "2026-08-30T13:42:35.605450Z"}
HTTP Request: GET https://jurisprudencia.cc.gob.gt/Sentencias/829058.1967-2015.pdf "HTTP/1.1 200 OK"
{"url": "https://jurisprudencia.cc.gob.gt/Sentencias/829058.1967-2015.pdf", "status": 200, "bytes": 175174, "outcome": "ok", "attempts": 1, "event": "http", "level": "info", "timestamp": "2026-08-30T13:42:37.422006Z"}
HTTP Request: GET https://jurisprudencia.cc.gob.gt/Sentencias/798848.1393-2003.pdf "HTTP/1.1 200 OK"
{"url": "https://jurisprudencia.cc.gob.gt/Sentencias/798848.1393-2003.pdf", "status": 200, "bytes": 112140, "outcome": "ok", "attempts": 1, "event": "http", "level": "info", "timestamp": "2026-08-30T13:42:39.382607Z"}
HTTP Request: GET https://jurisprudencia.cc.gob.gt/Sentencias/837477.2953-2017.pdf "HTTP/1.1 200 OK"
{"url": "https://jurisprudencia.cc.gob.gt/Sentencias/837477.2953-2017.pdf", "status": 200, "bytes": 276847, "outcome": "ok", "attempts": 1, "event": "http", "level": "info", "timestamp": "2026-08-30T13:42:41.357495Z"}
HTTP Request: GET https://jurisprudencia.cc.gob.gt/Sentencias/838043.3339-2017.pdf "HTTP/1.1 200 OK"
{"url": "https://jurisprudencia.cc.gob.gt/Sentencias/838043.3339-2017.pdf", "status": 200, "bytes": 267408, "outcome": "ok", "attempts": 1, "event": "http", "level": "info", "timestamp": "2026-08-30T13:42:43.008086Z"}
HTTP Request: GET https://jurisprudencia.cc.gob.gt/Sentencias/851471.5502-2022.pdf "HTTP/1.1 200 OK"
{"url": "https://jurisprudencia.cc.gob.gt/Sentencias/851471.5502-2022.pdf", "status": 200, "bytes": 786121, "outcome": "ok", "attempts": 1, "event": "http", "level": "info", "timestamp": "2026-08-30T13:42:45.422356Z"}
HTTP Request: GET https://jurisprudencia.cc.gob.gt/Sentencias/798321.1181-2003.pdf "HTTP/1.1 200 OK"
{"url": "https://jurisprudencia.cc.gob.gt/Sentencias/798321.1181-2003.pdf", "status": 200, "bytes": 76230, "outcome": "ok", "attempts": 1, "event": "http", "level": "info", "timestamp": "2026-08-30T13:42:47.384127Z"}
{"url": "https://jurisprudencia.cc.gob.gt/Sentencias/848244.3485-2021.pdf", "from_cache": true, "outcome": "ok", "event": "http", "level": "info", "timestamp": "2026-08-30T13:42:47.466641Z"}
HTTP Request: GET https://jurisprudencia.cc.gob.gt/Sentencias/809172.2534-2009.pdf "HTTP/1.1 200 OK"
{"url": "https://jurisprudencia.cc.gob.gt/Sentencias/809172.2534-2009.pdf", "status": 200, "bytes": 138862, "outcome": "ok", "attempts": 1, "event": "http", "level": "info", "timestamp": "2026-08-30T13:42:49.283735Z"}
{"url": "https://jurisprudencia.cc.gob.gt/Sentencias/817578.1419-2010.pdf", "from_cache": true, "outcome": "ok", "event": "http", "level": "info", "timestamp": "2026-08-30T13:42:49.366805Z"}
HTTP Request: GET https://jurisprudencia.cc.gob.gt/Sentencias/806930.588-2005.pdf "HTTP/1.1 200 OK"
{"url": "https://jurisprudencia.cc.gob.gt/Sentencias/806930.588-2005.pdf", "status": 200, "bytes": 169999, "outcome": "ok", "attempts": 1, "event": "http", "level": "info", "timestamp": "2026-08-30T13:42:51.349853Z"}
HTTP Request: GET https://jurisprudencia.cc.gob.gt/Sentencias/811571.1856-2008.pdf "HTTP/1.1 200 OK"
{"url": "https://jurisprudencia.cc.gob.gt/Sentencias/811571.1856-2008.pdf", "status": 200, "bytes": 143976, "outcome": "ok", "attempts": 1, "event": "http", "level": "info", "timestamp": "2026-08-30T13:42:53.010412Z"}
HTTP Request: GET https://jurisprudencia.cc.gob.gt/Sentencias/813189.2623-2006.pdf "HTTP/1.1 200 OK"
{"url": "https://jurisprudencia.cc.gob.gt/Sentencias/813189.2623-2006.pdf", "status": 200, "bytes": 95678, "outcome": "ok", "attempts": 1, "event": "http", "level": "info", "timestamp": "2026-08-30T13:42:54.660014Z"}
HTTP Request: GET https://jurisprudencia.cc.gob.gt/Sentencias/846493.759-2020%20y%20766-2020.pdf "HTTP/1.1 200 OK"
{"url": "https://jurisprudencia.cc.gob.gt/Sentencias/846493.759-2020%20y%20766-2020.pdf", "status": 200, "bytes": 312091, "outcome": "ok", "attempts": 1, "event": "http", "level": "info", "timestamp": "2026-08-30T13:42:56.704609Z"}
HTTP Request: GET https://jurisprudencia.cc.gob.gt/Sentencias/836770.1938-2017.pdf "HTTP/1.1 200 OK"
{"url": "https://jurisprudencia.cc.gob.gt/Sentencias/836770.1938-2017.pdf", "status": 200, "bytes": 454277, "outcome": "ok", "attempts": 1, "event": "http", "level": "info", "timestamp": "2026-08-30T13:42:58.908865Z"}
HTTP Request: GET https://jurisprudencia.cc.gob.gt/Sentencias/802583.2545-2006.pdf "HTTP/1.1 200 OK"
{"url": "https://jurisprudencia.cc.gob.gt/Sentencias/802583.2545-2006.pdf", "status": 200, "bytes": 236171, "outcome": "ok", "attempts": 1, "event": "http", "level": "info", "timestamp": "2026-08-30T13:43:00.998645Z"}
HTTP Request: GET https://jurisprudencia.cc.gob.gt/Sentencias/856071.7928-2023.pdf "HTTP/1.1 200 OK"
{"url": "https://jurisprudencia.cc.gob.gt/Sentencias/856071.7928-2023.pdf", "status": 200, "bytes": 3811544, "outcome": "ok", "attempts": 1, "event": "http", "level": "info", "timestamp": "2026-08-30T13:43:02.932425Z"}
HTTP Request: GET https://jurisprudencia.cc.gob.gt/Sentencias/802879.1401-2007.pdf "HTTP/1.1 200 OK"
{"url": "https://jurisprudencia.cc.gob.gt/Sentencias/802879.1401-2007.pdf", "status": 200, "bytes": 246156, "outcome": "ok", "attempts": 1, "event": "http", "level": "info", "timestamp": "2026-08-30T13:43:04.858419Z"}
HTTP Request: GET https://jurisprudencia.cc.gob.gt/Sentencias/808848.3142-%202009.pdf "HTTP/1.1 200 OK"
{"url": "https://jurisprudencia.cc.gob.gt/Sentencias/808848.3142-%202009.pdf", "status": 200, "bytes": 182765, "outcome": "ok", "attempts": 1, "event": "http", "level": "info", "timestamp": "2026-08-30T13:43:06.991292Z"}
HTTP Request: GET https://jurisprudencia.cc.gob.gt/Sentencias/809817.1930-2009.pdf "HTTP/1.1 200 OK"
{"url": "https://jurisprudencia.cc.gob.gt/Sentencias/809817.1930-2009.pdf", "status": 200, "bytes": 183612, "outcome": "ok", "attempts": 1, "event": "http", "level": "info", "timestamp": "2026-08-30T13:43:09.311268Z"}
HTTP Request: GET https://jurisprudencia.cc.gob.gt/Sentencias/827868.2553-2014.pdf "HTTP/1.1 200 OK"
{"url": "https://jurisprudencia.cc.gob.gt/Sentencias/827868.2553-2014.pdf", "status": 200, "bytes": 90828, "outcome": "ok", "attempts": 1, "event": "http", "level": "info", "timestamp": "2026-08-30T13:43:11.277878Z"}
HTTP Request: GET https://jurisprudencia.cc.gob.gt/Sentencias/847345.1621-2021.pdf "HTTP/1.1 200 OK"
{"url": "https://jurisprudencia.cc.gob.gt/Sentencias/847345.1621-2021.pdf", "status": 200, "bytes": 275792, "outcome": "ok", "attempts": 1, "event": "http", "level": "info", "timestamp": "2026-08-30T13:43:13.449813Z"}
HTTP Request: GET https://jurisprudencia.cc.gob.gt/Sentencias/843274.2445-2019.pdf "HTTP/1.1 200 OK"
{"url": "https://jurisprudencia.cc.gob.gt/Sentencias/843274.2445-2019.pdf", "status": 200, "bytes": 444178, "outcome": "ok", "attempts": 1, "event": "http", "level": "info", "timestamp": "2026-08-30T13:43:15.455750Z"}
HTTP Request: GET https://jurisprudencia.cc.gob.gt/Sentencias/827213.4795-2014.pdf "HTTP/1.1 200 OK"
{"url": "https://jurisprudencia.cc.gob.gt/Sentencias/827213.4795-2014.pdf", "status": 200, "bytes": 169497, "outcome": "ok", "attempts": 1, "event": "http", "level": "info", "timestamp": "2026-08-30T13:43:17.456550Z"}
HTTP Request: GET https://jurisprudencia.cc.gob.gt/Sentencias/834818.3026-2015.pdf "HTTP/1.1 200 OK"
{"url": "https://jurisprudencia.cc.gob.gt/Sentencias/834818.3026-2015.pdf", "status": 200, "bytes": 325572, "outcome": "ok", "attempts": 1, "event": "http", "level": "info", "timestamp": "2026-08-30T13:43:19.808089Z"}
HTTP Request: GET https://jurisprudencia.cc.gob.gt/Sentencias/833267.5163-2015.pdf "HTTP/1.1 200 OK"
{"url": "https://jurisprudencia.cc.gob.gt/Sentencias/833267.5163-2015.pdf", "status": 200, "bytes": 540283, "outcome": "ok", "attempts": 1, "event": "http", "level": "info", "timestamp": "2026-08-30T13:43:21.931567Z"}
HTTP Request: GET https://jurisprudencia.cc.gob.gt/Sentencias/852282.3093-2022.pdf "HTTP/1.1 200 OK"
{"url": "https://jurisprudencia.cc.gob.gt/Sentencias/852282.3093-2022.pdf", "status": 200, "bytes": 879482, "outcome": "ok", "attempts": 1, "event": "http", "level": "info", "timestamp": "2026-08-30T13:43:23.811842Z"}
HTTP Request: GET https://jurisprudencia.cc.gob.gt/Sentencias/843493.4612-2019.pdf "HTTP/1.1 200 OK"
{"url": "https://jurisprudencia.cc.gob.gt/Sentencias/843493.4612-2019.pdf", "status": 200, "bytes": 389579, "outcome": "ok", "attempts": 1, "event": "http", "level": "info", "timestamp": "2026-08-30T13:43:25.883420Z"}
HTTP Request: GET https://jurisprudencia.cc.gob.gt/Sentencias/832081.3373-2015.pdf "HTTP/1.1 200 OK"
{"url": "https://jurisprudencia.cc.gob.gt/Sentencias/832081.3373-2015.pdf", "status": 200, "bytes": 154245, "outcome": "ok", "attempts": 1, "event": "http", "level": "info", "timestamp": "2026-08-30T13:43:28.014698Z"}
HTTP Request: GET https://jurisprudencia.cc.gob.gt/Sentencias/837936.4973-2017.pdf "HTTP/1.1 200 OK"
{"url": "https://jurisprudencia.cc.gob.gt/Sentencias/837936.4973-2017.pdf", "status": 200, "bytes": 228427, "outcome": "ok", "attempts": 1, "event": "http", "level": "info", "timestamp": "2026-08-30T13:43:30.125738Z"}
HTTP Request: GET https://jurisprudencia.cc.gob.gt/Sentencias/844508.4648-2018.pdf "HTTP/1.1 200 OK"
{"url": "https://jurisprudencia.cc.gob.gt/Sentencias/844508.4648-2018.pdf", "status": 200, "bytes": 385044, "outcome": "ok", "attempts": 1, "event": "http", "level": "info", "timestamp": "2026-08-30T13:43:32.086131Z"}
HTTP Request: GET https://jurisprudencia.cc.gob.gt/Sentencias/851169.6166-2022.pdf "HTTP/1.1 200 OK"
{"url": "https://jurisprudencia.cc.gob.gt/Sentencias/851169.6166-2022.pdf", "status": 200, "bytes": 864330, "outcome": "ok", "attempts": 1, "event": "http", "level": "info", "timestamp": "2026-08-30T13:43:34.949656Z"}
HTTP Request: GET https://jurisprudencia.cc.gob.gt/Sentencias/844146.1019-2019.pdf "HTTP/1.1 200 OK"
{"url": "https://jurisprudencia.cc.gob.gt/Sentencias/844146.1019-2019.pdf", "status": 200, "bytes": 387504, "outcome": "ok", "attempts": 1, "event": "http", "level": "info", "timestamp": "2026-08-30T13:43:36.158165Z"}
HTTP Request: GET https://jurisprudencia.cc.gob.gt/Sentencias/827573.1350-2014.pdf "HTTP/1.1 200 OK"
{"url": "https://jurisprudencia.cc.gob.gt/Sentencias/827573.1350-2014.pdf", "status": 200, "bytes": 176115, "outcome": "ok", "attempts": 1, "event": "http", "level": "info", "timestamp": "2026-08-30T13:43:38.099839Z"}
HTTP Request: GET https://jurisprudencia.cc.gob.gt/Sentencias/852862.819-2023.pdf "HTTP/1.1 200 OK"
{"url": "https://jurisprudencia.cc.gob.gt/Sentencias/852862.819-2023.pdf", "status": 200, "bytes": 1027452, "outcome": "ok", "attempts": 1, "event": "http", "level": "info", "timestamp": "2026-08-30T13:43:40.150157Z"}
HTTP Request: GET https://jurisprudencia.cc.gob.gt/Sentencias/820535.1956-2012.pdf "HTTP/1.1 200 OK"
{"url": "https://jurisprudencia.cc.gob.gt/Sentencias/820535.1956-2012.pdf", "status": 200, "bytes": 193538, "outcome": "ok", "attempts": 1, "event": "http", "level": "info", "timestamp": "2026-08-30T13:43:41.747646Z"}
HTTP Request: GET https://jurisprudencia.cc.gob.gt/Sentencias/816811.4427-2010.pdf "HTTP/1.1 200 OK"
{"url": "https://jurisprudencia.cc.gob.gt/Sentencias/816811.4427-2010.pdf", "status": 200, "bytes": 196171, "outcome": "ok", "attempts": 1, "event": "http", "level": "info", "timestamp": "2026-08-30T13:43:43.554069Z"}
HTTP Request: GET https://jurisprudencia.cc.gob.gt/Sentencias/801940.2798-2005.pdf "HTTP/1.1 200 OK"
{"url": "https://jurisprudencia.cc.gob.gt/Sentencias/801940.2798-2005.pdf", "status": 200, "bytes": 163667, "outcome": "ok", "attempts": 1, "event": "http", "level": "info", "timestamp": "2026-08-30T13:43:45.742551Z"}
HTTP Request: GET https://jurisprudencia.cc.gob.gt/Sentencias/847181.1164-2021.pdf "HTTP/1.1 200 OK"
{"url": "https://jurisprudencia.cc.gob.gt/Sentencias/847181.1164-2021.pdf", "status": 200, "bytes": 340409, "outcome": "ok", "attempts": 1, "event": "http", "level": "info", "timestamp": "2026-08-30T13:43:47.900423Z"}
HTTP Request: GET https://jurisprudencia.cc.gob.gt/Sentencias/798951.344-2004.pdf "HTTP/1.1 200 OK"
{"url": "https://jurisprudencia.cc.gob.gt/Sentencias/798951.344-2004.pdf", "status": 200, "bytes": 67648, "outcome": "ok", "attempts": 1, "event": "http", "level": "info", "timestamp": "2026-08-30T13:43:49.782675Z"}
HTTP Request: GET https://jurisprudencia.cc.gob.gt/Sentencias/848564.3494-2021,%203552-2021%20y%203553-2021.pdf "HTTP/1.1 200 OK"
{"url": "https://jurisprudencia.cc.gob.gt/Sentencias/848564.3494-2021,%203552-2021%20y%203553-2021.pdf", "status": 200, "bytes": 380797, "outcome": "ok", "attempts": 1, "event": "http", "level": "info", "timestamp": "2026-08-30T13:43:52.152135Z"}
HTTP Request: GET https://jurisprudencia.cc.gob.gt/Sentencias/799278.1891-2003.pdf "HTTP/1.1 200 OK"
{"url": "https://jurisprudencia.cc.gob.gt/Sentencias/799278.1891-2003.pdf", "status": 200, "bytes": 80826, "outcome": "ok", "attempts": 1, "event": "http", "level": "info", "timestamp": "2026-08-30T13:43:54.086300Z"}
HTTP Request: GET https://jurisprudencia.cc.gob.gt/Sentencias/852893.6032-2022.pdf "HTTP/1.1 200 OK"
{"url": "https://jurisprudencia.cc.gob.gt/Sentencias/852893.6032-2022.pdf", "status": 200, "bytes": 829426, "outcome": "ok", "attempts": 1, "event": "http", "level": "info", "timestamp": "2026-08-30T13:43:56.105665Z"}
HTTP Request: GET https://jurisprudencia.cc.gob.gt/Sentencias/828347.1046-2015.pdf "HTTP/1.1 200 OK"
{"url": "https://jurisprudencia.cc.gob.gt/Sentencias/828347.1046-2015.pdf", "status": 200, "bytes": 94841, "outcome": "ok", "attempts": 1, "event": "http", "level": "info", "timestamp": "2026-08-30T13:43:58.190325Z"}
HTTP Request: GET https://jurisprudencia.cc.gob.gt/Sentencias/852953.6423-2022.pdf "HTTP/1.1 200 OK"
{"url": "https://jurisprudencia.cc.gob.gt/Sentencias/852953.6423-2022.pdf", "status": 200, "bytes": 950509, "outcome": "ok", "attempts": 1, "event": "http", "level": "info", "timestamp": "2026-08-30T13:44:00.141747Z"}
HTTP Request: GET https://jurisprudencia.cc.gob.gt/Sentencias/825240.3485-2013.pdf "HTTP/1.1 200 OK"
{"url": "https://jurisprudencia.cc.gob.gt/Sentencias/825240.3485-2013.pdf", "status": 200, "bytes": 185041, "outcome": "ok", "attempts": 1, "event": "http", "level": "info", "timestamp": "2026-08-30T13:44:02.121918Z"}
HTTP Request: GET https://jurisprudencia.cc.gob.gt/Sentencias/824529.3175-2013.pdf "HTTP/1.1 200 OK"
{"url": "https://jurisprudencia.cc.gob.gt/Sentencias/824529.3175-2013.pdf", "status": 200, "bytes": 150234, "outcome": "ok", "attempts": 1, "event": "http", "level": "info", "timestamp": "2026-08-30T13:44:04.255045Z"}
HTTP Request: GET https://jurisprudencia.cc.gob.gt/Sentencias/848488.3798-2019.pdf "HTTP/1.1 200 OK"
{"url": "https://jurisprudencia.cc.gob.gt/Sentencias/848488.3798-2019.pdf", "status": 200, "bytes": 450623, "outcome": "ok", "attempts": 1, "event": "http", "level": "info", "timestamp": "2026-08-30T13:44:06.446422Z"}
HTTP Request: GET https://jurisprudencia.cc.gob.gt/Sentencias/853117.3499-2023.pdf "HTTP/1.1 200 OK"
{"url": "https://jurisprudencia.cc.gob.gt/Sentencias/853117.3499-2023.pdf", "status": 200, "bytes": 763129, "outcome": "ok", "attempts": 1, "event": "http", "level": "info", "timestamp": "2026-08-30T13:44:08.768772Z"}
HTTP Request: GET https://jurisprudencia.cc.gob.gt/Sentencias/829107.5468-2014.pdf "HTTP/1.1 200 OK"
{"url": "https://jurisprudencia.cc.gob.gt/Sentencias/829107.5468-2014.pdf", "status": 200, "bytes": 152782, "outcome": "ok", "attempts": 1, "event": "http", "level": "info", "timestamp": "2026-08-30T13:44:10.498107Z"}
HTTP Request: GET https://jurisprudencia.cc.gob.gt/Sentencias/834936.3-2017.pdf "HTTP/1.1 200 OK"
{"url": "https://jurisprudencia.cc.gob.gt/Sentencias/834936.3-2017.pdf", "status": 200, "bytes": 397979, "outcome": "ok", "attempts": 1, "event": "http", "level": "info", "timestamp": "2026-08-30T13:44:12.195323Z"}
HTTP Request: GET https://jurisprudencia.cc.gob.gt/Sentencias/814928.1107-2005.pdf "HTTP/1.1 200 OK"
{"url": "https://jurisprudencia.cc.gob.gt/Sentencias/814928.1107-2005.pdf", "status": 200, "bytes": 137890, "outcome": "ok", "attempts": 1, "event": "http", "level": "info", "timestamp": "2026-08-30T13:44:13.822932Z"}
HTTP Request: GET https://jurisprudencia.cc.gob.gt/Sentencias/825074.107-2014.pdf "HTTP/1.1 200 OK"
{"url": "https://jurisprudencia.cc.gob.gt/Sentencias/825074.107-2014.pdf", "status": 200, "bytes": 146743, "outcome": "ok", "attempts": 1, "event": "http", "level": "info", "timestamp": "2026-08-30T13:44:16.000976Z"}
HTTP Request: GET https://jurisprudencia.cc.gob.gt/Sentencias/855378.7304-2023.pdf "HTTP/1.1 200 OK"
{"url": "https://jurisprudencia.cc.gob.gt/Sentencias/855378.7304-2023.pdf", "status": 200, "bytes": 3160196, "outcome": "ok", "attempts": 1, "event": "http", "level": "info", "timestamp": "2026-08-30T13:44:18.600214Z"}
HTTP Request: GET https://jurisprudencia.cc.gob.gt/Sentencias/823054.912-2013.pdf "HTTP/1.1 200 OK"
{"url": "https://jurisprudencia.cc.gob.gt/Sentencias/823054.912-2013.pdf", "status": 200, "bytes": 187175, "outcome": "ok", "attempts": 1, "event": "http", "level": "info", "timestamp": "2026-08-30T13:44:20.371324Z"}
HTTP Request: GET https://jurisprudencia.cc.gob.gt/Sentencias/832354.2780-2014.pdf "HTTP/1.1 200 OK"
{"url": "https://jurisprudencia.cc.gob.gt/Sentencias/832354.2780-2014.pdf", "status": 200, "bytes": 88516, "outcome": "ok", "attempts": 1, "event": "http", "level": "info", "timestamp": "2026-08-30T13:44:22.223159Z"}
HTTP Request: GET https://jurisprudencia.cc.gob.gt/Sentencias/827069.3151-2014.pdf "HTTP/1.1 200 OK"
{"url": "https://jurisprudencia.cc.gob.gt/Sentencias/827069.3151-2014.pdf", "status": 200, "bytes": 79731, "outcome": "ok", "attempts": 1, "event": "http", "level": "info", "timestamp": "2026-08-30T13:44:24.397041Z"}
HTTP Request: GET https://jurisprudencia.cc.gob.gt/Sentencias/834950.4830-2016.pdf "HTTP/1.1 200 OK"
{"url": "https://jurisprudencia.cc.gob.gt/Sentencias/834950.4830-2016.pdf", "status": 200, "bytes": 638260, "outcome": "ok", "attempts": 1, "event": "http", "level": "info", "timestamp": "2026-08-30T13:44:26.778532Z"}
HTTP Request: GET https://jurisprudencia.cc.gob.gt/Sentencias/830615.4737-2015.pdf "HTTP/1.1 200 OK"
{"url": "https://jurisprudencia.cc.gob.gt/Sentencias/830615.4737-2015.pdf", "status": 200, "bytes": 141180, "outcome": "ok", "attempts": 1, "event": "http", "level": "info", "timestamp": "2026-08-30T13:44:28.556077Z"}
{"procesados": 900, "por_regla": 841, "event": "avance", "level": "info", "timestamp": "2026-08-30T13:44:28.625882Z"}
HTTP Request: GET https://jurisprudencia.cc.gob.gt/Sentencias/850695.2905-2022.pdf "HTTP/1.1 200 OK"
{"url": "https://jurisprudencia.cc.gob.gt/Sentencias/850695.2905-2022.pdf", "status": 200, "bytes": 1129396, "outcome": "ok", "attempts": 1, "event": "http", "level": "info", "timestamp": "2026-08-30T13:44:30.609449Z"}
HTTP Request: GET https://jurisprudencia.cc.gob.gt/Sentencias/834593.288-2017.pdf "HTTP/1.1 200 OK"
{"url": "https://jurisprudencia.cc.gob.gt/Sentencias/834593.288-2017.pdf", "status": 200, "bytes": 564808, "outcome": "ok", "attempts": 1, "event": "http", "level": "info", "timestamp": "2026-08-30T13:44:32.519063Z"}
{"url": "https://jurisprudencia.cc.gob.gt/Sentencias/812292.2120-2008.pdf", "from_cache": true, "outcome": "ok", "event": "http", "level": "info", "timestamp": "2026-08-30T13:44:32.587680Z"}
HTTP Request: GET https://jurisprudencia.cc.gob.gt/Sentencias/819081.3222-2011.pdf "HTTP/1.1 200 OK"
{"url": "https://jurisprudencia.cc.gob.gt/Sentencias/819081.3222-2011.pdf", "status": 200, "bytes": 96588, "outcome": "ok", "attempts": 1, "event": "http", "level": "info", "timestamp": "2026-08-30T13:44:34.382702Z"}
HTTP Request: GET https://jurisprudencia.cc.gob.gt/Sentencias/847252.536-2021.pdf "HTTP/1.1 200 OK"
{"url": "https://jurisprudencia.cc.gob.gt/Sentencias/847252.536-2021.pdf", "status": 200, "bytes": 280914, "outcome": "ok", "attempts": 1, "event": "http", "level": "info", "timestamp": "2026-08-30T13:44:36.371572Z"}
HTTP Request: GET https://jurisprudencia.cc.gob.gt/Sentencias/803074.3246-2006.pdf "HTTP/1.1 200 OK"
{"url": "https://jurisprudencia.cc.gob.gt/Sentencias/803074.3246-2006.pdf", "status": 200, "bytes": 146079, "outcome": "ok", "attempts": 1, "event": "http", "level": "info", "timestamp": "2026-08-30T13:44:38.582253Z"}
HTTP Request: GET https://jurisprudencia.cc.gob.gt/Sentencias/850553.5325-2021%20y%205326-2021.pdf "HTTP/1.1 200 OK"
{"url": "https://jurisprudencia.cc.gob.gt/Sentencias/850553.5325-2021%20y%205326-2021.pdf", "status": 200, "bytes": 855182, "outcome": "ok", "attempts": 1, "event": "http", "level": "info", "timestamp": "2026-08-30T13:44:40.412265Z"}
HTTP Request: GET https://jurisprudencia.cc.gob.gt/Sentencias/852857.2627-2023.pdf "HTTP/1.1 200 OK"
{"url": "https://jurisprudencia.cc.gob.gt/Sentencias/852857.2627-2023.pdf", "status": 200, "bytes": 925787, "outcome": "ok", "attempts": 1, "event": "http", "level": "info", "timestamp": "2026-08-30T13:44:42.091974Z"}
HTTP Request: GET https://jurisprudencia.cc.gob.gt/Sentencias/816206.2911-2010.pdf "HTTP/1.1 200 OK"
{"url": "https://jurisprudencia.cc.gob.gt/Sentencias/816206.2911-2010.pdf", "status": 200, "bytes": 143068, "outcome": "ok", "attempts": 1, "event": "http", "level": "info", "timestamp": "2026-08-30T13:44:44.214815Z"}
HTTP Request: GET https://jurisprudencia.cc.gob.gt/Sentencias/813837.2075-2007.pdf "HTTP/1.1 200 OK"
{"url": "https://jurisprudencia.cc.gob.gt/Sentencias/813837.2075-2007.pdf", "status": 200, "bytes": 138064, "outcome": "ok", "attempts": 1, "event": "http", "level": "info", "timestamp": "2026-08-30T13:44:45.799957Z"}
HTTP Request: GET https://jurisprudencia.cc.gob.gt/Sentencias/811395.3479-2008.pdf "HTTP/1.1 200 OK"
{"url": "https://jurisprudencia.cc.gob.gt/Sentencias/811395.3479-2008.pdf", "status": 200, "bytes": 195500, "outcome": "ok", "attempts": 1, "event": "http", "level": "info", "timestamp": "2026-08-30T13:44:47.372143Z"}
HTTP Request: GET https://jurisprudencia.cc.gob.gt/Sentencias/839006.6201-2017.pdf "HTTP/1.1 200 OK"
{"url": "https://jurisprudencia.cc.gob.gt/Sentencias/839006.6201-2017.pdf", "status": 200, "bytes": 465337, "outcome": "ok", "attempts": 1, "event": "http", "level": "info", "timestamp": "2026-08-30T13:44:49.321644Z"}
HTTP Request: GET https://jurisprudencia.cc.gob.gt/Sentencias/826958.1938-2014.pdf "HTTP/1.1 200 OK"
{"url": "https://jurisprudencia.cc.gob.gt/Sentencias/826958.1938-2014.pdf", "status": 200, "bytes": 174357, "outcome": "ok", "attempts": 1, "event": "http", "level": "info", "timestamp": "2026-08-30T13:44:51.382437Z"}
HTTP Request: GET https://jurisprudencia.cc.gob.gt/Sentencias/836338.1808-2013.pdf "HTTP/1.1 200 OK"
{"url": "https://jurisprudencia.cc.gob.gt/Sentencias/836338.1808-2013.pdf", "status": 200, "bytes": 311513, "outcome": "ok", "attempts": 1, "event": "http", "level": "info", "timestamp": "2026-08-30T13:44:53.186215Z"}
HTTP Request: GET https://jurisprudencia.cc.gob.gt/Sentencias/831955.3806-2014.pdf "HTTP/1.1 200 OK"
{"url": "https://jurisprudencia.cc.gob.gt/Sentencias/831955.3806-2014.pdf", "status": 200, "bytes": 155962, "outcome": "ok", "attempts": 1, "event": "http", "level": "info", "timestamp": "2026-08-30T13:44:54.779281Z"}
HTTP Request: GET https://jurisprudencia.cc.gob.gt/Sentencias/832580.297-2016.pdf "HTTP/1.1 200 OK"
{"url": "https://jurisprudencia.cc.gob.gt/Sentencias/832580.297-2016.pdf", "status": 200, "bytes": 218677, "outcome": "ok", "attempts": 1, "event": "http", "level": "info", "timestamp": "2026-08-30T13:44:57.046799Z"}
HTTP Request: GET https://jurisprudencia.cc.gob.gt/Sentencias/854443.2943-2022.pdf "HTTP/1.1 200 OK"
{"url": "https://jurisprudencia.cc.gob.gt/Sentencias/854443.2943-2022.pdf", "status": 200, "bytes": 3871138, "outcome": "ok", "attempts": 1, "event": "http", "level": "info", "timestamp": "2026-08-30T13:44:59.306707Z"}
HTTP Request: GET https://jurisprudencia.cc.gob.gt/Sentencias/813475.2490-2007.pdf "HTTP/1.1 200 OK"
{"url": "https://jurisprudencia.cc.gob.gt/Sentencias/813475.2490-2007.pdf", "status": 200, "bytes": 178980, "outcome": "ok", "attempts": 1, "event": "http", "level": "info", "timestamp": "2026-08-30T13:45:01.333834Z"}
{"url": "https://jurisprudencia.cc.gob.gt/Sentencias/849153.1824-2021.pdf", "from_cache": true, "outcome": "ok", "event": "http", "level": "info", "timestamp": "2026-08-30T13:45:01.371737Z"}
HTTP Request: GET https://jurisprudencia.cc.gob.gt/Sentencias/817992.1874-2011.pdf "HTTP/1.1 200 OK"
{"url": "https://jurisprudencia.cc.gob.gt/Sentencias/817992.1874-2011.pdf", "status": 200, "bytes": 176425, "outcome": "ok", "attempts": 1, "event": "http", "level": "info", "timestamp": "2026-08-30T13:45:03.193276Z"}
HTTP Request: GET https://jurisprudencia.cc.gob.gt/Sentencias/816496.1524-2009.pdf "HTTP/1.1 200 OK"
{"url": "https://jurisprudencia.cc.gob.gt/Sentencias/816496.1524-2009.pdf", "status": 200, "bytes": 185031, "outcome": "ok", "attempts": 1, "event": "http", "level": "info", "timestamp": "2026-08-30T13:45:05.107404Z"}
HTTP Request: GET https://jurisprudencia.cc.gob.gt/Sentencias/822077.4577-2012.pdf "HTTP/1.1 200 OK"
{"url": "https://jurisprudencia.cc.gob.gt/Sentencias/822077.4577-2012.pdf", "status": 200, "bytes": 187361, "outcome": "ok", "attempts": 1, "event": "http", "level": "info", "timestamp": "2026-08-30T13:45:07.069679Z"}
HTTP Request: GET https://jurisprudencia.cc.gob.gt/Sentencias/843501.2750-2019.pdf "HTTP/1.1 200 OK"
{"url": "https://jurisprudencia.cc.gob.gt/Sentencias/843501.2750-2019.pdf", "status": 200, "bytes": 569015, "outcome": "ok", "attempts": 1, "event": "http", "level": "info", "timestamp": "2026-08-30T13:45:08.826478Z"}
HTTP Request: GET https://jurisprudencia.cc.gob.gt/Sentencias/798182.188-2003.pdf "HTTP/1.1 200 OK"
{"url": "https://jurisprudencia.cc.gob.gt/Sentencias/798182.188-2003.pdf", "status": 200, "bytes": 73974, "outcome": "ok", "attempts": 1, "event": "http", "level": "info", "timestamp": "2026-08-30T13:45:10.659700Z"}
{"url": "https://jurisprudencia.cc.gob.gt/Sentencias/819042.3321-2011.pdf", "from_cache": true, "outcome": "ok", "event": "http", "level": "info", "timestamp": "2026-08-30T13:45:10.710684Z"}
HTTP Request: GET https://jurisprudencia.cc.gob.gt/Sentencias/856015.7784-2023.pdf "HTTP/1.1 200 OK"
{"url": "https://jurisprudencia.cc.gob.gt/Sentencias/856015.7784-2023.pdf", "status": 200, "bytes": 3836495, "outcome": "ok", "attempts": 1, "event": "http", "level": "info", "timestamp": "2026-08-30T13:45:13.253110Z"}
HTTP Request: GET https://jurisprudencia.cc.gob.gt/Sentencias/834729.4619-2015.pdf "HTTP/1.1 200 OK"
{"url": "https://jurisprudencia.cc.gob.gt/Sentencias/834729.4619-2015.pdf", "status": 200, "bytes": 196331, "outcome": "ok", "attempts": 1, "event": "http", "level": "info", "timestamp": "2026-08-30T13:45:15.093799Z"}
HTTP Request: GET https://jurisprudencia.cc.gob.gt/Sentencias/834310.4445-2015.pdf "HTTP/1.1 200 OK"
{"url": "https://jurisprudencia.cc.gob.gt/Sentencias/834310.4445-2015.pdf", "status": 200, "bytes": 159898, "outcome": "ok", "attempts": 1, "event": "http", "level": "info", "timestamp": "2026-08-30T13:45:17.176007Z"}
HTTP Request: GET https://jurisprudencia.cc.gob.gt/Sentencias/853828.6627-2022.pdf "HTTP/1.1 200 OK"
{"url": "https://jurisprudencia.cc.gob.gt/Sentencias/853828.6627-2022.pdf", "status": 200, "bytes": 3896920, "outcome": "ok", "attempts": 1, "event": "http", "level": "info", "timestamp": "2026-08-30T13:45:19.277150Z"}
HTTP Request: GET https://jurisprudencia.cc.gob.gt/Sentencias/836344.2165-2012.pdf "HTTP/1.1 200 OK"
{"url": "https://jurisprudencia.cc.gob.gt/Sentencias/836344.2165-2012.pdf", "status": 200, "bytes": 221229, "outcome": "ok", "attempts": 1, "event": "http", "level": "info", "timestamp": "2026-08-30T13:45:21.001079Z"}
HTTP Request: GET https://jurisprudencia.cc.gob.gt/Sentencias/857363.4806-2023.pdf "HTTP/1.1 200 OK"
{"url": "https://jurisprudencia.cc.gob.gt/Sentencias/857363.4806-2023.pdf", "status": 200, "bytes": 3917331, "outcome": "ok", "attempts": 1, "event": "http", "level": "info", "timestamp": "2026-08-30T13:45:24.313722Z"}
HTTP Request: GET https://jurisprudencia.cc.gob.gt/Sentencias/851720.5989-2022.pdf "HTTP/1.1 200 OK"
{"url": "https://jurisprudencia.cc.gob.gt/Sentencias/851720.5989-2022.pdf", "status": 200, "bytes": 860760, "outcome": "ok", "attempts": 1, "event": "http", "level": "info", "timestamp": "2026-08-30T13:45:25.168642Z"}
HTTP Request: GET https://jurisprudencia.cc.gob.gt/Sentencias/843008.3821-2019.pdf "HTTP/1.1 200 OK"
{"url": "https://jurisprudencia.cc.gob.gt/Sentencias/843008.3821-2019.pdf", "status": 200, "bytes": 458200, "outcome": "ok", "attempts": 1, "event": "http", "level": "info", "timestamp": "2026-08-30T13:45:27.109006Z"}
HTTP Request: GET https://jurisprudencia.cc.gob.gt/Sentencias/842581.2338-2019.pdf "HTTP/1.1 200 OK"
{"url": "https://jurisprudencia.cc.gob.gt/Sentencias/842581.2338-2019.pdf", "status": 200, "bytes": 403503, "outcome": "ok", "attempts": 1, "event": "http", "level": "info", "timestamp": "2026-08-30T13:45:28.996144Z"}
HTTP Request: GET https://jurisprudencia.cc.gob.gt/Sentencias/857772.4263-2023.pdf "HTTP/1.1 200 OK"
{"url": "https://jurisprudencia.cc.gob.gt/Sentencias/857772.4263-2023.pdf", "status": 200, "bytes": 3162978, "outcome": "ok", "attempts": 1, "event": "http", "level": "info", "timestamp": "2026-08-30T13:45:31.625832Z"}
HTTP Request: GET https://jurisprudencia.cc.gob.gt/Sentencias/806574.823-2005.pdf "HTTP/1.1 200 OK"
{"url": "https://jurisprudencia.cc.gob.gt/Sentencias/806574.823-2005.pdf", "status": 200, "bytes": 170999, "outcome": "ok", "attempts": 1, "event": "http", "level": "info", "timestamp": "2026-08-30T13:45:32.953129Z"}
HTTP Request: GET https://jurisprudencia.cc.gob.gt/Sentencias/811625.1517-2008.pdf "HTTP/1.1 200 OK"
{"url": "https://jurisprudencia.cc.gob.gt/Sentencias/811625.1517-2008.pdf", "status": 200, "bytes": 138659, "outcome": "ok", "attempts": 1, "event": "http", "level": "info", "timestamp": "2026-08-30T13:45:34.707024Z"}
HTTP Request: GET https://jurisprudencia.cc.gob.gt/Sentencias/799009.605-2004.pdf "HTTP/1.1 200 OK"
{"url": "https://jurisprudencia.cc.gob.gt/Sentencias/799009.605-2004.pdf", "status": 200, "bytes": 117998, "outcome": "ok", "attempts": 1, "event": "http", "level": "info", "timestamp": "2026-08-30T13:45:36.737862Z"}
{"url": "https://jurisprudencia.cc.gob.gt/Sentencias/850838.5942-2021.pdf", "from_cache": true, "outcome": "ok", "event": "http", "level": "info", "timestamp": "2026-08-30T13:45:36.810845Z"}
HTTP Request: GET https://jurisprudencia.cc.gob.gt/Sentencias/798482.1265-2003.pdf "HTTP/1.1 200 OK"
{"url": "https://jurisprudencia.cc.gob.gt/Sentencias/798482.1265-2003.pdf", "status": 200, "bytes": 119845, "outcome": "ok", "attempts": 1, "event": "http", "level": "info", "timestamp": "2026-08-30T13:45:38.392223Z"}
HTTP Request: GET https://jurisprudencia.cc.gob.gt/Sentencias/799483.2427-2004.pdf "HTTP/1.1 200 OK"
{"url": "https://jurisprudencia.cc.gob.gt/Sentencias/799483.2427-2004.pdf", "status": 200, "bytes": 233598, "outcome": "ok", "attempts": 1, "event": "http", "level": "info", "timestamp": "2026-08-30T13:45:40.172950Z"}
HTTP Request: GET https://jurisprudencia.cc.gob.gt/Sentencias/829390.2284-2013.pdf "HTTP/1.1 200 OK"
{"url": "https://jurisprudencia.cc.gob.gt/Sentencias/829390.2284-2013.pdf", "status": 200, "bytes": 167844, "outcome": "ok", "attempts": 1, "event": "http", "level": "info", "timestamp": "2026-08-30T13:45:42.357507Z"}
HTTP Request: GET https://jurisprudencia.cc.gob.gt/Sentencias/827985.335-2015.pdf "HTTP/1.1 200 OK"
{"url": "https://jurisprudencia.cc.gob.gt/Sentencias/827985.335-2015.pdf", "status": 200, "bytes": 93351, "outcome": "ok", "attempts": 1, "event": "http", "level": "info", "timestamp": "2026-08-30T13:45:44.426756Z"}
HTTP Request: GET https://jurisprudencia.cc.gob.gt/Sentencias/826727.3424-2014.pdf "HTTP/1.1 200 OK"
{"url": "https://jurisprudencia.cc.gob.gt/Sentencias/826727.3424-2014.pdf", "status": 200, "bytes": 172890, "outcome": "ok", "attempts": 1, "event": "http", "level": "info", "timestamp": "2026-08-30T13:45:46.666824Z"}
HTTP Request: GET https://jurisprudencia.cc.gob.gt/Sentencias/845190.837-2020.pdf "HTTP/1.1 200 OK"
{"url": "https://jurisprudencia.cc.gob.gt/Sentencias/845190.837-2020.pdf", "status": 200, "bytes": 248098, "outcome": "ok", "attempts": 1, "event": "http", "level": "info", "timestamp": "2026-08-30T13:45:48.373914Z"}
HTTP Request: GET https://jurisprudencia.cc.gob.gt/Sentencias/836067.4949-2013.pdf "HTTP/1.1 200 OK"
{"url": "https://jurisprudencia.cc.gob.gt/Sentencias/836067.4949-2013.pdf", "status": 200, "bytes": 369097, "outcome": "ok", "attempts": 1, "event": "http", "level": "info", "timestamp": "2026-08-30T13:45:50.351581Z"}
HTTP Request: GET https://jurisprudencia.cc.gob.gt/Sentencias/841826.5697-2018.pdf "HTTP/1.1 200 OK"
{"url": "https://jurisprudencia.cc.gob.gt/Sentencias/841826.5697-2018.pdf", "status": 200, "bytes": 649229, "outcome": "ok", "attempts": 1, "event": "http", "level": "info", "timestamp": "2026-08-30T13:45:52.446806Z"}
HTTP Request: GET https://jurisprudencia.cc.gob.gt/Sentencias/799040.754-2004.pdf "HTTP/1.1 200 OK"
{"url": "https://jurisprudencia.cc.gob.gt/Sentencias/799040.754-2004.pdf", "status": 200, "bytes": 109556, "outcome": "ok", "attempts": 1, "event": "http", "level": "info", "timestamp": "2026-08-30T13:45:54.706854Z"}
HTTP Request: GET https://jurisprudencia.cc.gob.gt/Sentencias/843876.4419-2019.pdf "HTTP/1.1 200 OK"
{"url": "https://jurisprudencia.cc.gob.gt/Sentencias/843876.4419-2019.pdf", "status": 200, "bytes": 317765, "outcome": "ok", "attempts": 1, "event": "http", "level": "info", "timestamp": "2026-08-30T13:45:56.601244Z"}
{"url": "https://jurisprudencia.cc.gob.gt/Sentencias/817831.1030-2011.pdf", "from_cache": true, "outcome": "ok", "event": "http", "level": "info", "timestamp": "2026-08-30T13:45:56.661918Z"}
{"url": "https://jurisprudencia.cc.gob.gt/Sentencias/799413.916-2004.pdf", "from_cache": true, "outcome": "ok", "event": "http", "level": "info", "timestamp": "2026-08-30T13:45:56.686074Z"}
HTTP Request: GET https://jurisprudencia.cc.gob.gt/Sentencias/798473.1161-2003.pdf "HTTP/1.1 200 OK"
{"url": "https://jurisprudencia.cc.gob.gt/Sentencias/798473.1161-2003.pdf", "status": 200, "bytes": 71193, "outcome": "ok", "attempts": 1, "event": "http", "level": "info", "timestamp": "2026-08-30T13:45:58.283931Z"}
HTTP Request: GET https://jurisprudencia.cc.gob.gt/Sentencias/852135.7025-2022.pdf "HTTP/1.1 200 OK"
{"url": "https://jurisprudencia.cc.gob.gt/Sentencias/852135.7025-2022.pdf", "status": 200, "bytes": 731493, "outcome": "ok", "attempts": 1, "event": "http", "level": "info", "timestamp": "2026-08-30T13:46:00.484129Z"}
HTTP Request: GET https://jurisprudencia.cc.gob.gt/Sentencias/838001.3430-2017.pdf "HTTP/1.1 200 OK"
{"url": "https://jurisprudencia.cc.gob.gt/Sentencias/838001.3430-2017.pdf", "status": 200, "bytes": 388587, "outcome": "ok", "attempts": 1, "event": "http", "level": "info", "timestamp": "2026-08-30T13:46:02.241739Z"}
HTTP Request: GET https://jurisprudencia.cc.gob.gt/Sentencias/840443.3019-2018.pdf "HTTP/1.1 200 OK"
{"url": "https://jurisprudencia.cc.gob.gt/Sentencias/840443.3019-2018.pdf", "status": 200, "bytes": 483620, "outcome": "ok", "attempts": 1, "event": "http", "level": "info", "timestamp": "2026-08-30T13:46:04.522464Z"}
HTTP Request: GET https://jurisprudencia.cc.gob.gt/Sentencias/834999.20-2017.pdf "HTTP/1.1 200 OK"
{"url": "https://jurisprudencia.cc.gob.gt/Sentencias/834999.20-2017.pdf", "status": 200, "bytes": 487027, "outcome": "ok", "attempts": 1, "event": "http", "level": "info", "timestamp": "2026-08-30T13:46:06.691159Z"}
HTTP Request: GET https://jurisprudencia.cc.gob.gt/Sentencias/844927.1258-2019.pdf "HTTP/1.1 200 OK"
{"url": "https://jurisprudencia.cc.gob.gt/Sentencias/844927.1258-2019.pdf", "status": 200, "bytes": 329148, "outcome": "ok", "attempts": 1, "event": "http", "level": "info", "timestamp": "2026-08-30T13:46:08.256120Z"}
HTTP Request: GET https://jurisprudencia.cc.gob.gt/Sentencias/844921.114-2020.pdf "HTTP/1.1 200 OK"
{"url": "https://jurisprudencia.cc.gob.gt/Sentencias/844921.114-2020.pdf", "status": 200, "bytes": 433760, "outcome": "ok", "attempts": 1, "event": "http", "level": "info", "timestamp": "2026-08-30T13:46:09.984481Z"}
HTTP Request: GET https://jurisprudencia.cc.gob.gt/Sentencias/812674.2502-2007.pdf "HTTP/1.1 200 OK"
{"url": "https://jurisprudencia.cc.gob.gt/Sentencias/812674.2502-2007.pdf", "status": 200, "bytes": 153423, "outcome": "ok", "attempts": 1, "event": "http", "level": "info", "timestamp": "2026-08-30T13:46:12.220185Z"}
HTTP Request: GET https://jurisprudencia.cc.gob.gt/Sentencias/819692.298-2012.pdf "HTTP/1.1 200 OK"
{"url": "https://jurisprudencia.cc.gob.gt/Sentencias/819692.298-2012.pdf", "status": 200, "bytes": 141552, "outcome": "ok", "attempts": 1, "event": "http", "level": "info", "timestamp": "2026-08-30T13:46:14.477267Z"}
HTTP Request: GET https://jurisprudencia.cc.gob.gt/Sentencias/806879.2613-2005.pdf "HTTP/1.1 200 OK"
{"url": "https://jurisprudencia.cc.gob.gt/Sentencias/806879.2613-2005.pdf", "status": 200, "bytes": 144638, "outcome": "ok", "attempts": 1, "event": "http", "level": "info", "timestamp": "2026-08-30T13:46:16.422626Z"}
HTTP Request: GET https://jurisprudencia.cc.gob.gt/Sentencias/809608.2672-2009.pdf "HTTP/1.1 200 OK"
{"url": "https://jurisprudencia.cc.gob.gt/Sentencias/809608.2672-2009.pdf", "status": 200, "bytes": 170813, "outcome": "ok", "attempts": 1, "event": "http", "level": "info", "timestamp": "2026-08-30T13:46:18.501196Z"}
HTTP Request: GET https://jurisprudencia.cc.gob.gt/Sentencias/808193.1142-2006.pdf "HTTP/1.1 200 OK"
{"url": "https://jurisprudencia.cc.gob.gt/Sentencias/808193.1142-2006.pdf", "status": 200, "bytes": 167648, "outcome": "ok", "attempts": 1, "event": "http", "level": "info", "timestamp": "2026-08-30T13:46:20.232217Z"}
HTTP Request: GET https://jurisprudencia.cc.gob.gt/Sentencias/834422.303-2017.pdf "HTTP/1.1 200 OK"
{"url": "https://jurisprudencia.cc.gob.gt/Sentencias/834422.303-2017.pdf", "status": 200, "bytes": 386711, "outcome": "ok", "attempts": 1, "event": "http", "level": "info", "timestamp": "2026-08-30T13:46:22.271318Z"}
HTTP Request: GET https://jurisprudencia.cc.gob.gt/Sentencias/831961.4611-2015.pdf "HTTP/1.1 200 OK"
{"url": "https://jurisprudencia.cc.gob.gt/Sentencias/831961.4611-2015.pdf", "status": 200, "bytes": 236611, "outcome": "ok", "attempts": 1, "event": "http", "level": "info", "timestamp": "2026-08-30T13:46:24.143107Z"}
HTTP Request: GET https://jurisprudencia.cc.gob.gt/Sentencias/850680.6487-2021.pdf "HTTP/1.1 200 OK"
{"url": "https://jurisprudencia.cc.gob.gt/Sentencias/850680.6487-2021.pdf", "status": 200, "bytes": 931639, "outcome": "ok", "attempts": 1, "event": "http", "level": "info", "timestamp": "2026-08-30T13:46:26.523428Z"}
HTTP Request: GET https://jurisprudencia.cc.gob.gt/Sentencias/837329.6197-2016.pdf "HTTP/1.1 200 OK"
{"url": "https://jurisprudencia.cc.gob.gt/Sentencias/837329.6197-2016.pdf", "status": 200, "bytes": 271452, "outcome": "ok", "attempts": 1, "event": "http", "level": "info", "timestamp": "2026-08-30T13:46:28.408736Z"}
HTTP Request: GET https://jurisprudencia.cc.gob.gt/Sentencias/817659.233-2011.pdf "HTTP/1.1 200 OK"
{"url": "https://jurisprudencia.cc.gob.gt/Sentencias/817659.233-2011.pdf", "status": 200, "bytes": 131301, "outcome": "ok", "attempts": 1, "event": "http", "level": "info", "timestamp": "2026-08-30T13:46:30.166009Z"}
HTTP Request: GET https://jurisprudencia.cc.gob.gt/Sentencias/841023.4614-2018.pdf "HTTP/1.1 200 OK"
{"url": "https://jurisprudencia.cc.gob.gt/Sentencias/841023.4614-2018.pdf", "status": 200, "bytes": 517999, "outcome": "ok", "attempts": 1, "event": "http", "level": "info", "timestamp": "2026-08-30T13:46:32.507974Z"}
HTTP Request: GET https://jurisprudencia.cc.gob.gt/Sentencias/839460.1092-2017.pdf "HTTP/1.1 200 OK"
{"url": "https://jurisprudencia.cc.gob.gt/Sentencias/839460.1092-2017.pdf", "status": 200, "bytes": 400254, "outcome": "ok", "attempts": 1, "event": "http", "level": "info", "timestamp": "2026-08-30T13:46:34.272039Z"}
HTTP Request: GET https://jurisprudencia.cc.gob.gt/Sentencias/799326.304-2004.pdf "HTTP/1.1 200 OK"
{"url": "https://jurisprudencia.cc.gob.gt/Sentencias/799326.304-2004.pdf", "status": 200, "bytes": 126926, "outcome": "ok", "attempts": 1, "event": "http", "level": "info", "timestamp": "2026-08-30T13:46:35.895161Z"}
HTTP Request: GET https://jurisprudencia.cc.gob.gt/Sentencias/808128.362-2006.pdf "HTTP/1.1 200 OK"
{"url": "https://jurisprudencia.cc.gob.gt/Sentencias/808128.362-2006.pdf", "status": 200, "bytes": 175896, "outcome": "ok", "attempts": 1, "event": "http", "level": "info", "timestamp": "2026-08-30T13:46:37.747438Z"}
HTTP Request: GET https://jurisprudencia.cc.gob.gt/Sentencias/801221.1811-2004.pdf "HTTP/1.1 200 OK"
{"url": "https://jurisprudencia.cc.gob.gt/Sentencias/801221.1811-2004.pdf", "status": 200, "bytes": 133282, "outcome": "ok", "attempts": 1, "event": "http", "level": "info", "timestamp": "2026-08-30T13:46:39.503699Z"}
{"url": "https://jurisprudencia.cc.gob.gt/Sentencias/851975.1923-2022.pdf", "from_cache": true, "outcome": "ok", "event": "http", "level": "info", "timestamp": "2026-08-30T13:46:39.575072Z"}
HTTP Request: GET https://jurisprudencia.cc.gob.gt/Sentencias/841479.1822-2018.pdf "HTTP/1.1 200 OK"
{"url": "https://jurisprudencia.cc.gob.gt/Sentencias/841479.1822-2018.pdf", "status": 200, "bytes": 567768, "outcome": "ok", "attempts": 1, "event": "http", "level": "info", "timestamp": "2026-08-30T13:46:41.351807Z"}
HTTP Request: GET https://jurisprudencia.cc.gob.gt/Sentencias/817881.1887-2011.pdf "HTTP/1.1 200 OK"
{"url": "https://jurisprudencia.cc.gob.gt/Sentencias/817881.1887-2011.pdf", "status": 200, "bytes": 182680, "outcome": "ok", "attempts": 1, "event": "http", "level": "info", "timestamp": "2026-08-30T13:46:43.230044Z"}
HTTP Request: GET https://jurisprudencia.cc.gob.gt/Sentencias/842299.2104-2018.pdf "HTTP/1.1 200 OK"
{"url": "https://jurisprudencia.cc.gob.gt/Sentencias/842299.2104-2018.pdf", "status": 200, "bytes": 327251, "outcome": "ok", "attempts": 1, "event": "http", "level": "info", "timestamp": "2026-08-30T13:46:45.404889Z"}
HTTP Request: GET https://jurisprudencia.cc.gob.gt/Sentencias/824619.2570-2013.pdf "HTTP/1.1 200 OK"
{"url": "https://jurisprudencia.cc.gob.gt/Sentencias/824619.2570-2013.pdf", "status": 200, "bytes": 191751, "outcome": "ok", "attempts": 1, "event": "http", "level": "info", "timestamp": "2026-08-30T13:46:47.433135Z"}
HTTP Request: GET https://jurisprudencia.cc.gob.gt/Sentencias/839810.1781-2018.pdf "HTTP/1.1 200 OK"
{"url": "https://jurisprudencia.cc.gob.gt/Sentencias/839810.1781-2018.pdf", "status": 200, "bytes": 418876, "outcome": "ok", "attempts": 1, "event": "http", "level": "info", "timestamp": "2026-08-30T13:46:49.293778Z"}
HTTP Request: GET https://jurisprudencia.cc.gob.gt/Sentencias/838849.6223-2017.pdf "HTTP/1.1 200 OK"
{"url": "https://jurisprudencia.cc.gob.gt/Sentencias/838849.6223-2017.pdf", "status": 200, "bytes": 316701, "outcome": "ok", "attempts": 1, "event": "http", "level": "info", "timestamp": "2026-08-30T13:46:51.213204Z"}
HTTP Request: GET https://jurisprudencia.cc.gob.gt/Sentencias/811907.1036-2008.pdf "HTTP/1.1 200 OK"
{"url": "https://jurisprudencia.cc.gob.gt/Sentencias/811907.1036-2008.pdf", "status": 200, "bytes": 237023, "outcome": "ok", "attempts": 1, "event": "http", "level": "info", "timestamp": "2026-08-30T13:46:53.127093Z"}
HTTP Request: GET https://jurisprudencia.cc.gob.gt/Sentencias/812921.831-2008.pdf "HTTP/1.1 200 OK"
{"url": "https://jurisprudencia.cc.gob.gt/Sentencias/812921.831-2008.pdf", "status": 200, "bytes": 248470, "outcome": "ok", "attempts": 1, "event": "http", "level": "info", "timestamp": "2026-08-30T13:46:55.071849Z"}
HTTP Request: GET https://jurisprudencia.cc.gob.gt/Sentencias/848183.3912-2021,%203958-2021%20y%203960-2021.pdf "HTTP/1.1 200 OK"
{"url": "https://jurisprudencia.cc.gob.gt/Sentencias/848183.3912-2021,%203958-2021%20y%203960-2021.pdf", "status": 200, "bytes": 325872, "outcome": "ok", "attempts": 1, "event": "http", "level": "info", "timestamp": "2026-08-30T13:46:57.296731Z"}
HTTP Request: GET https://jurisprudencia.cc.gob.gt/Sentencias/844028.2820-2019.pdf "HTTP/1.1 200 OK"
{"url": "https://jurisprudencia.cc.gob.gt/Sentencias/844028.2820-2019.pdf", "status": 200, "bytes": 331007, "outcome": "ok", "attempts": 1, "event": "http", "level": "info", "timestamp": "2026-08-30T13:46:59.329038Z"}
HTTP Request: GET https://jurisprudencia.cc.gob.gt/Sentencias/822326.3358-2012.pdf "HTTP/1.1 200 OK"
{"url": "https://jurisprudencia.cc.gob.gt/Sentencias/822326.3358-2012.pdf", "status": 200, "bytes": 131271, "outcome": "ok", "attempts": 1, "event": "http", "level": "info", "timestamp": "2026-08-30T13:47:01.629331Z"}
HTTP Request: GET https://jurisprudencia.cc.gob.gt/Sentencias/847421.228-2021.pdf "HTTP/1.1 200 OK"
{"url": "https://jurisprudencia.cc.gob.gt/Sentencias/847421.228-2021.pdf", "status": 200, "bytes": 269581, "outcome": "ok", "attempts": 1, "event": "http", "level": "info", "timestamp": "2026-08-30T13:47:03.957287Z"}
HTTP Request: GET https://jurisprudencia.cc.gob.gt/Sentencias/837910.681-2017.pdf "HTTP/1.1 200 OK"
{"url": "https://jurisprudencia.cc.gob.gt/Sentencias/837910.681-2017.pdf", "status": 200, "bytes": 364401, "outcome": "ok", "attempts": 1, "event": "http", "level": "info", "timestamp": "2026-08-30T13:47:05.857999Z"}
HTTP Request: GET https://jurisprudencia.cc.gob.gt/Sentencias/843843.4676-2019.pdf "HTTP/1.1 200 OK"
{"url": "https://jurisprudencia.cc.gob.gt/Sentencias/843843.4676-2019.pdf", "status": 200, "bytes": 283469, "outcome": "ok", "attempts": 1, "event": "http", "level": "info", "timestamp": "2026-08-30T13:47:07.736298Z"}
HTTP Request: GET https://jurisprudencia.cc.gob.gt/Sentencias/845436.935-2020.pdf "HTTP/1.1 200 OK"
{"url": "https://jurisprudencia.cc.gob.gt/Sentencias/845436.935-2020.pdf", "status": 200, "bytes": 266700, "outcome": "ok", "attempts": 1, "event": "http", "level": "info", "timestamp": "2026-08-30T13:47:09.762720Z"}
HTTP Request: GET https://jurisprudencia.cc.gob.gt/Sentencias/853517.3999-2023.pdf "HTTP/1.1 200 OK"
{"url": "https://jurisprudencia.cc.gob.gt/Sentencias/853517.3999-2023.pdf", "status": 200, "bytes": 699881, "outcome": "ok", "attempts": 1, "event": "http", "level": "info", "timestamp": "2026-08-30T13:47:11.887547Z"}
HTTP Request: GET https://jurisprudencia.cc.gob.gt/Sentencias/817077.3155-2010.pdf "HTTP/1.1 200 OK"
{"url": "https://jurisprudencia.cc.gob.gt/Sentencias/817077.3155-2010.pdf", "status": 200, "bytes": 179193, "outcome": "ok", "attempts": 1, "event": "http", "level": "info", "timestamp": "2026-08-30T13:47:14.066102Z"}
HTTP Request: GET https://jurisprudencia.cc.gob.gt/Sentencias/799589.1528-2004.pdf "HTTP/1.1 200 OK"
{"url": "https://jurisprudencia.cc.gob.gt/Sentencias/799589.1528-2004.pdf", "status": 200, "bytes": 94822, "outcome": "ok", "attempts": 1, "event": "http", "level": "info", "timestamp": "2026-08-30T13:47:15.939125Z"}
HTTP Request: GET https://jurisprudencia.cc.gob.gt/Sentencias/850745.3439-2022.pdf "HTTP/1.1 200 OK"
{"url": "https://jurisprudencia.cc.gob.gt/Sentencias/850745.3439-2022.pdf", "status": 200, "bytes": 749882, "outcome": "ok", "attempts": 1, "event": "http", "level": "info", "timestamp": "2026-08-30T13:47:18.102640Z"}
HTTP Request: GET https://jurisprudencia.cc.gob.gt/Sentencias/844501.3101-2016.pdf "HTTP/1.1 200 OK"
{"url": "https://jurisprudencia.cc.gob.gt/Sentencias/844501.3101-2016.pdf", "status": 200, "bytes": 410554, "outcome": "ok", "attempts": 1, "event": "http", "level": "info", "timestamp": "2026-08-30T13:47:19.749291Z"}
HTTP Request: GET https://jurisprudencia.cc.gob.gt/Sentencias/850361.218-2022.pdf "HTTP/1.1 200 OK"
{"url": "https://jurisprudencia.cc.gob.gt/Sentencias/850361.218-2022.pdf", "status": 200, "bytes": 850589, "outcome": "ok", "attempts": 1, "event": "http", "level": "info", "timestamp": "2026-08-30T13:47:21.860865Z"}
HTTP Request: GET https://jurisprudencia.cc.gob.gt/Sentencias/852117.5766-2022.pdf "HTTP/1.1 200 OK"
{"url": "https://jurisprudencia.cc.gob.gt/Sentencias/852117.5766-2022.pdf", "status": 200, "bytes": 949080, "outcome": "ok", "attempts": 1, "event": "http", "level": "info", "timestamp": "2026-08-30T13:47:23.677665Z"}
HTTP Request: GET https://jurisprudencia.cc.gob.gt/Sentencias/838268.5166-2017.pdf "HTTP/1.1 200 OK"
{"url": "https://jurisprudencia.cc.gob.gt/Sentencias/838268.5166-2017.pdf", "status": 200, "bytes": 306173, "outcome": "ok", "attempts": 1, "event": "http", "level": "info", "timestamp": "2026-08-30T13:47:25.505888Z"}
HTTP Request: GET https://jurisprudencia.cc.gob.gt/Sentencias/808136.1766-2006.pdf "HTTP/1.1 200 OK"
{"url": "https://jurisprudencia.cc.gob.gt/Sentencias/808136.1766-2006.pdf", "status": 200, "bytes": 170632, "outcome": "ok", "attempts": 1, "event": "http", "level": "info", "timestamp": "2026-08-30T13:47:27.687327Z"}
HTTP Request: GET https://jurisprudencia.cc.gob.gt/Sentencias/855545.6022-2023.pdf "HTTP/1.1 200 OK"
{"url": "https://jurisprudencia.cc.gob.gt/Sentencias/855545.6022-2023.pdf", "status": 200, "bytes": 4081158, "outcome": "ok", "attempts": 1, "event": "http", "level": "info", "timestamp": "2026-08-30T13:47:30.124643Z"}
{"url": "https://jurisprudencia.cc.gob.gt/Sentencias/840187.720-2018.pdf", "from_cache": true, "outcome": "ok", "event": "http", "level": "info", "timestamp": "2026-08-30T13:47:30.211051Z"}
{"procesados": 1000, "por_regla": 931, "event": "avance", "level": "info", "timestamp": "2026-08-30T13:47:30.239244Z"}
HTTP Request: GET https://jurisprudencia.cc.gob.gt/Sentencias/841604.4165-2018.pdf "HTTP/1.1 200 OK"
{"url": "https://jurisprudencia.cc.gob.gt/Sentencias/841604.4165-2018.pdf", "status": 200, "bytes": 530528, "outcome": "ok", "attempts": 1, "event": "http", "level": "info", "timestamp": "2026-08-30T13:47:31.707175Z"}
HTTP Request: GET https://jurisprudencia.cc.gob.gt/Sentencias/843695.5406-2018.pdf "HTTP/1.1 200 OK"
{"url": "https://jurisprudencia.cc.gob.gt/Sentencias/843695.5406-2018.pdf", "status": 200, "bytes": 310081, "outcome": "ok", "attempts": 1, "event": "http", "level": "info", "timestamp": "2026-08-30T13:47:34.018814Z"}
HTTP Request: GET https://jurisprudencia.cc.gob.gt/Sentencias/841579.64-2019.pdf "HTTP/1.1 200 OK"
{"url": "https://jurisprudencia.cc.gob.gt/Sentencias/841579.64-2019.pdf", "status": 200, "bytes": 534504, "outcome": "ok", "attempts": 1, "event": "http", "level": "info", "timestamp": "2026-08-30T13:47:35.852930Z"}
HTTP Request: GET https://jurisprudencia.cc.gob.gt/Sentencias/853197.3424-2023.pdf "HTTP/1.1 200 OK"
{"url": "https://jurisprudencia.cc.gob.gt/Sentencias/853197.3424-2023.pdf", "status": 200, "bytes": 835807, "outcome": "ok", "attempts": 1, "event": "http", "level": "info", "timestamp": "2026-08-30T13:47:37.932369Z"}
HTTP Request: GET https://jurisprudencia.cc.gob.gt/Sentencias/837426.3974-2017.pdf "HTTP/1.1 200 OK"
{"url": "https://jurisprudencia.cc.gob.gt/Sentencias/837426.3974-2017.pdf", "status": 200, "bytes": 225914, "outcome": "ok", "attempts": 1, "event": "http", "level": "info", "timestamp": "2026-08-30T13:47:39.520359Z"}
HTTP Request: GET https://jurisprudencia.cc.gob.gt/Sentencias/854529.1225-2023.pdf "HTTP/1.1 200 OK"
{"url": "https://jurisprudencia.cc.gob.gt/Sentencias/854529.1225-2023.pdf", "status": 200, "bytes": 3144199, "outcome": "ok", "attempts": 1, "event": "http", "level": "info", "timestamp": "2026-08-30T13:47:42.104574Z"}
HTTP Request: GET https://jurisprudencia.cc.gob.gt/Sentencias/831056.5502-2015.pdf "HTTP/1.1 200 OK"
{"url": "https://jurisprudencia.cc.gob.gt/Sentencias/831056.5502-2015.pdf", "status": 200, "bytes": 195743, "outcome": "ok", "attempts": 1, "event": "http", "level": "info", "timestamp": "2026-08-30T13:47:44.327663Z"}
{"url": "https://jurisprudencia.cc.gob.gt/Sentencias/803025.2417-2006.pdf", "from_cache": true, "outcome": "ok", "event": "http", "level": "info", "timestamp": "2026-08-30T13:47:44.383707Z"}
HTTP Request: GET https://jurisprudencia.cc.gob.gt/Sentencias/827859.5589-2014.pdf "HTTP/1.1 200 OK"
{"url": "https://jurisprudencia.cc.gob.gt/Sentencias/827859.5589-2014.pdf", "status": 200, "bytes": 80652, "outcome": "ok", "attempts": 1, "event": "http", "level": "info", "timestamp": "2026-08-30T13:47:46.000395Z"}
HTTP Request: GET https://jurisprudencia.cc.gob.gt/Sentencias/840583.1853-2018.pdf "HTTP/1.1 200 OK"
{"url": "https://jurisprudencia.cc.gob.gt/Sentencias/840583.1853-2018.pdf", "status": 200, "bytes": 467089, "outcome": "ok", "attempts": 1, "event": "http", "level": "info", "timestamp": "2026-08-30T13:47:48.221937Z"}
HTTP Request: GET https://jurisprudencia.cc.gob.gt/Sentencias/816065.1081-2010.pdf "HTTP/1.1 200 OK"
{"url": "https://jurisprudencia.cc.gob.gt/Sentencias/816065.1081-2010.pdf", "status": 200, "bytes": 172756, "outcome": "ok", "attempts": 1, "event": "http", "level": "info", "timestamp": "2026-08-30T13:47:50.142035Z"}
HTTP Request: GET https://jurisprudencia.cc.gob.gt/Sentencias/817836.377-2011.pdf "HTTP/1.1 200 OK"
{"url": "https://jurisprudencia.cc.gob.gt/Sentencias/817836.377-2011.pdf", "status": 200, "bytes": 95785, "outcome": "ok", "attempts": 1, "event": "http", "level": "info", "timestamp": "2026-08-30T13:47:52.426319Z"}
HTTP Request: GET https://jurisprudencia.cc.gob.gt/Sentencias/801339.908-2005.pdf "HTTP/1.1 200 OK"
{"url": "https://jurisprudencia.cc.gob.gt/Sentencias/801339.908-2005.pdf", "status": 200, "bytes": 189148, "outcome": "ok", "attempts": 1, "event": "http", "level": "info", "timestamp": "2026-08-30T13:47:54.698744Z"}
HTTP Request: GET https://jurisprudencia.cc.gob.gt/Sentencias/848800.2014-2021.pdf "HTTP/1.1 200 OK"
{"url": "https://jurisprudencia.cc.gob.gt/Sentencias/848800.2014-2021.pdf", "status": 200, "bytes": 356559, "outcome": "ok", "attempts": 1, "event": "http", "level": "info", "timestamp": "2026-08-30T13:47:56.849353Z"}
HTTP Request: GET https://jurisprudencia.cc.gob.gt/Sentencias/846611.2918-2020.pdf "HTTP/1.1 200 OK"
{"url": "https://jurisprudencia.cc.gob.gt/Sentencias/846611.2918-2020.pdf", "status": 200, "bytes": 469037, "outcome": "ok", "attempts": 1, "event": "http", "level": "info", "timestamp": "2026-08-30T13:47:59.053056Z"}
HTTP Request: GET https://jurisprudencia.cc.gob.gt/Sentencias/833137.3583-2016.pdf "HTTP/1.1 200 OK"
{"url": "https://jurisprudencia.cc.gob.gt/Sentencias/833137.3583-2016.pdf", "status": 200, "bytes": 406655, "outcome": "ok", "attempts": 1, "event": "http", "level": "info", "timestamp": "2026-08-30T13:48:01.063813Z"}
HTTP Request: GET https://jurisprudencia.cc.gob.gt/Sentencias/811089.3723-2008.pdf "HTTP/1.1 200 OK"
{"url": "https://jurisprudencia.cc.gob.gt/Sentencias/811089.3723-2008.pdf", "status": 200, "bytes": 149441, "outcome": "ok", "attempts": 1, "event": "http", "level": "info", "timestamp": "2026-08-30T13:48:03.012610Z"}
HTTP Request: GET https://jurisprudencia.cc.gob.gt/Sentencias/823194.2016-2013.pdf "HTTP/1.1 200 OK"
{"url": "https://jurisprudencia.cc.gob.gt/Sentencias/823194.2016-2013.pdf", "status": 200, "bytes": 194114, "outcome": "ok", "attempts": 1, "event": "http", "level": "info", "timestamp": "2026-08-30T13:48:05.327126Z"}
HTTP Request: GET https://jurisprudencia.cc.gob.gt/Sentencias/810186.3480-2008.pdf "HTTP/1.1 200 OK"
{"url": "https://jurisprudencia.cc.gob.gt/Sentencias/810186.3480-2008.pdf", "status": 200, "bytes": 189270, "outcome": "ok", "attempts": 1, "event": "http", "level": "info", "timestamp": "2026-08-30T13:48:07.548643Z"}
HTTP Request: GET https://jurisprudencia.cc.gob.gt/Sentencias/842726.6229-2018.pdf "HTTP/1.1 200 OK"
{"url": "https://jurisprudencia.cc.gob.gt/Sentencias/842726.6229-2018.pdf", "status": 200, "bytes": 542554, "outcome": "ok", "attempts": 1, "event": "http", "level": "info", "timestamp": "2026-08-30T13:48:09.536407Z"}
{"url": "https://jurisprudencia.cc.gob.gt/Sentencias/799013.617-2004.pdf", "from_cache": true, "outcome": "ok", "event": "http", "level": "info", "timestamp": "2026-08-30T13:48:09.620582Z"}
{"url": "https://jurisprudencia.cc.gob.gt/Sentencias/811663.3680-2007.pdf", "from_cache": true, "outcome": "ok", "event": "http", "level": "info", "timestamp": "2026-08-30T13:48:09.641807Z"}
HTTP Request: GET https://jurisprudencia.cc.gob.gt/Sentencias/857694.7615-2023.pdf "HTTP/1.1 200 OK"
{"url": "https://jurisprudencia.cc.gob.gt/Sentencias/857694.7615-2023.pdf", "status": 200, "bytes": 3978955, "outcome": "ok", "attempts": 1, "event": "http", "level": "info", "timestamp": "2026-08-30T13:48:11.815380Z"}
HTTP Request: GET https://jurisprudencia.cc.gob.gt/Sentencias/812086.1590-2008.pdf "HTTP/1.1 200 OK"
{"url": "https://jurisprudencia.cc.gob.gt/Sentencias/812086.1590-2008.pdf", "status": 200, "bytes": 159820, "outcome": "ok", "attempts": 1, "event": "http", "level": "info", "timestamp": "2026-08-30T13:48:13.183232Z"}
HTTP Request: GET https://jurisprudencia.cc.gob.gt/Sentencias/860521.2681-2023.pdf "HTTP/1.1 200 OK"
{"url": "https://jurisprudencia.cc.gob.gt/Sentencias/860521.2681-2023.pdf", "status": 200, "bytes": 3910467, "outcome": "ok", "attempts": 1, "event": "http", "level": "info", "timestamp": "2026-08-30T13:48:15.780790Z"}
HTTP Request: GET https://jurisprudencia.cc.gob.gt/Sentencias/842144.4540-2017.pdf "HTTP/1.1 200 OK"
{"url": "https://jurisprudencia.cc.gob.gt/Sentencias/842144.4540-2017.pdf", "status": 200, "bytes": 393032, "outcome": "ok", "attempts": 1, "event": "http", "level": "info", "timestamp": "2026-08-30T13:48:17.573752Z"}
HTTP Request: GET https://jurisprudencia.cc.gob.gt/Sentencias/824594.706-2013.pdf "HTTP/1.1 200 OK"
{"url": "https://jurisprudencia.cc.gob.gt/Sentencias/824594.706-2013.pdf", "status": 200, "bytes": 158142, "outcome": "ok", "attempts": 1, "event": "http", "level": "info", "timestamp": "2026-08-30T13:48:19.797811Z"}
HTTP Request: GET https://jurisprudencia.cc.gob.gt/Sentencias/828873.498-2015.pdf "HTTP/1.1 200 OK"
{"url": "https://jurisprudencia.cc.gob.gt/Sentencias/828873.498-2015.pdf", "status": 200, "bytes": 78704, "outcome": "ok", "attempts": 1, "event": "http", "level": "info", "timestamp": "2026-08-30T13:48:21.831754Z"}
HTTP Request: GET https://jurisprudencia.cc.gob.gt/Sentencias/836101.1902-2014.pdf "HTTP/1.1 200 OK"
{"url": "https://jurisprudencia.cc.gob.gt/Sentencias/836101.1902-2014.pdf", "status": 200, "bytes": 235111, "outcome": "ok", "attempts": 1, "event": "http", "level": "info", "timestamp": "2026-08-30T13:48:23.970339Z"}
HTTP Request: GET https://jurisprudencia.cc.gob.gt/Sentencias/851977.3704-2020.pdf "HTTP/1.1 200 OK"
{"url": "https://jurisprudencia.cc.gob.gt/Sentencias/851977.3704-2020.pdf", "status": 200, "bytes": 726037, "outcome": "ok", "attempts": 1, "event": "http", "level": "info", "timestamp": "2026-08-30T13:48:25.808024Z"}
HTTP Request: GET https://jurisprudencia.cc.gob.gt/Sentencias/834797.1277-2017.pdf "HTTP/1.1 200 OK"
{"url": "https://jurisprudencia.cc.gob.gt/Sentencias/834797.1277-2017.pdf", "status": 200, "bytes": 632524, "outcome": "ok", "attempts": 1, "event": "http", "level": "info", "timestamp": "2026-08-30T13:48:28.007498Z"}
HTTP Request: GET https://jurisprudencia.cc.gob.gt/Sentencias/838206.3378-2016.pdf "HTTP/1.1 200 OK"
{"url": "https://jurisprudencia.cc.gob.gt/Sentencias/838206.3378-2016.pdf", "status": 200, "bytes": 385156, "outcome": "ok", "attempts": 1, "event": "http", "level": "info", "timestamp": "2026-08-30T13:48:30.148379Z"}
HTTP Request: GET https://jurisprudencia.cc.gob.gt/Sentencias/807377.1837-2005.pdf "HTTP/1.1 200 OK"
{"url": "https://jurisprudencia.cc.gob.gt/Sentencias/807377.1837-2005.pdf", "status": 200, "bytes": 164069, "outcome": "ok", "attempts": 1, "event": "http", "level": "info", "timestamp": "2026-08-30T13:48:32.337471Z"}
HTTP Request: GET https://jurisprudencia.cc.gob.gt/Sentencias/823460.2231-2013.pdf "HTTP/1.1 200 OK"
{"url": "https://jurisprudencia.cc.gob.gt/Sentencias/823460.2231-2013.pdf", "status": 200, "bytes": 194938, "outcome": "ok", "attempts": 1, "event": "http", "level": "info", "timestamp": "2026-08-30T13:48:34.000895Z"}
HTTP Request: GET https://jurisprudencia.cc.gob.gt/Sentencias/817428.885-2011.pdf "HTTP/1.1 200 OK"
{"url": "https://jurisprudencia.cc.gob.gt/Sentencias/817428.885-2011.pdf", "status": 200, "bytes": 166167, "outcome": "ok", "attempts": 1, "event": "http", "level": "info", "timestamp": "2026-08-30T13:48:35.632103Z"}
HTTP Request: GET https://jurisprudencia.cc.gob.gt/Sentencias/831418.4912-2014.pdf "HTTP/1.1 200 OK"
{"url": "https://jurisprudencia.cc.gob.gt/Sentencias/831418.4912-2014.pdf", "status": 200, "bytes": 186692, "outcome": "ok", "attempts": 1, "event": "http", "level": "info", "timestamp": "2026-08-30T13:48:37.398490Z"}
HTTP Request: GET https://jurisprudencia.cc.gob.gt/Sentencias/824539.3654-2013.pdf "HTTP/1.1 200 OK"
{"url": "https://jurisprudencia.cc.gob.gt/Sentencias/824539.3654-2013.pdf", "status": 200, "bytes": 135385, "outcome": "ok", "attempts": 1, "event": "http", "level": "info", "timestamp": "2026-08-30T13:48:39.212782Z"}
HTTP Request: GET https://jurisprudencia.cc.gob.gt/Sentencias/853748.6830-2022.pdf "HTTP/1.1 200 OK"
{"url": "https://jurisprudencia.cc.gob.gt/Sentencias/853748.6830-2022.pdf", "status": 200, "bytes": 713277, "outcome": "ok", "attempts": 1, "event": "http", "level": "info", "timestamp": "2026-08-30T13:48:41.496491Z"}
HTTP Request: GET https://jurisprudencia.cc.gob.gt/Sentencias/832859.5792-2015.pdf "HTTP/1.1 200 OK"
{"url": "https://jurisprudencia.cc.gob.gt/Sentencias/832859.5792-2015.pdf", "status": 200, "bytes": 358639, "outcome": "ok", "attempts": 1, "event": "http", "level": "info", "timestamp": "2026-08-30T13:48:43.695730Z"}
HTTP Request: GET https://jurisprudencia.cc.gob.gt/Sentencias/821703.3768-2011.pdf "HTTP/1.1 200 OK"
{"url": "https://jurisprudencia.cc.gob.gt/Sentencias/821703.3768-2011.pdf", "status": 200, "bytes": 156122, "outcome": "ok", "attempts": 1, "event": "http", "level": "info", "timestamp": "2026-08-30T13:48:45.742782Z"}
HTTP Request: GET https://jurisprudencia.cc.gob.gt/Sentencias/843214.2801-2019.pdf "HTTP/1.1 200 OK"
{"url": "https://jurisprudencia.cc.gob.gt/Sentencias/843214.2801-2019.pdf", "status": 200, "bytes": 433623, "outcome": "ok", "attempts": 1, "event": "http", "level": "info", "timestamp": "2026-08-30T13:48:48.172319Z"}
HTTP Request: GET https://jurisprudencia.cc.gob.gt/Sentencias/813317.3239-2006.pdf "HTTP/1.1 200 OK"
{"url": "https://jurisprudencia.cc.gob.gt/Sentencias/813317.3239-2006.pdf", "status": 200, "bytes": 136441, "outcome": "ok", "attempts": 1, "event": "http", "level": "info", "timestamp": "2026-08-30T13:48:50.282167Z"}
HTTP Request: GET https://jurisprudencia.cc.gob.gt/Sentencias/828460.3735-2014.pdf "HTTP/1.1 200 OK"
{"url": "https://jurisprudencia.cc.gob.gt/Sentencias/828460.3735-2014.pdf", "status": 200, "bytes": 239372, "outcome": "ok", "attempts": 1, "event": "http", "level": "info", "timestamp": "2026-08-30T13:48:52.445189Z"}
HTTP Request: GET https://jurisprudencia.cc.gob.gt/Sentencias/852543.681-2022.pdf "HTTP/1.1 200 OK"
{"url": "https://jurisprudencia.cc.gob.gt/Sentencias/852543.681-2022.pdf", "status": 200, "bytes": 784327, "outcome": "ok", "attempts": 1, "event": "http", "level": "info", "timestamp": "2026-08-30T13:48:54.783966Z"}
HTTP Request: GET https://jurisprudencia.cc.gob.gt/Sentencias/806984.2989-2005.pdf "HTTP/1.1 200 OK"
{"url": "https://jurisprudencia.cc.gob.gt/Sentencias/806984.2989-2005.pdf", "status": 200, "bytes": 144699, "outcome": "ok", "attempts": 1, "event": "http", "level": "info", "timestamp": "2026-08-30T13:48:56.365309Z"}
HTTP Request: GET https://jurisprudencia.cc.gob.gt/Sentencias/816711.3311-2010.pdf "HTTP/1.1 200 OK"
{"url": "https://jurisprudencia.cc.gob.gt/Sentencias/816711.3311-2010.pdf", "status": 200, "bytes": 176221, "outcome": "ok", "attempts": 1, "event": "http", "level": "info", "timestamp": "2026-08-30T13:48:58.417351Z"}
HTTP Request: GET https://jurisprudencia.cc.gob.gt/Sentencias/798436.89-2003.pdf "HTTP/1.1 200 OK"
{"url": "https://jurisprudencia.cc.gob.gt/Sentencias/798436.89-2003.pdf", "status": 200, "bytes": 119802, "outcome": "ok", "attempts": 1, "event": "http", "level": "info", "timestamp": "2026-08-30T13:49:00.470284Z"}
HTTP Request: GET https://jurisprudencia.cc.gob.gt/Sentencias/818449.1894-2011.pdf "HTTP/1.1 200 OK"
{"url": "https://jurisprudencia.cc.gob.gt/Sentencias/818449.1894-2011.pdf", "status": 200, "bytes": 196207, "outcome": "ok", "attempts": 1, "event": "http", "level": "info", "timestamp": "2026-08-30T13:49:02.803839Z"}
HTTP Request: GET https://jurisprudencia.cc.gob.gt/Sentencias/849379.2143-2021.pdf "HTTP/1.1 200 OK"
{"url": "https://jurisprudencia.cc.gob.gt/Sentencias/849379.2143-2021.pdf", "status": 200, "bytes": 311980, "outcome": "ok", "attempts": 1, "event": "http", "level": "info", "timestamp": "2026-08-30T13:49:04.590816Z"}
HTTP Request: GET https://jurisprudencia.cc.gob.gt/Sentencias/851973.1612-2022.pdf "HTTP/1.1 200 OK"
{"url": "https://jurisprudencia.cc.gob.gt/Sentencias/851973.1612-2022.pdf", "status": 200, "bytes": 814496, "outcome": "ok", "attempts": 1, "event": "http", "level": "info", "timestamp": "2026-08-30T13:49:06.422536Z"}
HTTP Request: GET https://jurisprudencia.cc.gob.gt/Sentencias/832905.5143-2015.pdf "HTTP/1.1 200 OK"
{"url": "https://jurisprudencia.cc.gob.gt/Sentencias/832905.5143-2015.pdf", "status": 200, "bytes": 414071, "outcome": "ok", "attempts": 1, "event": "http", "level": "info", "timestamp": "2026-08-30T13:49:08.506879Z"}
HTTP Request: GET https://jurisprudencia.cc.gob.gt/Sentencias/853039.6797-2022.pdf "HTTP/1.1 200 OK"
{"url": "https://jurisprudencia.cc.gob.gt/Sentencias/853039.6797-2022.pdf", "status": 200, "bytes": 762033, "outcome": "ok", "attempts": 1, "event": "http", "level": "info", "timestamp": "2026-08-30T13:49:10.271862Z"}
HTTP Request: GET https://jurisprudencia.cc.gob.gt/Sentencias/798620.806-2003.pdf "HTTP/1.1 200 OK"
{"url": "https://jurisprudencia.cc.gob.gt/Sentencias/798620.806-2003.pdf", "status": 200, "bytes": 76618, "outcome": "ok", "attempts": 1, "event": "http", "level": "info", "timestamp": "2026-08-30T13:49:12.006140Z"}
HTTP Request: GET https://jurisprudencia.cc.gob.gt/Sentencias/842637.3380-2019.pdf "HTTP/1.1 200 OK"
{"url": "https://jurisprudencia.cc.gob.gt/Sentencias/842637.3380-2019.pdf", "status": 200, "bytes": 518939, "outcome": "ok", "attempts": 1, "event": "http", "level": "info", "timestamp": "2026-08-30T13:49:14.000312Z"}
HTTP Request: GET https://jurisprudencia.cc.gob.gt/Sentencias/855569.6647-2023.pdf "HTTP/1.1 200 OK"
{"url": "https://jurisprudencia.cc.gob.gt/Sentencias/855569.6647-2023.pdf", "status": 200, "bytes": 3882524, "outcome": "ok", "attempts": 1, "event": "http", "level": "info", "timestamp": "2026-08-30T13:49:16.431226Z"}
HTTP Request: GET https://jurisprudencia.cc.gob.gt/Sentencias/854223.2299-2023.pdf "HTTP/1.1 200 OK"
{"url": "https://jurisprudencia.cc.gob.gt/Sentencias/854223.2299-2023.pdf", "status": 200, "bytes": 3186326, "outcome": "ok", "attempts": 1, "event": "http", "level": "info", "timestamp": "2026-08-30T13:49:18.455639Z"}
HTTP Request: GET https://jurisprudencia.cc.gob.gt/Sentencias/848465.4394-2020%20y%204575-2020.pdf "HTTP/1.1 200 OK"
{"url": "https://jurisprudencia.cc.gob.gt/Sentencias/848465.4394-2020%20y%204575-2020.pdf", "status": 200, "bytes": 355311, "outcome": "ok", "attempts": 1, "event": "http", "level": "info", "timestamp": "2026-08-30T13:49:20.522428Z"}
HTTP Request: GET https://jurisprudencia.cc.gob.gt/Sentencias/849561.5295-2021.pdf "HTTP/1.1 200 OK"
{"url": "https://jurisprudencia.cc.gob.gt/Sentencias/849561.5295-2021.pdf", "status": 200, "bytes": 354403, "outcome": "ok", "attempts": 1, "event": "http", "level": "info", "timestamp": "2026-08-30T13:49:22.364336Z"}
HTTP Request: GET https://jurisprudencia.cc.gob.gt/Sentencias/848832.2829-2021.pdf "HTTP/1.1 200 OK"
{"url": "https://jurisprudencia.cc.gob.gt/Sentencias/848832.2829-2021.pdf", "status": 200, "bytes": 424686, "outcome": "ok", "attempts": 1, "event": "http", "level": "info", "timestamp": "2026-08-30T13:49:24.265360Z"}
HTTP Request: GET https://jurisprudencia.cc.gob.gt/Sentencias/855575.7523-2023.pdf "HTTP/1.1 200 OK"
{"url": "https://jurisprudencia.cc.gob.gt/Sentencias/855575.7523-2023.pdf", "status": 200, "bytes": 3805709, "outcome": "ok", "attempts": 1, "event": "http", "level": "info", "timestamp": "2026-08-30T13:49:26.317060Z"}
HTTP Request: GET https://jurisprudencia.cc.gob.gt/Sentencias/855618.8052-2023.pdf "HTTP/1.1 200 OK"
{"url": "https://jurisprudencia.cc.gob.gt/Sentencias/855618.8052-2023.pdf", "status": 200, "bytes": 3901509, "outcome": "ok", "attempts": 1, "event": "http", "level": "info", "timestamp": "2026-08-30T13:49:29.347351Z"}
HTTP Request: GET https://jurisprudencia.cc.gob.gt/Sentencias/809145.2621-2009%20Y%202638-2009.pdf "HTTP/1.1 200 OK"
{"url": "https://jurisprudencia.cc.gob.gt/Sentencias/809145.2621-2009%20Y%202638-2009.pdf", "status": 200, "bytes": 132312, "outcome": "ok", "attempts": 1, "event": "http", "level": "info", "timestamp": "2026-08-30T13:49:30.521428Z"}
HTTP Request: GET https://jurisprudencia.cc.gob.gt/Sentencias/851152.5181-2022.pdf "HTTP/1.1 200 OK"
{"url": "https://jurisprudencia.cc.gob.gt/Sentencias/851152.5181-2022.pdf", "status": 200, "bytes": 847937, "outcome": "ok", "attempts": 1, "event": "http", "level": "info", "timestamp": "2026-08-30T13:49:33.456154Z"}
HTTP Request: GET https://jurisprudencia.cc.gob.gt/Sentencias/846402.2856-2020.pdf "HTTP/1.1 200 OK"
{"url": "https://jurisprudencia.cc.gob.gt/Sentencias/846402.2856-2020.pdf", "status": 200, "bytes": 221931, "outcome": "ok", "attempts": 1, "event": "http", "level": "info", "timestamp": "2026-08-30T13:49:34.796008Z"}
HTTP Request: GET https://jurisprudencia.cc.gob.gt/Sentencias/815154.1932-2010%20Y%201946-2010.pdf "HTTP/1.1 200 OK"
{"url": "https://jurisprudencia.cc.gob.gt/Sentencias/815154.1932-2010%20Y%201946-2010.pdf", "status": 200, "bytes": 173346, "outcome": "ok", "attempts": 1, "event": "http", "level": "info", "timestamp": "2026-08-30T13:49:36.826613Z"}
HTTP Request: GET https://jurisprudencia.cc.gob.gt/Sentencias/807083.1760-2005.pdf "HTTP/1.1 200 OK"
{"url": "https://jurisprudencia.cc.gob.gt/Sentencias/807083.1760-2005.pdf", "status": 200, "bytes": 139019, "outcome": "ok", "attempts": 1, "event": "http", "level": "info", "timestamp": "2026-08-30T13:49:39.184760Z"}
HTTP Request: GET https://jurisprudencia.cc.gob.gt/Sentencias/850281.5582-2021.pdf "HTTP/1.1 200 OK"
{"url": "https://jurisprudencia.cc.gob.gt/Sentencias/850281.5582-2021.pdf", "status": 200, "bytes": 891794, "outcome": "ok", "attempts": 1, "event": "http", "level": "info", "timestamp": "2026-08-30T13:49:40.945848Z"}
HTTP Request: GET https://jurisprudencia.cc.gob.gt/Sentencias/819428.2923-2011.pdf "HTTP/1.1 200 OK"
{"url": "https://jurisprudencia.cc.gob.gt/Sentencias/819428.2923-2011.pdf", "status": 200, "bytes": 170202, "outcome": "ok", "attempts": 1, "event": "http", "level": "info", "timestamp": "2026-08-30T13:49:43.170511Z"}
HTTP Request: GET https://jurisprudencia.cc.gob.gt/Sentencias/848634.2376-2020.pdf "HTTP/1.1 200 OK"
{"url": "https://jurisprudencia.cc.gob.gt/Sentencias/848634.2376-2020.pdf", "status": 200, "bytes": 365892, "outcome": "ok", "attempts": 1, "event": "http", "level": "info", "timestamp": "2026-08-30T13:49:45.501343Z"}
HTTP Request: GET https://jurisprudencia.cc.gob.gt/Sentencias/857793.3869-2023.pdf "HTTP/1.1 200 OK"
{"url": "https://jurisprudencia.cc.gob.gt/Sentencias/857793.3869-2023.pdf", "status": 200, "bytes": 3896422, "outcome": "ok", "attempts": 1, "event": "http", "level": "info", "timestamp": "2026-08-30T13:49:47.792996Z"}
HTTP Request: GET https://jurisprudencia.cc.gob.gt/Sentencias/832666.3160-2016.pdf "HTTP/1.1 200 OK"
{"url": "https://jurisprudencia.cc.gob.gt/Sentencias/832666.3160-2016.pdf", "status": 200, "bytes": 261408, "outcome": "ok", "attempts": 1, "event": "http", "level": "info", "timestamp": "2026-08-30T13:49:49.722116Z"}
HTTP Request: GET https://jurisprudencia.cc.gob.gt/Sentencias/798239.444-2003.pdf "HTTP/1.1 200 OK"
{"url": "https://jurisprudencia.cc.gob.gt/Sentencias/798239.444-2003.pdf", "status": 200, "bytes": 122963, "outcome": "ok", "attempts": 1, "event": "http", "level": "info", "timestamp": "2026-08-30T13:49:51.536387Z"}
HTTP Request: GET https://jurisprudencia.cc.gob.gt/Sentencias/833564.3200-2016.pdf "HTTP/1.1 200 OK"
{"url": "https://jurisprudencia.cc.gob.gt/Sentencias/833564.3200-2016.pdf", "status": 200, "bytes": 326863, "outcome": "ok", "attempts": 1, "event": "http", "level": "info", "timestamp": "2026-08-30T13:49:53.556184Z"}
HTTP Request: GET https://jurisprudencia.cc.gob.gt/Sentencias/843766.3949-2018.pdf "HTTP/1.1 200 OK"
{"url": "https://jurisprudencia.cc.gob.gt/Sentencias/843766.3949-2018.pdf", "status": 200, "bytes": 291849, "outcome": "ok", "attempts": 1, "event": "http", "level": "info", "timestamp": "2026-08-30T13:49:55.924193Z"}
HTTP Request: GET https://jurisprudencia.cc.gob.gt/Sentencias/842001.252-2019.pdf "HTTP/1.1 200 OK"
{"url": "https://jurisprudencia.cc.gob.gt/Sentencias/842001.252-2019.pdf", "status": 200, "bytes": 483467, "outcome": "ok", "attempts": 1, "event": "http", "level": "info", "timestamp": "2026-08-30T13:49:57.968487Z"}
HTTP Request: GET https://jurisprudencia.cc.gob.gt/Sentencias/849564.5572-2018.pdf "HTTP/1.1 200 OK"
{"url": "https://jurisprudencia.cc.gob.gt/Sentencias/849564.5572-2018.pdf", "status": 200, "bytes": 395478, "outcome": "ok", "attempts": 1, "event": "http", "level": "info", "timestamp": "2026-08-30T13:49:59.959839Z"}
HTTP Request: GET https://jurisprudencia.cc.gob.gt/Sentencias/813140.185-2008.pdf "HTTP/1.1 200 OK"
{"url": "https://jurisprudencia.cc.gob.gt/Sentencias/813140.185-2008.pdf", "status": 200, "bytes": 144052, "outcome": "ok", "attempts": 1, "event": "http", "level": "info", "timestamp": "2026-08-30T13:50:02.274618Z"}
HTTP Request: GET https://jurisprudencia.cc.gob.gt/Sentencias/806496.380-2005.pdf "HTTP/1.1 200 OK"
{"url": "https://jurisprudencia.cc.gob.gt/Sentencias/806496.380-2005.pdf", "status": 200, "bytes": 187771, "outcome": "ok", "attempts": 1, "event": "http", "level": "info", "timestamp": "2026-08-30T13:50:04.310686Z"}
HTTP Request: GET https://jurisprudencia.cc.gob.gt/Sentencias/843691.4124-2019.pdf "HTTP/1.1 200 OK"
{"url": "https://jurisprudencia.cc.gob.gt/Sentencias/843691.4124-2019.pdf", "status": 200, "bytes": 383025, "outcome": "ok", "attempts": 1, "event": "http", "level": "info", "timestamp": "2026-08-30T13:50:06.280382Z"}
HTTP Request: GET https://jurisprudencia.cc.gob.gt/Sentencias/833341.4427-2016.pdf "HTTP/1.1 200 OK"
{"url": "https://jurisprudencia.cc.gob.gt/Sentencias/833341.4427-2016.pdf", "status": 200, "bytes": 422342, "outcome": "ok", "attempts": 1, "event": "http", "level": "info", "timestamp": "2026-08-30T13:50:08.361799Z"}
HTTP Request: GET https://jurisprudencia.cc.gob.gt/Sentencias/835951.1441-2004.pdf "HTTP/1.1 200 OK"
{"url": "https://jurisprudencia.cc.gob.gt/Sentencias/835951.1441-2004.pdf", "status": 200, "bytes": 97286, "outcome": "ok", "attempts": 1, "event": "http", "level": "info", "timestamp": "2026-08-30T13:50:10.463424Z"}
HTTP Request: GET https://jurisprudencia.cc.gob.gt/Sentencias/832653.2871-2016.pdf "HTTP/1.1 200 OK"
{"url": "https://jurisprudencia.cc.gob.gt/Sentencias/832653.2871-2016.pdf", "status": 200, "bytes": 277555, "outcome": "ok", "attempts": 1, "event": "http", "level": "info", "timestamp": "2026-08-30T13:50:12.457280Z"}
{"url": "https://jurisprudencia.cc.gob.gt/Sentencias/832628.2335-2016.pdf", "from_cache": true, "outcome": "ok", "event": "http", "level": "info", "timestamp": "2026-08-30T13:50:12.524839Z"}
HTTP Request: GET https://jurisprudencia.cc.gob.gt/Sentencias/801917.220-2006.pdf "HTTP/1.1 200 OK"
{"url": "https://jurisprudencia.cc.gob.gt/Sentencias/801917.220-2006.pdf", "status": 200, "bytes": 156028, "outcome": "ok", "attempts": 1, "event": "http", "level": "info", "timestamp": "2026-08-30T13:50:14.050080Z"}
HTTP Request: GET https://jurisprudencia.cc.gob.gt/Sentencias/832476.3100-2016.pdf "HTTP/1.1 200 OK"
{"url": "https://jurisprudencia.cc.gob.gt/Sentencias/832476.3100-2016.pdf", "status": 200, "bytes": 572238, "outcome": "ok", "attempts": 1, "event": "http", "level": "info", "timestamp": "2026-08-30T13:50:16.202930Z"}
HTTP Request: GET https://jurisprudencia.cc.gob.gt/Sentencias/815396.3278-2009.pdf "HTTP/1.1 200 OK"
{"url": "https://jurisprudencia.cc.gob.gt/Sentencias/815396.3278-2009.pdf", "status": 200, "bytes": 174824, "outcome": "ok", "attempts": 1, "event": "http", "level": "info", "timestamp": "2026-08-30T13:50:18.365401Z"}
HTTP Request: GET https://jurisprudencia.cc.gob.gt/Sentencias/841456.128-2018.pdf "HTTP/1.1 200 OK"
{"url": "https://jurisprudencia.cc.gob.gt/Sentencias/841456.128-2018.pdf", "status": 200, "bytes": 424960, "outcome": "ok", "attempts": 1, "event": "http", "level": "info", "timestamp": "2026-08-30T13:50:20.537835Z"}
HTTP Request: GET https://jurisprudencia.cc.gob.gt/Sentencias/850606.2156-2022.pdf "HTTP/1.1 200 OK"
{"url": "https://jurisprudencia.cc.gob.gt/Sentencias/850606.2156-2022.pdf", "status": 200, "bytes": 1194012, "outcome": "ok", "attempts": 1, "event": "http", "level": "info", "timestamp": "2026-08-30T13:50:22.552252Z"}
HTTP Request: GET https://jurisprudencia.cc.gob.gt/Sentencias/852184.6723-2021.pdf "HTTP/1.1 200 OK"
{"url": "https://jurisprudencia.cc.gob.gt/Sentencias/852184.6723-2021.pdf", "status": 200, "bytes": 832992, "outcome": "ok", "attempts": 1, "event": "http", "level": "info", "timestamp": "2026-08-30T13:50:24.671999Z"}
HTTP Request: GET https://jurisprudencia.cc.gob.gt/Sentencias/842013.5647-2018.pdf "HTTP/1.1 200 OK"
{"url": "https://jurisprudencia.cc.gob.gt/Sentencias/842013.5647-2018.pdf", "status": 200, "bytes": 429844, "outcome": "ok", "attempts": 1, "event": "http", "level": "info", "timestamp": "2026-08-30T13:50:26.731753Z"}
HTTP Request: GET https://jurisprudencia.cc.gob.gt/Sentencias/820265.807-2012.pdf "HTTP/1.1 200 OK"
{"url": "https://jurisprudencia.cc.gob.gt/Sentencias/820265.807-2012.pdf", "status": 200, "bytes": 189224, "outcome": "ok", "attempts": 1, "event": "http", "level": "info", "timestamp": "2026-08-30T13:50:28.780697Z"}
HTTP Request: GET https://jurisprudencia.cc.gob.gt/Sentencias/852221.286-2023.pdf "HTTP/1.1 200 OK"
{"url": "https://jurisprudencia.cc.gob.gt/Sentencias/852221.286-2023.pdf", "status": 200, "bytes": 778504, "outcome": "ok", "attempts": 1, "event": "http", "level": "info", "timestamp": "2026-08-30T13:50:30.830985Z"}
HTTP Request: GET https://jurisprudencia.cc.gob.gt/Sentencias/851487.954-2022.pdf "HTTP/1.1 200 OK"
{"url": "https://jurisprudencia.cc.gob.gt/Sentencias/851487.954-2022.pdf", "status": 200, "bytes": 816845, "outcome": "ok", "attempts": 1, "event": "http", "level": "info", "timestamp": "2026-08-30T13:50:32.984549Z"}
HTTP Request: GET https://jurisprudencia.cc.gob.gt/Sentencias/843175.1602-2019.pdf "HTTP/1.1 200 OK"
{"url": "https://jurisprudencia.cc.gob.gt/Sentencias/843175.1602-2019.pdf", "status": 200, "bytes": 453021, "outcome": "ok", "attempts": 1, "event": "http", "level": "info", "timestamp": "2026-08-30T13:50:34.726099Z"}
HTTP Request: GET https://jurisprudencia.cc.gob.gt/Sentencias/805762.67-2005.pdf "HTTP/1.1 200 OK"
{"url": "https://jurisprudencia.cc.gob.gt/Sentencias/805762.67-2005.pdf", "status": 200, "bytes": 178439, "outcome": "ok", "attempts": 1, "event": "http", "level": "info", "timestamp": "2026-08-30T13:50:37.107900Z"}
HTTP Request: GET https://jurisprudencia.cc.gob.gt/Sentencias/818851.2335-2011.pdf "HTTP/1.1 200 OK"
{"url": "https://jurisprudencia.cc.gob.gt/Sentencias/818851.2335-2011.pdf", "status": 200, "bytes": 141110, "outcome": "ok", "attempts": 1, "event": "http", "level": "info", "timestamp": "2026-08-30T13:50:39.301318Z"}
HTTP Request: GET https://jurisprudencia.cc.gob.gt/Sentencias/849687.410-2022.pdf "HTTP/1.1 200 OK"
{"url": "https://jurisprudencia.cc.gob.gt/Sentencias/849687.410-2022.pdf", "status": 200, "bytes": 411379, "outcome": "ok", "attempts": 1, "event": "http", "level": "info", "timestamp": "2026-08-30T13:50:41.134804Z"}
HTTP Request: GET https://jurisprudencia.cc.gob.gt/Sentencias/815205.3751-2009.pdf "HTTP/1.1 200 OK"
{"url": "https://jurisprudencia.cc.gob.gt/Sentencias/815205.3751-2009.pdf", "status": 200, "bytes": 195035, "outcome": "ok", "attempts": 1, "event": "http", "level": "info", "timestamp": "2026-08-30T13:50:43.075389Z"}
HTTP Request: GET https://jurisprudencia.cc.gob.gt/Sentencias/827986.353-2014.pdf "HTTP/1.1 200 OK"
{"url": "https://jurisprudencia.cc.gob.gt/Sentencias/827986.353-2014.pdf", "status": 200, "bytes": 175603, "outcome": "ok", "attempts": 1, "event": "http", "level": "info", "timestamp": "2026-08-30T13:50:45.165450Z"}
HTTP Request: GET https://jurisprudencia.cc.gob.gt/Sentencias/850351.7032-2021.pdf "HTTP/1.1 200 OK"
{"url": "https://jurisprudencia.cc.gob.gt/Sentencias/850351.7032-2021.pdf", "status": 200, "bytes": 1374596, "outcome": "ok", "attempts": 1, "event": "http", "level": "info", "timestamp": "2026-08-30T13:50:47.298480Z"}
{"procesados": 1100, "por_regla": 1019, "event": "avance", "level": "info", "timestamp": "2026-08-30T13:50:47.369116Z"}
HTTP Request: GET https://jurisprudencia.cc.gob.gt/Sentencias/851179.3700-2022.pdf "HTTP/1.1 200 OK"
{"url": "https://jurisprudencia.cc.gob.gt/Sentencias/851179.3700-2022.pdf", "status": 200, "bytes": 784820, "outcome": "ok", "attempts": 1, "event": "http", "level": "info", "timestamp": "2026-08-30T13:50:49.286161Z"}
HTTP Request: GET https://jurisprudencia.cc.gob.gt/Sentencias/830778.4730-2014.pdf "HTTP/1.1 200 OK"
{"url": "https://jurisprudencia.cc.gob.gt/Sentencias/830778.4730-2014.pdf", "status": 200, "bytes": 145912, "outcome": "ok", "attempts": 1, "event": "http", "level": "info", "timestamp": "2026-08-30T13:50:51.529913Z"}
HTTP Request: GET https://jurisprudencia.cc.gob.gt/Sentencias/837423.2793-2017.pdf "HTTP/1.1 200 OK"
{"url": "https://jurisprudencia.cc.gob.gt/Sentencias/837423.2793-2017.pdf", "status": 200, "bytes": 313054, "outcome": "ok", "attempts": 1, "event": "http", "level": "info", "timestamp": "2026-08-30T13:50:53.646184Z"}
HTTP Request: GET https://jurisprudencia.cc.gob.gt/Sentencias/798787.359-2004.pdf "HTTP/1.1 200 OK"
{"url": "https://jurisprudencia.cc.gob.gt/Sentencias/798787.359-2004.pdf", "status": 200, "bytes": 149866, "outcome": "ok", "attempts": 1, "event": "http", "level": "info", "timestamp": "2026-08-30T13:50:55.995096Z"}
HTTP Request: GET https://jurisprudencia.cc.gob.gt/Sentencias/818629.1040-2011.pdf "HTTP/1.1 200 OK"
{"url": "https://jurisprudencia.cc.gob.gt/Sentencias/818629.1040-2011.pdf", "status": 200, "bytes": 170055, "outcome": "ok", "attempts": 1, "event": "http", "level": "info", "timestamp": "2026-08-30T13:50:57.691501Z"}
HTTP Request: GET https://jurisprudencia.cc.gob.gt/Sentencias/798467.1120-2003.pdf "HTTP/1.1 200 OK"
{"url": "https://jurisprudencia.cc.gob.gt/Sentencias/798467.1120-2003.pdf", "status": 200, "bytes": 127893, "outcome": "ok", "attempts": 1, "event": "http", "level": "info", "timestamp": "2026-08-30T13:51:00.020868Z"}
HTTP Request: GET https://jurisprudencia.cc.gob.gt/Sentencias/821246.1486-2012.pdf "HTTP/1.1 200 OK"
{"url": "https://jurisprudencia.cc.gob.gt/Sentencias/821246.1486-2012.pdf", "status": 200, "bytes": 195921, "outcome": "ok", "attempts": 1, "event": "http", "level": "info", "timestamp": "2026-08-30T13:51:02.330461Z"}
HTTP Request: GET https://jurisprudencia.cc.gob.gt/Sentencias/826068.1957-2014.pdf "HTTP/1.1 200 OK"
{"url": "https://jurisprudencia.cc.gob.gt/Sentencias/826068.1957-2014.pdf", "status": 200, "bytes": 97355, "outcome": "ok", "attempts": 1, "event": "http", "level": "info", "timestamp": "2026-08-30T13:51:04.459102Z"}
HTTP Request: GET https://jurisprudencia.cc.gob.gt/Sentencias/850875.4686-2022.pdf "HTTP/1.1 200 OK"
{"url": "https://jurisprudencia.cc.gob.gt/Sentencias/850875.4686-2022.pdf", "status": 200, "bytes": 907720, "outcome": "ok", "attempts": 1, "event": "http", "level": "info", "timestamp": "2026-08-30T13:51:06.802486Z"}
HTTP Request: GET https://jurisprudencia.cc.gob.gt/Sentencias/842627.2225-2019.pdf "HTTP/1.1 200 OK"
{"url": "https://jurisprudencia.cc.gob.gt/Sentencias/842627.2225-2019.pdf", "status": 200, "bytes": 516046, "outcome": "ok", "attempts": 1, "event": "http", "level": "info", "timestamp": "2026-08-30T13:51:08.467229Z"}
HTTP Request: GET https://jurisprudencia.cc.gob.gt/Sentencias/855392.1955-2023.pdf "HTTP/1.1 200 OK"
{"url": "https://jurisprudencia.cc.gob.gt/Sentencias/855392.1955-2023.pdf", "status": 200, "bytes": 3680159, "outcome": "ok", "attempts": 1, "event": "http", "level": "info", "timestamp": "2026-08-30T13:51:11.225965Z"}
{"url": "https://jurisprudencia.cc.gob.gt/Sentencias/819451.2363-2011.pdf", "from_cache": true, "outcome": "ok", "event": "http", "level": "info", "timestamp": "2026-08-30T13:51:11.286142Z"}
HTTP Request: GET https://jurisprudencia.cc.gob.gt/Sentencias/811145.3544-2008.pdf "HTTP/1.1 200 OK"
{"url": "https://jurisprudencia.cc.gob.gt/Sentencias/811145.3544-2008.pdf", "status": 200, "bytes": 147960, "outcome": "ok", "attempts": 1, "event": "http", "level": "info", "timestamp": "2026-08-30T13:51:13.073146Z"}
HTTP Request: GET https://jurisprudencia.cc.gob.gt/Sentencias/845628.330-2020.pdf "HTTP/1.1 200 OK"
{"url": "https://jurisprudencia.cc.gob.gt/Sentencias/845628.330-2020.pdf", "status": 200, "bytes": 233881, "outcome": "ok", "attempts": 1, "event": "http", "level": "info", "timestamp": "2026-08-30T13:51:15.103602Z"}
HTTP Request: GET https://jurisprudencia.cc.gob.gt/Sentencias/843130.1429-2019.pdf "HTTP/1.1 200 OK"
{"url": "https://jurisprudencia.cc.gob.gt/Sentencias/843130.1429-2019.pdf", "status": 200, "bytes": 436405, "outcome": "ok", "attempts": 1, "event": "http", "level": "info", "timestamp": "2026-08-30T13:51:16.845512Z"}
HTTP Request: GET https://jurisprudencia.cc.gob.gt/Sentencias/811103.4045-2008.pdf "HTTP/1.1 200 OK"
{"url": "https://jurisprudencia.cc.gob.gt/Sentencias/811103.4045-2008.pdf", "status": 200, "bytes": 184376, "outcome": "ok", "attempts": 1, "event": "http", "level": "info", "timestamp": "2026-08-30T13:51:18.377110Z"}
HTTP Request: GET https://jurisprudencia.cc.gob.gt/Sentencias/844915.5463-2019.pdf "HTTP/1.1 200 OK"
{"url": "https://jurisprudencia.cc.gob.gt/Sentencias/844915.5463-2019.pdf", "status": 200, "bytes": 274212, "outcome": "ok", "attempts": 1, "event": "http", "level": "info", "timestamp": "2026-08-30T13:51:20.061650Z"}
HTTP Request: GET https://jurisprudencia.cc.gob.gt/Sentencias/828852.3453-2014.pdf "HTTP/1.1 200 OK"
{"url": "https://jurisprudencia.cc.gob.gt/Sentencias/828852.3453-2014.pdf", "status": 200, "bytes": 92791, "outcome": "ok", "attempts": 1, "event": "http", "level": "info", "timestamp": "2026-08-30T13:51:22.004107Z"}
HTTP Request: GET https://jurisprudencia.cc.gob.gt/Sentencias/821061.913-2012.pdf "HTTP/1.1 200 OK"
{"url": "https://jurisprudencia.cc.gob.gt/Sentencias/821061.913-2012.pdf", "status": 200, "bytes": 182118, "outcome": "ok", "attempts": 1, "event": "http", "level": "info", "timestamp": "2026-08-30T13:51:24.067001Z"}
HTTP Request: GET https://jurisprudencia.cc.gob.gt/Sentencias/837342.1053-2017.pdf "HTTP/1.1 200 OK"
{"url": "https://jurisprudencia.cc.gob.gt/Sentencias/837342.1053-2017.pdf", "status": 200, "bytes": 301179, "outcome": "ok", "attempts": 1, "event": "http", "level": "info", "timestamp": "2026-08-30T13:51:25.964405Z"}
HTTP Request: GET https://jurisprudencia.cc.gob.gt/Sentencias/847656.1474-2021.pdf "HTTP/1.1 200 OK"
{"url": "https://jurisprudencia.cc.gob.gt/Sentencias/847656.1474-2021.pdf", "status": 200, "bytes": 246441, "outcome": "ok", "attempts": 1, "event": "http", "level": "info", "timestamp": "2026-08-30T13:51:28.323474Z"}
HTTP Request: GET https://jurisprudencia.cc.gob.gt/Sentencias/811257.2438-2008.pdf "HTTP/1.1 200 OK"
{"url": "https://jurisprudencia.cc.gob.gt/Sentencias/811257.2438-2008.pdf", "status": 200, "bytes": 196605, "outcome": "ok", "attempts": 1, "event": "http", "level": "info", "timestamp": "2026-08-30T13:51:30.403536Z"}
HTTP Request: GET https://jurisprudencia.cc.gob.gt/Sentencias/823189.440-2013.pdf "HTTP/1.1 200 OK"
{"url": "https://jurisprudencia.cc.gob.gt/Sentencias/823189.440-2013.pdf", "status": 200, "bytes": 132560, "outcome": "ok", "attempts": 1, "event": "http", "level": "info", "timestamp": "2026-08-30T13:51:32.317534Z"}
HTTP Request: GET https://jurisprudencia.cc.gob.gt/Sentencias/802486.1087-2007.pdf "HTTP/1.1 200 OK"
{"url": "https://jurisprudencia.cc.gob.gt/Sentencias/802486.1087-2007.pdf", "status": 200, "bytes": 138287, "outcome": "ok", "attempts": 1, "event": "http", "level": "info", "timestamp": "2026-08-30T13:51:34.484675Z"}
HTTP Request: GET https://jurisprudencia.cc.gob.gt/Sentencias/839761.748-2018.pdf "HTTP/1.1 200 OK"
{"url": "https://jurisprudencia.cc.gob.gt/Sentencias/839761.748-2018.pdf", "status": 200, "bytes": 461920, "outcome": "ok", "attempts": 1, "event": "http", "level": "info", "timestamp": "2026-08-30T13:51:36.306324Z"}
HTTP Request: GET https://jurisprudencia.cc.gob.gt/Sentencias/818655.3266-2011.pdf "HTTP/1.1 200 OK"
{"url": "https://jurisprudencia.cc.gob.gt/Sentencias/818655.3266-2011.pdf", "status": 200, "bytes": 134164, "outcome": "ok", "attempts": 1, "event": "http", "level": "info", "timestamp": "2026-08-30T13:51:38.248166Z"}
HTTP Request: GET https://jurisprudencia.cc.gob.gt/Sentencias/799398.842-2004.pdf "HTTP/1.1 200 OK"
{"url": "https://jurisprudencia.cc.gob.gt/Sentencias/799398.842-2004.pdf", "status": 200, "bytes": 127140, "outcome": "ok", "attempts": 1, "event": "http", "level": "info", "timestamp": "2026-08-30T13:51:40.500227Z"}
HTTP Request: GET https://jurisprudencia.cc.gob.gt/Sentencias/829372.1840-2015.pdf "HTTP/1.1 200 OK"
{"url": "https://jurisprudencia.cc.gob.gt/Sentencias/829372.1840-2015.pdf", "status": 200, "bytes": 92372, "outcome": "ok", "attempts": 1, "event": "http", "level": "info", "timestamp": "2026-08-30T13:51:42.278143Z"}
HTTP Request: GET https://jurisprudencia.cc.gob.gt/Sentencias/821634.2109-2012.pdf "HTTP/1.1 200 OK"
{"url": "https://jurisprudencia.cc.gob.gt/Sentencias/821634.2109-2012.pdf", "status": 200, "bytes": 136887, "outcome": "ok", "attempts": 1, "event": "http", "level": "info", "timestamp": "2026-08-30T13:51:44.469007Z"}
HTTP Request: GET https://jurisprudencia.cc.gob.gt/Sentencias/844292.437-2020.pdf "HTTP/1.1 200 OK"
{"url": "https://jurisprudencia.cc.gob.gt/Sentencias/844292.437-2020.pdf", "status": 200, "bytes": 363609, "outcome": "ok", "attempts": 1, "event": "http", "level": "info", "timestamp": "2026-08-30T13:51:46.339532Z"}
HTTP Request: GET https://jurisprudencia.cc.gob.gt/Sentencias/826879.1469-2014.pdf "HTTP/1.1 200 OK"
{"url": "https://jurisprudencia.cc.gob.gt/Sentencias/826879.1469-2014.pdf", "status": 200, "bytes": 89472, "outcome": "ok", "attempts": 1, "event": "http", "level": "info", "timestamp": "2026-08-30T13:51:47.964383Z"}
HTTP Request: GET https://jurisprudencia.cc.gob.gt/Sentencias/854272.2224-2023.pdf "HTTP/1.1 200 OK"
{"url": "https://jurisprudencia.cc.gob.gt/Sentencias/854272.2224-2023.pdf", "status": 200, "bytes": 4024854, "outcome": "ok", "attempts": 1, "event": "http", "level": "info", "timestamp": "2026-08-30T13:51:50.194173Z"}
HTTP Request: GET https://jurisprudencia.cc.gob.gt/Sentencias/824276.1624-2013.pdf "HTTP/1.1 200 OK"
{"url": "https://jurisprudencia.cc.gob.gt/Sentencias/824276.1624-2013.pdf", "status": 200, "bytes": 188700, "outcome": "ok", "attempts": 1, "event": "http", "level": "info", "timestamp": "2026-08-30T13:51:51.983806Z"}
HTTP Request: GET https://jurisprudencia.cc.gob.gt/Sentencias/854143.1610-2023.pdf "HTTP/1.1 200 OK"
{"url": "https://jurisprudencia.cc.gob.gt/Sentencias/854143.1610-2023.pdf", "status": 200, "bytes": 3095227, "outcome": "ok", "attempts": 1, "event": "http", "level": "info", "timestamp": "2026-08-30T13:51:53.852018Z"}
HTTP Request: GET https://jurisprudencia.cc.gob.gt/Sentencias/843155.476-2019.pdf "HTTP/1.1 200 OK"
{"url": "https://jurisprudencia.cc.gob.gt/Sentencias/843155.476-2019.pdf", "status": 200, "bytes": 467754, "outcome": "ok", "attempts": 1, "event": "http", "level": "info", "timestamp": "2026-08-30T13:51:55.658869Z"}
HTTP Request: GET https://jurisprudencia.cc.gob.gt/Sentencias/817544.4621-2010.pdf "HTTP/1.1 200 OK"
{"url": "https://jurisprudencia.cc.gob.gt/Sentencias/817544.4621-2010.pdf", "status": 200, "bytes": 133262, "outcome": "ok", "attempts": 1, "event": "http", "level": "info", "timestamp": "2026-08-30T13:51:57.616067Z"}
HTTP Request: GET https://jurisprudencia.cc.gob.gt/Sentencias/826227.569-2014.pdf "HTTP/1.1 200 OK"
{"url": "https://jurisprudencia.cc.gob.gt/Sentencias/826227.569-2014.pdf", "status": 200, "bytes": 92771, "outcome": "ok", "attempts": 1, "event": "http", "level": "info", "timestamp": "2026-08-30T13:51:59.263489Z"}
HTTP Request: GET https://jurisprudencia.cc.gob.gt/Sentencias/847740.3941-2019.pdf "HTTP/1.1 200 OK"
{"url": "https://jurisprudencia.cc.gob.gt/Sentencias/847740.3941-2019.pdf", "status": 200, "bytes": 219227, "outcome": "ok", "attempts": 1, "event": "http", "level": "info", "timestamp": "2026-08-30T13:52:01.052082Z"}
HTTP Request: GET https://jurisprudencia.cc.gob.gt/Sentencias/846482.7202-2019.pdf "HTTP/1.1 200 OK"
{"url": "https://jurisprudencia.cc.gob.gt/Sentencias/846482.7202-2019.pdf", "status": 200, "bytes": 297952, "outcome": "ok", "attempts": 1, "event": "http", "level": "info", "timestamp": "2026-08-30T13:52:02.783101Z"}
HTTP Request: GET https://jurisprudencia.cc.gob.gt/Sentencias/844540.6446-2019.pdf "HTTP/1.1 200 OK"
{"url": "https://jurisprudencia.cc.gob.gt/Sentencias/844540.6446-2019.pdf", "status": 200, "bytes": 320898, "outcome": "ok", "attempts": 1, "event": "http", "level": "info", "timestamp": "2026-08-30T13:52:04.839984Z"}
HTTP Request: GET https://jurisprudencia.cc.gob.gt/Sentencias/810421.3614-2008.pdf "HTTP/1.1 200 OK"
{"url": "https://jurisprudencia.cc.gob.gt/Sentencias/810421.3614-2008.pdf", "status": 200, "bytes": 240672, "outcome": "ok", "attempts": 1, "event": "http", "level": "info", "timestamp": "2026-08-30T13:52:06.396928Z"}
HTTP Request: GET https://jurisprudencia.cc.gob.gt/Sentencias/839837.1519-2018.pdf "HTTP/1.1 200 OK"
{"url": "https://jurisprudencia.cc.gob.gt/Sentencias/839837.1519-2018.pdf", "status": 200, "bytes": 423437, "outcome": "ok", "attempts": 1, "event": "http", "level": "info", "timestamp": "2026-08-30T13:52:08.787451Z"}
HTTP Request: GET https://jurisprudencia.cc.gob.gt/Sentencias/846534.28-2019.pdf "HTTP/1.1 200 OK"
{"url": "https://jurisprudencia.cc.gob.gt/Sentencias/846534.28-2019.pdf", "status": 200, "bytes": 308560, "outcome": "ok", "attempts": 1, "event": "http", "level": "info", "timestamp": "2026-08-30T13:52:11.221154Z"}
{"url": "https://jurisprudencia.cc.gob.gt/Sentencias/828470.1441-2014.pdf", "from_cache": true, "outcome": "ok", "event": "http", "level": "info", "timestamp": "2026-08-30T13:52:11.290945Z"}
HTTP Request: GET https://jurisprudencia.cc.gob.gt/Sentencias/810365.1447-2008.pdf "HTTP/1.1 200 OK"
{"url": "https://jurisprudencia.cc.gob.gt/Sentencias/810365.1447-2008.pdf", "status": 200, "bytes": 158885, "outcome": "ok", "attempts": 1, "event": "http", "level": "info", "timestamp": "2026-08-30T13:52:13.411604Z"}
HTTP Request: GET https://jurisprudencia.cc.gob.gt/Sentencias/828670.2779-2014.pdf "HTTP/1.1 200 OK"
{"url": "https://jurisprudencia.cc.gob.gt/Sentencias/828670.2779-2014.pdf", "status": 200, "bytes": 174795, "outcome": "ok", "attempts": 1, "event": "http", "level": "info", "timestamp": "2026-08-30T13:52:15.198673Z"}
HTTP Request: GET https://jurisprudencia.cc.gob.gt/Sentencias/854906.1391-2023.pdf "HTTP/1.1 200 OK"
{"url": "https://jurisprudencia.cc.gob.gt/Sentencias/854906.1391-2023.pdf", "status": 200, "bytes": 3226769, "outcome": "ok", "attempts": 1, "event": "http", "level": "info", "timestamp": "2026-08-30T13:52:18.465115Z"}
{"url": "https://jurisprudencia.cc.gob.gt/Sentencias/840016.1925-2018.pdf", "from_cache": true, "outcome": "ok", "event": "http", "level": "info", "timestamp": "2026-08-30T13:52:18.533325Z"}
HTTP Request: GET https://jurisprudencia.cc.gob.gt/Sentencias/851816.2085-2022.pdf "HTTP/1.1 200 OK"
{"url": "https://jurisprudencia.cc.gob.gt/Sentencias/851816.2085-2022.pdf", "status": 200, "bytes": 825098, "outcome": "ok", "attempts": 1, "event": "http", "level": "info", "timestamp": "2026-08-30T13:52:19.743670Z"}
HTTP Request: GET https://jurisprudencia.cc.gob.gt/Sentencias/828559.2244-2014.pdf "HTTP/1.1 200 OK"
{"url": "https://jurisprudencia.cc.gob.gt/Sentencias/828559.2244-2014.pdf", "status": 200, "bytes": 179427, "outcome": "ok", "attempts": 1, "event": "http", "level": "info", "timestamp": "2026-08-30T13:52:21.959814Z"}
HTTP Request: GET https://jurisprudencia.cc.gob.gt/Sentencias/811967.2072-2008.pdf "HTTP/1.1 200 OK"
{"url": "https://jurisprudencia.cc.gob.gt/Sentencias/811967.2072-2008.pdf", "status": 200, "bytes": 159242, "outcome": "ok", "attempts": 1, "event": "http", "level": "info", "timestamp": "2026-08-30T13:52:23.760575Z"}
HTTP Request: GET https://jurisprudencia.cc.gob.gt/Sentencias/801085.446-2005.pdf "HTTP/1.1 200 OK"
{"url": "https://jurisprudencia.cc.gob.gt/Sentencias/801085.446-2005.pdf", "status": 200, "bytes": 140017, "outcome": "ok", "attempts": 1, "event": "http", "level": "info", "timestamp": "2026-08-30T13:52:25.944502Z"}
HTTP Request: GET https://jurisprudencia.cc.gob.gt/Sentencias/810379.542-2009.pdf "HTTP/1.1 200 OK"
{"url": "https://jurisprudencia.cc.gob.gt/Sentencias/810379.542-2009.pdf", "status": 200, "bytes": 256637, "outcome": "ok", "attempts": 1, "event": "http", "level": "info", "timestamp": "2026-08-30T13:52:27.919375Z"}
HTTP Request: GET https://jurisprudencia.cc.gob.gt/Sentencias/817946.708-2011.pdf "HTTP/1.1 200 OK"
{"url": "https://jurisprudencia.cc.gob.gt/Sentencias/817946.708-2011.pdf", "status": 200, "bytes": 190204, "outcome": "ok", "attempts": 1, "event": "http", "level": "info", "timestamp": "2026-08-30T13:52:29.965142Z"}
HTTP Request: GET https://jurisprudencia.cc.gob.gt/Sentencias/819599.5036-2011.pdf "HTTP/1.1 200 OK"
{"url": "https://jurisprudencia.cc.gob.gt/Sentencias/819599.5036-2011.pdf", "status": 200, "bytes": 176067, "outcome": "ok", "attempts": 1, "event": "http", "level": "info", "timestamp": "2026-08-30T13:52:31.840561Z"}
HTTP Request: GET https://jurisprudencia.cc.gob.gt/Sentencias/842090.2360-2018.pdf "HTTP/1.1 200 OK"
{"url": "https://jurisprudencia.cc.gob.gt/Sentencias/842090.2360-2018.pdf", "status": 200, "bytes": 452296, "outcome": "ok", "attempts": 1, "event": "http", "level": "info", "timestamp": "2026-08-30T13:52:33.441733Z"}
HTTP Request: GET https://jurisprudencia.cc.gob.gt/Sentencias/830462.1808-2015.pdf "HTTP/1.1 200 OK"
{"url": "https://jurisprudencia.cc.gob.gt/Sentencias/830462.1808-2015.pdf", "status": 200, "bytes": 192344, "outcome": "ok", "attempts": 1, "event": "http", "level": "info", "timestamp": "2026-08-30T13:52:35.266380Z"}
HTTP Request: GET https://jurisprudencia.cc.gob.gt/Sentencias/830308.2632-2014.pdf "HTTP/1.1 200 OK"
{"url": "https://jurisprudencia.cc.gob.gt/Sentencias/830308.2632-2014.pdf", "status": 200, "bytes": 233010, "outcome": "ok", "attempts": 1, "event": "http", "level": "info", "timestamp": "2026-08-30T13:52:37.021985Z"}
HTTP Request: GET https://jurisprudencia.cc.gob.gt/Sentencias/855750.7338-2023.pdf "HTTP/1.1 200 OK"
{"url": "https://jurisprudencia.cc.gob.gt/Sentencias/855750.7338-2023.pdf", "status": 200, "bytes": 3191499, "outcome": "ok", "attempts": 1, "event": "http", "level": "info", "timestamp": "2026-08-30T13:52:39.206975Z"}
HTTP Request: GET https://jurisprudencia.cc.gob.gt/Sentencias/848509.4303-2020.pdf "HTTP/1.1 200 OK"
{"url": "https://jurisprudencia.cc.gob.gt/Sentencias/848509.4303-2020.pdf", "status": 200, "bytes": 381447, "outcome": "ok", "attempts": 1, "event": "http", "level": "info", "timestamp": "2026-08-30T13:52:41.120948Z"}
HTTP Request: GET https://jurisprudencia.cc.gob.gt/Sentencias/822332.5221-2012.pdf "HTTP/1.1 200 OK"
{"url": "https://jurisprudencia.cc.gob.gt/Sentencias/822332.5221-2012.pdf", "status": 200, "bytes": 192402, "outcome": "ok", "attempts": 1, "event": "http", "level": "info", "timestamp": "2026-08-30T13:52:43.194984Z"}
HTTP Request: GET https://jurisprudencia.cc.gob.gt/Sentencias/845374.1554-2020.pdf "HTTP/1.1 200 OK"
{"url": "https://jurisprudencia.cc.gob.gt/Sentencias/845374.1554-2020.pdf", "status": 200, "bytes": 365349, "outcome": "ok", "attempts": 1, "event": "http", "level": "info", "timestamp": "2026-08-30T13:52:44.999481Z"}
HTTP Request: GET https://jurisprudencia.cc.gob.gt/Sentencias/807810.2355-2006.pdf "HTTP/1.1 200 OK"
{"url": "https://jurisprudencia.cc.gob.gt/Sentencias/807810.2355-2006.pdf", "status": 200, "bytes": 131254, "outcome": "ok", "attempts": 1, "event": "http", "level": "info", "timestamp": "2026-08-30T13:52:47.147357Z"}
HTTP Request: GET https://jurisprudencia.cc.gob.gt/Sentencias/855550.4385-2023.pdf "HTTP/1.1 200 OK"
{"url": "https://jurisprudencia.cc.gob.gt/Sentencias/855550.4385-2023.pdf", "status": 200, "bytes": 3037075, "outcome": "ok", "attempts": 1, "event": "http", "level": "info", "timestamp": "2026-08-30T13:52:49.070388Z"}
HTTP Request: GET https://jurisprudencia.cc.gob.gt/Sentencias/853600.3762-2023.pdf "HTTP/1.1 200 OK"
{"url": "https://jurisprudencia.cc.gob.gt/Sentencias/853600.3762-2023.pdf", "status": 200, "bytes": 1340917, "outcome": "ok", "attempts": 1, "event": "http", "level": "info", "timestamp": "2026-08-30T13:52:51.029874Z"}
HTTP Request: GET https://jurisprudencia.cc.gob.gt/Sentencias/820382.4947-2011.pdf "HTTP/1.1 200 OK"
{"url": "https://jurisprudencia.cc.gob.gt/Sentencias/820382.4947-2011.pdf", "status": 200, "bytes": 178577, "outcome": "ok", "attempts": 1, "event": "http", "level": "info", "timestamp": "2026-08-30T13:52:53.080328Z"}
HTTP Request: GET https://jurisprudencia.cc.gob.gt/Sentencias/844487.49-2020.pdf "HTTP/1.1 200 OK"
{"url": "https://jurisprudencia.cc.gob.gt/Sentencias/844487.49-2020.pdf", "status": 200, "bytes": 384293, "outcome": "ok", "attempts": 1, "event": "http", "level": "info", "timestamp": "2026-08-30T13:52:55.196930Z"}
{"url": "https://jurisprudencia.cc.gob.gt/Sentencias/845958.2036-2020.pdf", "from_cache": true, "outcome": "ok", "event": "http", "level": "info", "timestamp": "2026-08-30T13:52:55.273247Z"}
HTTP Request: GET https://jurisprudencia.cc.gob.gt/Sentencias/812027.1689-2008.pdf "HTTP/1.1 200 OK"
{"url": "https://jurisprudencia.cc.gob.gt/Sentencias/812027.1689-2008.pdf", "status": 200, "bytes": 249076, "outcome": "ok", "attempts": 1, "event": "http", "level": "info", "timestamp": "2026-08-30T13:52:57.614781Z"}
HTTP Request: GET https://jurisprudencia.cc.gob.gt/Sentencias/829896.2666-2015.pdf "HTTP/1.1 200 OK"
{"url": "https://jurisprudencia.cc.gob.gt/Sentencias/829896.2666-2015.pdf", "status": 200, "bytes": 190072, "outcome": "ok", "attempts": 1, "event": "http", "level": "info", "timestamp": "2026-08-30T13:52:59.407688Z"}
HTTP Request: GET https://jurisprudencia.cc.gob.gt/Sentencias/840516.2914-2018.pdf "HTTP/1.1 200 OK"
{"url": "https://jurisprudencia.cc.gob.gt/Sentencias/840516.2914-2018.pdf", "status": 200, "bytes": 497244, "outcome": "ok", "attempts": 1, "event": "http", "level": "info", "timestamp": "2026-08-30T13:53:01.528081Z"}
HTTP Request: GET https://jurisprudencia.cc.gob.gt/Sentencias/841901.5210-2018.pdf "HTTP/1.1 200 OK"
{"url": "https://jurisprudencia.cc.gob.gt/Sentencias/841901.5210-2018.pdf", "status": 200, "bytes": 407435, "outcome": "ok", "attempts": 1, "event": "http", "level": "info", "timestamp": "2026-08-30T13:53:03.232531Z"}
HTTP Request: GET https://jurisprudencia.cc.gob.gt/Sentencias/841652.533-2019.pdf "HTTP/1.1 200 OK"
{"url": "https://jurisprudencia.cc.gob.gt/Sentencias/841652.533-2019.pdf", "status": 200, "bytes": 412391, "outcome": "ok", "attempts": 1, "event": "http", "level": "info", "timestamp": "2026-08-30T13:53:05.296436Z"}
HTTP Request: GET https://jurisprudencia.cc.gob.gt/Sentencias/842059.6189-2018.pdf "HTTP/1.1 200 OK"
{"url": "https://jurisprudencia.cc.gob.gt/Sentencias/842059.6189-2018.pdf", "status": 200, "bytes": 444320, "outcome": "ok", "attempts": 1, "event": "http", "level": "info", "timestamp": "2026-08-30T13:53:07.617872Z"}
HTTP Request: GET https://jurisprudencia.cc.gob.gt/Sentencias/839801.5705-2017.pdf "HTTP/1.1 200 OK"
{"url": "https://jurisprudencia.cc.gob.gt/Sentencias/839801.5705-2017.pdf", "status": 200, "bytes": 522363, "outcome": "ok", "attempts": 1, "event": "http", "level": "info", "timestamp": "2026-08-30T13:53:09.224457Z"}
HTTP Request: GET https://jurisprudencia.cc.gob.gt/Sentencias/834045.1753-2016.pdf "HTTP/1.1 200 OK"
{"url": "https://jurisprudencia.cc.gob.gt/Sentencias/834045.1753-2016.pdf", "status": 200, "bytes": 484551, "outcome": "ok", "attempts": 1, "event": "http", "level": "info", "timestamp": "2026-08-30T13:53:11.272019Z"}
HTTP Request: GET https://jurisprudencia.cc.gob.gt/Sentencias/850419.6985-2021.pdf "HTTP/1.1 200 OK"
{"url": "https://jurisprudencia.cc.gob.gt/Sentencias/850419.6985-2021.pdf", "status": 200, "bytes": 922110, "outcome": "ok", "attempts": 1, "event": "http", "level": "info", "timestamp": "2026-08-30T13:53:13.460068Z"}
HTTP Request: GET https://jurisprudencia.cc.gob.gt/Sentencias/808938.857-2009.pdf "HTTP/1.1 200 OK"
{"url": "https://jurisprudencia.cc.gob.gt/Sentencias/808938.857-2009.pdf", "status": 200, "bytes": 176061, "outcome": "ok", "attempts": 1, "event": "http", "level": "info", "timestamp": "2026-08-30T13:53:15.135716Z"}
HTTP Request: GET https://jurisprudencia.cc.gob.gt/Sentencias/845644.367-2020.pdf "HTTP/1.1 200 OK"
{"url": "https://jurisprudencia.cc.gob.gt/Sentencias/845644.367-2020.pdf", "status": 200, "bytes": 259620, "outcome": "ok", "attempts": 1, "event": "http", "level": "info", "timestamp": "2026-08-30T13:53:16.891888Z"}
HTTP Request: GET https://jurisprudencia.cc.gob.gt/Sentencias/824613.4325-2013.pdf "HTTP/1.1 200 OK"
{"url": "https://jurisprudencia.cc.gob.gt/Sentencias/824613.4325-2013.pdf", "status": 200, "bytes": 166473, "outcome": "ok", "attempts": 1, "event": "http", "level": "info", "timestamp": "2026-08-30T13:53:19.176146Z"}
HTTP Request: GET https://jurisprudencia.cc.gob.gt/Sentencias/827459.4748-2014.pdf "HTTP/1.1 200 OK"
{"url": "https://jurisprudencia.cc.gob.gt/Sentencias/827459.4748-2014.pdf", "status": 200, "bytes": 97699, "outcome": "ok", "attempts": 1, "event": "http", "level": "info", "timestamp": "2026-08-30T13:53:21.672661Z"}
HTTP Request: GET https://jurisprudencia.cc.gob.gt/Sentencias/852096.5671-2022.pdf "HTTP/1.1 200 OK"
{"url": "https://jurisprudencia.cc.gob.gt/Sentencias/852096.5671-2022.pdf", "status": 200, "bytes": 687241, "outcome": "ok", "attempts": 1, "event": "http", "level": "info", "timestamp": "2026-08-30T13:53:23.468520Z"}
HTTP Request: GET https://jurisprudencia.cc.gob.gt/Sentencias/808916.4211-2009.pdf "HTTP/1.1 200 OK"
{"url": "https://jurisprudencia.cc.gob.gt/Sentencias/808916.4211-2009.pdf", "status": 200, "bytes": 137928, "outcome": "ok", "attempts": 1, "event": "http", "level": "info", "timestamp": "2026-08-30T13:53:25.721030Z"}
HTTP Request: GET https://jurisprudencia.cc.gob.gt/Sentencias/850430.530-2022.pdf "HTTP/1.1 200 OK"
{"url": "https://jurisprudencia.cc.gob.gt/Sentencias/850430.530-2022.pdf", "status": 200, "bytes": 854896, "outcome": "ok", "attempts": 1, "event": "http", "level": "info", "timestamp": "2026-08-30T13:53:27.799479Z"}
HTTP Request: GET https://jurisprudencia.cc.gob.gt/Sentencias/855249.4131-2023.pdf "HTTP/1.1 200 OK"
{"url": "https://jurisprudencia.cc.gob.gt/Sentencias/855249.4131-2023.pdf", "status": 200, "bytes": 3203357, "outcome": "ok", "attempts": 1, "event": "http", "level": "info", "timestamp": "2026-08-30T13:53:29.603472Z"}
HTTP Request: GET https://jurisprudencia.cc.gob.gt/Sentencias/831349.323-2016.pdf "HTTP/1.1 200 OK"
{"url": "https://jurisprudencia.cc.gob.gt/Sentencias/831349.323-2016.pdf", "status": 200, "bytes": 212570, "outcome": "ok", "attempts": 1, "event": "http", "level": "info", "timestamp": "2026-08-30T13:53:31.396625Z"}
HTTP Request: GET https://jurisprudencia.cc.gob.gt/Sentencias/828395.5180-2013.pdf "HTTP/1.1 200 OK"
{"url": "https://jurisprudencia.cc.gob.gt/Sentencias/828395.5180-2013.pdf", "status": 200, "bytes": 169088, "outcome": "ok", "attempts": 1, "event": "http", "level": "info", "timestamp": "2026-08-30T13:53:33.540399Z"}
HTTP Request: GET https://jurisprudencia.cc.gob.gt/Sentencias/847887.2940-2021.pdf "HTTP/1.1 200 OK"
{"url": "https://jurisprudencia.cc.gob.gt/Sentencias/847887.2940-2021.pdf", "status": 200, "bytes": 271647, "outcome": "ok", "attempts": 1, "event": "http", "level": "info", "timestamp": "2026-08-30T13:53:35.280322Z"}
HTTP Request: GET https://jurisprudencia.cc.gob.gt/Sentencias/845488.6840-2019.pdf "HTTP/1.1 200 OK"
{"url": "https://jurisprudencia.cc.gob.gt/Sentencias/845488.6840-2019.pdf", "status": 200, "bytes": 308499, "outcome": "ok", "attempts": 1, "event": "http", "level": "info", "timestamp": "2026-08-30T13:53:37.471029Z"}
HTTP Request: GET https://jurisprudencia.cc.gob.gt/Sentencias/856282.6983-2023.pdf "HTTP/1.1 200 OK"
{"url": "https://jurisprudencia.cc.gob.gt/Sentencias/856282.6983-2023.pdf", "status": 200, "bytes": 4056817, "outcome": "ok", "attempts": 1, "event": "http", "level": "info", "timestamp": "2026-08-30T13:53:39.812596Z"}
HTTP Request: GET https://jurisprudencia.cc.gob.gt/Sentencias/841025.5886-2015.pdf "HTTP/1.1 200 OK"
{"url": "https://jurisprudencia.cc.gob.gt/Sentencias/841025.5886-2015.pdf", "status": 200, "bytes": 393482, "outcome": "ok", "attempts": 1, "event": "http", "level": "info", "timestamp": "2026-08-30T13:53:41.520965Z"}
HTTP Request: GET https://jurisprudencia.cc.gob.gt/Sentencias/803004.2065-2006.pdf "HTTP/1.1 200 OK"
{"url": "https://jurisprudencia.cc.gob.gt/Sentencias/803004.2065-2006.pdf", "status": 200, "bytes": 243234, "outcome": "ok", "attempts": 1, "event": "http", "level": "info", "timestamp": "2026-08-30T13:53:43.443554Z"}
HTTP Request: GET https://jurisprudencia.cc.gob.gt/Sentencias/852450.6252-2021%20y%206330-2021.pdf "HTTP/1.1 200 OK"
{"url": "https://jurisprudencia.cc.gob.gt/Sentencias/852450.6252-2021%20y%206330-2021.pdf", "status": 200, "bytes": 890662, "outcome": "ok", "attempts": 1, "event": "http", "level": "info", "timestamp": "2026-08-30T13:53:45.562052Z"}
HTTP Request: GET https://jurisprudencia.cc.gob.gt/Sentencias/837712.690-2017.pdf "HTTP/1.1 200 OK"
{"url": "https://jurisprudencia.cc.gob.gt/Sentencias/837712.690-2017.pdf", "status": 200, "bytes": 284526, "outcome": "ok", "attempts": 1, "event": "http", "level": "info", "timestamp": "2026-08-30T13:53:47.322539Z"}
HTTP Request: GET https://jurisprudencia.cc.gob.gt/Sentencias/829185.1730-2015.pdf "HTTP/1.1 200 OK"
{"url": "https://jurisprudencia.cc.gob.gt/Sentencias/829185.1730-2015.pdf", "status": 200, "bytes": 192290, "outcome": "ok", "attempts": 1, "event": "http", "level": "info", "timestamp": "2026-08-30T13:53:49.218168Z"}
HTTP Request: GET https://jurisprudencia.cc.gob.gt/Sentencias/806587.122-2005.pdf "HTTP/1.1 200 OK"
{"url": "https://jurisprudencia.cc.gob.gt/Sentencias/806587.122-2005.pdf", "status": 200, "bytes": 176878, "outcome": "ok", "attempts": 1, "event": "http", "level": "info", "timestamp": "2026-08-30T13:53:51.048729Z"}
HTTP Request: GET https://jurisprudencia.cc.gob.gt/Sentencias/829331.2228-2014.pdf "HTTP/1.1 200 OK"
{"url": "https://jurisprudencia.cc.gob.gt/Sentencias/829331.2228-2014.pdf", "status": 200, "bytes": 259627, "outcome": "ok", "attempts": 1, "event": "http", "level": "info", "timestamp": "2026-08-30T13:53:52.939648Z"}
HTTP Request: GET https://jurisprudencia.cc.gob.gt/Sentencias/853617.4253-2023.pdf "HTTP/1.1 200 OK"
{"url": "https://jurisprudencia.cc.gob.gt/Sentencias/853617.4253-2023.pdf", "status": 200, "bytes": 969291, "outcome": "ok", "attempts": 1, "event": "http", "level": "info", "timestamp": "2026-08-30T13:53:55.032279Z"}
HTTP Request: GET https://jurisprudencia.cc.gob.gt/Sentencias/847098.980-2021.pdf "HTTP/1.1 200 OK"
{"url": "https://jurisprudencia.cc.gob.gt/Sentencias/847098.980-2021.pdf", "status": 200, "bytes": 331131, "outcome": "ok", "attempts": 1, "event": "http", "level": "info", "timestamp": "2026-08-30T13:53:56.962592Z"}
HTTP Request: GET https://jurisprudencia.cc.gob.gt/Sentencias/855357.5422-2023.pdf "HTTP/1.1 200 OK"
{"url": "https://jurisprudencia.cc.gob.gt/Sentencias/855357.5422-2023.pdf", "status": 200, "bytes": 4269731, "outcome": "ok", "attempts": 1, "event": "http", "level": "info", "timestamp": "2026-08-30T13:53:59.332798Z"}
{"procesados": 1200, "por_regla": 1110, "event": "avance", "level": "info", "timestamp": "2026-08-30T13:53:59.430166Z"}
HTTP Request: GET https://jurisprudencia.cc.gob.gt/Sentencias/806792.395-2006.pdf "HTTP/1.1 200 OK"
{"url": "https://jurisprudencia.cc.gob.gt/Sentencias/806792.395-2006.pdf", "status": 200, "bytes": 173602, "outcome": "ok", "attempts": 1, "event": "http", "level": "info", "timestamp": "2026-08-30T13:54:01.113486Z"}
HTTP Request: GET https://jurisprudencia.cc.gob.gt/Sentencias/852740.4954-2022.pdf "HTTP/1.1 200 OK"
{"url": "https://jurisprudencia.cc.gob.gt/Sentencias/852740.4954-2022.pdf", "status": 200, "bytes": 716375, "outcome": "ok", "attempts": 1, "event": "http", "level": "info", "timestamp": "2026-08-30T13:54:03.489592Z"}
HTTP Request: GET https://jurisprudencia.cc.gob.gt/Sentencias/798307.1105-2003.pdf "HTTP/1.1 200 OK"
{"url": "https://jurisprudencia.cc.gob.gt/Sentencias/798307.1105-2003.pdf", "status": 200, "bytes": 70434, "outcome": "ok", "attempts": 1, "event": "http", "level": "info", "timestamp": "2026-08-30T13:54:05.243163Z"}
{"url": "https://jurisprudencia.cc.gob.gt/Sentencias/850871.4059-2022.pdf", "from_cache": true, "outcome": "ok", "event": "http", "level": "info", "timestamp": "2026-08-30T13:54:05.305651Z"}
HTTP Request: GET https://jurisprudencia.cc.gob.gt/Sentencias/816884.1670-2004.pdf "HTTP/1.1 200 OK"
{"url": "https://jurisprudencia.cc.gob.gt/Sentencias/816884.1670-2004.pdf", "status": 200, "bytes": 190064, "outcome": "ok", "attempts": 1, "event": "http", "level": "info", "timestamp": "2026-08-30T13:54:07.399212Z"}
HTTP Request: GET https://jurisprudencia.cc.gob.gt/Sentencias/850704.1754-2022.pdf "HTTP/1.1 200 OK"
{"url": "https://jurisprudencia.cc.gob.gt/Sentencias/850704.1754-2022.pdf", "status": 200, "bytes": 678476, "outcome": "ok", "attempts": 1, "event": "http", "level": "info", "timestamp": "2026-08-30T13:54:09.206126Z"}
HTTP Request: GET https://jurisprudencia.cc.gob.gt/Sentencias/817037.2163-2010.pdf "HTTP/1.1 200 OK"
{"url": "https://jurisprudencia.cc.gob.gt/Sentencias/817037.2163-2010.pdf", "status": 200, "bytes": 131435, "outcome": "ok", "attempts": 1, "event": "http", "level": "info", "timestamp": "2026-08-30T13:54:11.185601Z"}
HTTP Request: GET https://jurisprudencia.cc.gob.gt/Sentencias/810095.715-2009.pdf "HTTP/1.1 200 OK"
{"url": "https://jurisprudencia.cc.gob.gt/Sentencias/810095.715-2009.pdf", "status": 200, "bytes": 231920, "outcome": "ok", "attempts": 1, "event": "http", "level": "info", "timestamp": "2026-08-30T13:54:13.090542Z"}
HTTP Request: GET https://jurisprudencia.cc.gob.gt/Sentencias/819009.2056-2011.pdf "HTTP/1.1 200 OK"
{"url": "https://jurisprudencia.cc.gob.gt/Sentencias/819009.2056-2011.pdf", "status": 200, "bytes": 137728, "outcome": "ok", "attempts": 1, "event": "http", "level": "info", "timestamp": "2026-08-30T13:54:14.986345Z"}
HTTP Request: GET https://jurisprudencia.cc.gob.gt/Sentencias/832400.2690-2015.pdf "HTTP/1.1 200 OK"
{"url": "https://jurisprudencia.cc.gob.gt/Sentencias/832400.2690-2015.pdf", "status": 200, "bytes": 156079, "outcome": "ok", "attempts": 1, "event": "http", "level": "info", "timestamp": "2026-08-30T13:54:17.237941Z"}
HTTP Request: GET https://jurisprudencia.cc.gob.gt/Sentencias/811228.3735-2008.pdf "HTTP/1.1 200 OK"
{"url": "https://jurisprudencia.cc.gob.gt/Sentencias/811228.3735-2008.pdf", "status": 200, "bytes": 156770, "outcome": "ok", "attempts": 1, "event": "http", "level": "info", "timestamp": "2026-08-30T13:54:19.347310Z"}
HTTP Request: GET https://jurisprudencia.cc.gob.gt/Sentencias/837764.324-2017.pdf "HTTP/1.1 200 OK"
{"url": "https://jurisprudencia.cc.gob.gt/Sentencias/837764.324-2017.pdf", "status": 200, "bytes": 347681, "outcome": "ok", "attempts": 1, "event": "http", "level": "info", "timestamp": "2026-08-30T13:54:21.729474Z"}
HTTP Request: GET https://jurisprudencia.cc.gob.gt/Sentencias/831359.1256-2016.pdf "HTTP/1.1 200 OK"
{"url": "https://jurisprudencia.cc.gob.gt/Sentencias/831359.1256-2016.pdf", "status": 200, "bytes": 265228, "outcome": "ok", "attempts": 1, "event": "http", "level": "info", "timestamp": "2026-08-30T13:54:23.728514Z"}
HTTP Request: GET https://jurisprudencia.cc.gob.gt/Sentencias/839021.1064-2018.pdf "HTTP/1.1 200 OK"
{"url": "https://jurisprudencia.cc.gob.gt/Sentencias/839021.1064-2018.pdf", "status": 200, "bytes": 403719, "outcome": "ok", "attempts": 1, "event": "http", "level": "info", "timestamp": "2026-08-30T13:54:25.567103Z"}
HTTP Request: GET https://jurisprudencia.cc.gob.gt/Sentencias/839416.38-2018.pdf "HTTP/1.1 200 OK"
{"url": "https://jurisprudencia.cc.gob.gt/Sentencias/839416.38-2018.pdf", "status": 200, "bytes": 561456, "outcome": "ok", "attempts": 1, "event": "http", "level": "info", "timestamp": "2026-08-30T13:54:27.451318Z"}
HTTP Request: GET https://jurisprudencia.cc.gob.gt/Sentencias/818389.1291-2011%20y%201312-2011.pdf "HTTP/1.1 200 OK"
{"url": "https://jurisprudencia.cc.gob.gt/Sentencias/818389.1291-2011%20y%201312-2011.pdf", "status": 200, "bytes": 189598, "outcome": "ok", "attempts": 1, "event": "http", "level": "info", "timestamp": "2026-08-30T13:54:28.979320Z"}
HTTP Request: GET https://jurisprudencia.cc.gob.gt/Sentencias/835199.686-2017.pdf "HTTP/1.1 200 OK"
{"url": "https://jurisprudencia.cc.gob.gt/Sentencias/835199.686-2017.pdf", "status": 200, "bytes": 675425, "outcome": "ok", "attempts": 1, "event": "http", "level": "info", "timestamp": "2026-08-30T13:54:31.429237Z"}
HTTP Request: GET https://jurisprudencia.cc.gob.gt/Sentencias/817035.187-2011.pdf "HTTP/1.1 200 OK"
{"url": "https://jurisprudencia.cc.gob.gt/Sentencias/817035.187-2011.pdf", "status": 200, "bytes": 175632, "outcome": "ok", "attempts": 1, "event": "http", "level": "info", "timestamp": "2026-08-30T13:54:32.852779Z"}
HTTP Request: GET https://jurisprudencia.cc.gob.gt/Sentencias/844692.7053-2019.pdf "HTTP/1.1 200 OK"
{"url": "https://jurisprudencia.cc.gob.gt/Sentencias/844692.7053-2019.pdf", "status": 200, "bytes": 267811, "outcome": "ok", "attempts": 1, "event": "http", "level": "info", "timestamp": "2026-08-30T13:54:35.270505Z"}
{"url": "https://jurisprudencia.cc.gob.gt/Sentencias/846725.3232-2020%20y%203327-2020.pdf", "from_cache": true, "outcome": "ok", "event": "http", "level": "info", "timestamp": "2026-08-30T13:54:35.344046Z"}
HTTP Request: GET https://jurisprudencia.cc.gob.gt/Sentencias/840645.1551-2018.pdf "HTTP/1.1 200 OK"
{"url": "https://jurisprudencia.cc.gob.gt/Sentencias/840645.1551-2018.pdf", "status": 200, "bytes": 520745, "outcome": "ok", "attempts": 1, "event": "http", "level": "info", "timestamp": "2026-08-30T13:54:37.089048Z"}
HTTP Request: GET https://jurisprudencia.cc.gob.gt/Sentencias/806575.877-2005.pdf "HTTP/1.1 200 OK"
{"url": "https://jurisprudencia.cc.gob.gt/Sentencias/806575.877-2005.pdf", "status": 200, "bytes": 191360, "outcome": "ok", "attempts": 1, "event": "http", "level": "info", "timestamp": "2026-08-30T13:54:39.008418Z"}
HTTP Request: GET https://jurisprudencia.cc.gob.gt/Sentencias/836328.1378-2013.pdf "HTTP/1.1 200 OK"
{"url": "https://jurisprudencia.cc.gob.gt/Sentencias/836328.1378-2013.pdf", "status": 200, "bytes": 315626, "outcome": "ok", "attempts": 1, "event": "http", "level": "info", "timestamp": "2026-08-30T13:54:40.745900Z"}
HTTP Request: GET https://jurisprudencia.cc.gob.gt/Sentencias/855265.6351-2023.pdf "HTTP/1.1 200 OK"
{"url": "https://jurisprudencia.cc.gob.gt/Sentencias/855265.6351-2023.pdf", "status": 200, "bytes": 4044169, "outcome": "ok", "attempts": 1, "event": "http", "level": "info", "timestamp": "2026-08-30T13:54:43.088768Z"}
HTTP Request: GET https://jurisprudencia.cc.gob.gt/Sentencias/831270.5132-2015.pdf "HTTP/1.1 200 OK"
{"url": "https://jurisprudencia.cc.gob.gt/Sentencias/831270.5132-2015.pdf", "status": 200, "bytes": 214820, "outcome": "ok", "attempts": 1, "event": "http", "level": "info", "timestamp": "2026-08-30T13:54:44.508099Z"}
HTTP Request: GET https://jurisprudencia.cc.gob.gt/Sentencias/834944.1672-2016.pdf "HTTP/1.1 200 OK"
{"url": "https://jurisprudencia.cc.gob.gt/Sentencias/834944.1672-2016.pdf", "status": 200, "bytes": 460057, "outcome": "ok", "attempts": 1, "event": "http", "level": "info", "timestamp": "2026-08-30T13:54:46.220324Z"}
HTTP Request: GET https://jurisprudencia.cc.gob.gt/Sentencias/822363.4334-2012.pdf "HTTP/1.1 200 OK"
{"url": "https://jurisprudencia.cc.gob.gt/Sentencias/822363.4334-2012.pdf", "status": 200, "bytes": 136677, "outcome": "ok", "attempts": 1, "event": "http", "level": "info", "timestamp": "2026-08-30T13:54:48.301125Z"}
HTTP Request: GET https://jurisprudencia.cc.gob.gt/Sentencias/806508.2161-2004.pdf "HTTP/1.1 200 OK"
{"url": "https://jurisprudencia.cc.gob.gt/Sentencias/806508.2161-2004.pdf", "status": 200, "bytes": 173206, "outcome": "ok", "attempts": 1, "event": "http", "level": "info", "timestamp": "2026-08-30T13:54:50.540448Z"}
HTTP Request: GET https://jurisprudencia.cc.gob.gt/Sentencias/790255.1820-2004.pdf "HTTP/1.1 200 OK"
{"url": "https://jurisprudencia.cc.gob.gt/Sentencias/790255.1820-2004.pdf", "status": 200, "bytes": 256190, "outcome": "ok", "attempts": 1, "event": "http", "level": "info", "timestamp": "2026-08-30T13:54:52.479926Z"}
HTTP Request: GET https://jurisprudencia.cc.gob.gt/Sentencias/799715.2416-2004.pdf "HTTP/1.1 200 OK"
{"url": "https://jurisprudencia.cc.gob.gt/Sentencias/799715.2416-2004.pdf", "status": 200, "bytes": 67917, "outcome": "ok", "attempts": 1, "event": "http", "level": "info", "timestamp": "2026-08-30T13:54:54.703833Z"}
HTTP Request: GET https://jurisprudencia.cc.gob.gt/Sentencias/847095.71-2021.pdf "HTTP/1.1 200 OK"
{"url": "https://jurisprudencia.cc.gob.gt/Sentencias/847095.71-2021.pdf", "status": 200, "bytes": 406787, "outcome": "ok", "attempts": 1, "event": "http", "level": "info", "timestamp": "2026-08-30T13:54:56.421595Z"}
HTTP Request: GET https://jurisprudencia.cc.gob.gt/Sentencias/823774.1114-2013%20y%201115-2013.pdf "HTTP/1.1 200 OK"
{"url": "https://jurisprudencia.cc.gob.gt/Sentencias/823774.1114-2013%20y%201115-2013.pdf", "status": 200, "bytes": 143426, "outcome": "ok", "attempts": 1, "event": "http", "level": "info", "timestamp": "2026-08-30T13:54:57.972667Z"}
HTTP Request: GET https://jurisprudencia.cc.gob.gt/Sentencias/834199.4651-2016.pdf "HTTP/1.1 200 OK"
{"url": "https://jurisprudencia.cc.gob.gt/Sentencias/834199.4651-2016.pdf", "status": 200, "bytes": 229441, "outcome": "ok", "attempts": 1, "event": "http", "level": "info", "timestamp": "2026-08-30T13:54:59.977315Z"}
HTTP Request: GET https://jurisprudencia.cc.gob.gt/Sentencias/817721.2534-2010.pdf "HTTP/1.1 200 OK"
{"url": "https://jurisprudencia.cc.gob.gt/Sentencias/817721.2534-2010.pdf", "status": 200, "bytes": 167971, "outcome": "ok", "attempts": 1, "event": "http", "level": "info", "timestamp": "2026-08-30T13:55:02.327067Z"}
HTTP Request: GET https://jurisprudencia.cc.gob.gt/Sentencias/852779.1172-2022.pdf "HTTP/1.1 200 OK"
{"url": "https://jurisprudencia.cc.gob.gt/Sentencias/852779.1172-2022.pdf", "status": 200, "bytes": 1068331, "outcome": "ok", "attempts": 1, "event": "http", "level": "info", "timestamp": "2026-08-30T13:55:04.444442Z"}
HTTP Request: GET https://jurisprudencia.cc.gob.gt/Sentencias/845742.2029-2020.pdf "HTTP/1.1 200 OK"
{"url": "https://jurisprudencia.cc.gob.gt/Sentencias/845742.2029-2020.pdf", "status": 200, "bytes": 384448, "outcome": "ok", "attempts": 1, "event": "http", "level": "info", "timestamp": "2026-08-30T13:55:06.614778Z"}
HTTP Request: GET https://jurisprudencia.cc.gob.gt/Sentencias/851507.6959-2022.pdf "HTTP/1.1 200 OK"
{"url": "https://jurisprudencia.cc.gob.gt/Sentencias/851507.6959-2022.pdf", "status": 200, "bytes": 843308, "outcome": "ok", "attempts": 1, "event": "http", "level": "info", "timestamp": "2026-08-30T13:55:08.625674Z"}
HTTP Request: GET https://jurisprudencia.cc.gob.gt/Sentencias/803116.559-2007.pdf "HTTP/1.1 200 OK"
{"url": "https://jurisprudencia.cc.gob.gt/Sentencias/803116.559-2007.pdf", "status": 200, "bytes": 139272, "outcome": "ok", "attempts": 1, "event": "http", "level": "info", "timestamp": "2026-08-30T13:55:10.842950Z"}
HTTP Request: GET https://jurisprudencia.cc.gob.gt/Sentencias/828537.4388-2014.pdf "HTTP/1.1 200 OK"
{"url": "https://jurisprudencia.cc.gob.gt/Sentencias/828537.4388-2014.pdf", "status": 200, "bytes": 187297, "outcome": "ok", "attempts": 1, "event": "http", "level": "info", "timestamp": "2026-08-30T13:55:12.851690Z"}
HTTP Request: GET https://jurisprudencia.cc.gob.gt/Sentencias/798398.535-2003.pdf "HTTP/1.1 200 OK"
{"url": "https://jurisprudencia.cc.gob.gt/Sentencias/798398.535-2003.pdf", "status": 200, "bytes": 84988, "outcome": "ok", "attempts": 1, "event": "http", "level": "info", "timestamp": "2026-08-30T13:55:14.455315Z"}
HTTP Request: GET https://jurisprudencia.cc.gob.gt/Sentencias/839586.6133-2017.pdf "HTTP/1.1 200 OK"
{"url": "https://jurisprudencia.cc.gob.gt/Sentencias/839586.6133-2017.pdf", "status": 200, "bytes": 438947, "outcome": "ok", "attempts": 1, "event": "http", "level": "info", "timestamp": "2026-08-30T13:55:16.714622Z"}
HTTP Request: GET https://jurisprudencia.cc.gob.gt/Sentencias/845040.4411-2019.pdf "HTTP/1.1 200 OK"
{"url": "https://jurisprudencia.cc.gob.gt/Sentencias/845040.4411-2019.pdf", "status": 200, "bytes": 280274, "outcome": "ok", "attempts": 1, "event": "http", "level": "info", "timestamp": "2026-08-30T13:55:18.410785Z"}
HTTP Request: GET https://jurisprudencia.cc.gob.gt/Sentencias/824935.3700-2013.pdf "HTTP/1.1 200 OK"
{"url": "https://jurisprudencia.cc.gob.gt/Sentencias/824935.3700-2013.pdf", "status": 200, "bytes": 135839, "outcome": "ok", "attempts": 1, "event": "http", "level": "info", "timestamp": "2026-08-30T13:55:20.395566Z"}
HTTP Request: GET https://jurisprudencia.cc.gob.gt/Sentencias/806771.2951-2005.pdf "HTTP/1.1 200 OK"
{"url": "https://jurisprudencia.cc.gob.gt/Sentencias/806771.2951-2005.pdf", "status": 200, "bytes": 188539, "outcome": "ok", "attempts": 1, "event": "http", "level": "info", "timestamp": "2026-08-30T13:55:22.384370Z"}
HTTP Request: GET https://jurisprudencia.cc.gob.gt/Sentencias/844945.6223-2019.pdf "HTTP/1.1 200 OK"
{"url": "https://jurisprudencia.cc.gob.gt/Sentencias/844945.6223-2019.pdf", "status": 200, "bytes": 241623, "outcome": "ok", "attempts": 1, "event": "http", "level": "info", "timestamp": "2026-08-30T13:55:24.056740Z"}
HTTP Request: GET https://jurisprudencia.cc.gob.gt/Sentencias/835938.1984-2003.pdf "HTTP/1.1 200 OK"
{"url": "https://jurisprudencia.cc.gob.gt/Sentencias/835938.1984-2003.pdf", "status": 200, "bytes": 69485, "outcome": "ok", "attempts": 1, "event": "http", "level": "info", "timestamp": "2026-08-30T13:55:25.956291Z"}
HTTP Request: GET https://jurisprudencia.cc.gob.gt/Sentencias/848516.4720-2019.pdf "HTTP/1.1 200 OK"
{"url": "https://jurisprudencia.cc.gob.gt/Sentencias/848516.4720-2019.pdf", "status": 200, "bytes": 288091, "outcome": "ok", "attempts": 1, "event": "http", "level": "info", "timestamp": "2026-08-30T13:55:27.820059Z"}
HTTP Request: GET https://jurisprudencia.cc.gob.gt/Sentencias/826604.3782-2012.pdf "HTTP/1.1 200 OK"
{"url": "https://jurisprudencia.cc.gob.gt/Sentencias/826604.3782-2012.pdf", "status": 200, "bytes": 98238, "outcome": "ok", "attempts": 1, "event": "http", "level": "info", "timestamp": "2026-08-30T13:55:29.725512Z"}
HTTP Request: GET https://jurisprudencia.cc.gob.gt/Sentencias/798908.2110-2003.pdf "HTTP/1.1 200 OK"
{"url": "https://jurisprudencia.cc.gob.gt/Sentencias/798908.2110-2003.pdf", "status": 200, "bytes": 128640, "outcome": "ok", "attempts": 1, "event": "http", "level": "info", "timestamp": "2026-08-30T13:55:31.904503Z"}
HTTP Request: GET https://jurisprudencia.cc.gob.gt/Sentencias/812341.1738-2008.pdf "HTTP/1.1 200 OK"
{"url": "https://jurisprudencia.cc.gob.gt/Sentencias/812341.1738-2008.pdf", "status": 200, "bytes": 236795, "outcome": "ok", "attempts": 1, "event": "http", "level": "info", "timestamp": "2026-08-30T13:55:33.652666Z"}
HTTP Request: GET https://jurisprudencia.cc.gob.gt/Sentencias/850102.2414-2022%20y%202437-2022.pdf "HTTP/1.1 200 OK"
{"url": "https://jurisprudencia.cc.gob.gt/Sentencias/850102.2414-2022%20y%202437-2022.pdf", "status": 200, "bytes": 320476, "outcome": "ok", "attempts": 1, "event": "http", "level": "info", "timestamp": "2026-08-30T13:55:35.564233Z"}
HTTP Request: GET https://jurisprudencia.cc.gob.gt/Sentencias/839794.589-2018.pdf "HTTP/1.1 200 OK"
{"url": "https://jurisprudencia.cc.gob.gt/Sentencias/839794.589-2018.pdf", "status": 200, "bytes": 503597, "outcome": "ok", "attempts": 1, "event": "http", "level": "info", "timestamp": "2026-08-30T13:55:37.709796Z"}
HTTP Request: GET https://jurisprudencia.cc.gob.gt/Sentencias/854882.239-2023.pdf "HTTP/1.1 200 OK"
{"url": "https://jurisprudencia.cc.gob.gt/Sentencias/854882.239-2023.pdf", "status": 200, "bytes": 3819747, "outcome": "ok", "attempts": 1, "event": "http", "level": "info", "timestamp": "2026-08-30T13:55:40.271360Z"}
HTTP Request: GET https://jurisprudencia.cc.gob.gt/Sentencias/846587.3493-2020.pdf "HTTP/1.1 200 OK"
{"url": "https://jurisprudencia.cc.gob.gt/Sentencias/846587.3493-2020.pdf", "status": 200, "bytes": 295769, "outcome": "ok", "attempts": 1, "event": "http", "level": "info", "timestamp": "2026-08-30T13:55:41.857527Z"}
HTTP Request: GET https://jurisprudencia.cc.gob.gt/Sentencias/854265.4699-2023.pdf "HTTP/1.1 200 OK"
{"url": "https://jurisprudencia.cc.gob.gt/Sentencias/854265.4699-2023.pdf", "status": 200, "bytes": 3454110, "outcome": "ok", "attempts": 1, "event": "http", "level": "info", "timestamp": "2026-08-30T13:55:44.432777Z"}
HTTP Request: GET https://jurisprudencia.cc.gob.gt/Sentencias/824474.4010-2013.pdf "HTTP/1.1 200 OK"
{"url": "https://jurisprudencia.cc.gob.gt/Sentencias/824474.4010-2013.pdf", "status": 200, "bytes": 142777, "outcome": "ok", "attempts": 1, "event": "http", "level": "info", "timestamp": "2026-08-30T13:55:45.465129Z"}
HTTP Request: GET https://jurisprudencia.cc.gob.gt/Sentencias/853054.3031-2023.pdf "HTTP/1.1 200 OK"
{"url": "https://jurisprudencia.cc.gob.gt/Sentencias/853054.3031-2023.pdf", "status": 200, "bytes": 795976, "outcome": "ok", "attempts": 1, "event": "http", "level": "info", "timestamp": "2026-08-30T13:55:47.698682Z"}
HTTP Request: GET https://jurisprudencia.cc.gob.gt/Sentencias/841016.5037-2018.pdf "HTTP/1.1 200 OK"
{"url": "https://jurisprudencia.cc.gob.gt/Sentencias/841016.5037-2018.pdf", "status": 200, "bytes": 515964, "outcome": "ok", "attempts": 1, "event": "http", "level": "info", "timestamp": "2026-08-30T13:55:49.898286Z"}
HTTP Request: GET https://jurisprudencia.cc.gob.gt/Sentencias/822491.3722-2011.pdf "HTTP/1.1 200 OK"
{"url": "https://jurisprudencia.cc.gob.gt/Sentencias/822491.3722-2011.pdf", "status": 200, "bytes": 274666, "outcome": "ok", "attempts": 1, "event": "http", "level": "info", "timestamp": "2026-08-30T13:55:52.110276Z"}
HTTP Request: GET https://jurisprudencia.cc.gob.gt/Sentencias/851046.3359-2022.pdf "HTTP/1.1 200 OK"
{"url": "https://jurisprudencia.cc.gob.gt/Sentencias/851046.3359-2022.pdf", "status": 200, "bytes": 750331, "outcome": "ok", "attempts": 1, "event": "http", "level": "info", "timestamp": "2026-08-30T13:55:54.080240Z"}
HTTP Request: GET https://jurisprudencia.cc.gob.gt/Sentencias/835463.Voto%202130-2015.pdf "HTTP/1.1 200 OK"
{"url": "https://jurisprudencia.cc.gob.gt/Sentencias/835463.Voto%202130-2015.pdf", "status": 200, "bytes": 357350, "outcome": "ok", "attempts": 1, "event": "http", "level": "info", "timestamp": "2026-08-30T13:55:56.062078Z"}
HTTP Request: GET https://jurisprudencia.cc.gob.gt/Sentencias/819436.208-2012.pdf "HTTP/1.1 200 OK"
{"url": "https://jurisprudencia.cc.gob.gt/Sentencias/819436.208-2012.pdf", "status": 200, "bytes": 169704, "outcome": "ok", "attempts": 1, "event": "http", "level": "info", "timestamp": "2026-08-30T13:55:57.826278Z"}
HTTP Request: GET https://jurisprudencia.cc.gob.gt/Sentencias/809189.2983-2009.pdf "HTTP/1.1 404 Not Found"
{"url": "https://jurisprudencia.cc.gob.gt/Sentencias/809189.2983-2009.pdf", "status": 404, "bytes": 1282, "outcome": "http_error", "attempts": 1, "event": "http", "level": "info", "timestamp": "2026-08-30T13:55:59.968596Z"}
HTTP Request: GET https://jurisprudencia.cc.gob.gt/Sentencias/835980.550-2017.pdf "HTTP/1.1 200 OK"
{"url": "https://jurisprudencia.cc.gob.gt/Sentencias/835980.550-2017.pdf", "status": 200, "bytes": 356476, "outcome": "ok", "attempts": 1, "event": "http", "level": "info", "timestamp": "2026-08-30T13:56:01.792281Z"}
HTTP Request: GET https://jurisprudencia.cc.gob.gt/Sentencias/830159.5776-2014.pdf "HTTP/1.1 200 OK"
{"url": "https://jurisprudencia.cc.gob.gt/Sentencias/830159.5776-2014.pdf", "status": 200, "bytes": 86679, "outcome": "ok", "attempts": 1, "event": "http", "level": "info", "timestamp": "2026-08-30T13:56:04.235844Z"}
HTTP Request: GET https://jurisprudencia.cc.gob.gt/Sentencias/844667.6270-2019.pdf "HTTP/1.1 200 OK"
{"url": "https://jurisprudencia.cc.gob.gt/Sentencias/844667.6270-2019.pdf", "status": 200, "bytes": 320423, "outcome": "ok", "attempts": 1, "event": "http", "level": "info", "timestamp": "2026-08-30T13:56:06.180892Z"}
HTTP Request: GET https://jurisprudencia.cc.gob.gt/Sentencias/835251.524-2016.pdf "HTTP/1.1 200 OK"
{"url": "https://jurisprudencia.cc.gob.gt/Sentencias/835251.524-2016.pdf", "status": 200, "bytes": 188238, "outcome": "ok", "attempts": 1, "event": "http", "level": "info", "timestamp": "2026-08-30T13:56:07.914383Z"}
HTTP Request: GET https://jurisprudencia.cc.gob.gt/Sentencias/842366.2491-2019.pdf "HTTP/1.1 200 OK"
{"url": "https://jurisprudencia.cc.gob.gt/Sentencias/842366.2491-2019.pdf", "status": 200, "bytes": 483666, "outcome": "ok", "attempts": 1, "event": "http", "level": "info", "timestamp": "2026-08-30T13:56:10.188237Z"}
HTTP Request: GET https://jurisprudencia.cc.gob.gt/Sentencias/847972.3453-2021.pdf "HTTP/1.1 200 OK"
{"url": "https://jurisprudencia.cc.gob.gt/Sentencias/847972.3453-2021.pdf", "status": 200, "bytes": 338902, "outcome": "ok", "attempts": 1, "event": "http", "level": "info", "timestamp": "2026-08-30T13:56:12.220418Z"}
HTTP Request: GET https://jurisprudencia.cc.gob.gt/Sentencias/816908.2721-2010.pdf "HTTP/1.1 200 OK"
{"url": "https://jurisprudencia.cc.gob.gt/Sentencias/816908.2721-2010.pdf", "status": 200, "bytes": 170991, "outcome": "ok", "attempts": 1, "event": "http", "level": "info", "timestamp": "2026-08-30T13:56:14.064642Z"}
HTTP Request: GET https://jurisprudencia.cc.gob.gt/Sentencias/821732.3370-2012.pdf "HTTP/1.1 200 OK"
{"url": "https://jurisprudencia.cc.gob.gt/Sentencias/821732.3370-2012.pdf", "status": 200, "bytes": 141271, "outcome": "ok", "attempts": 1, "event": "http", "level": "info", "timestamp": "2026-08-30T13:56:15.811807Z"}
HTTP Request: GET https://jurisprudencia.cc.gob.gt/Sentencias/842224.2026-2019.pdf "HTTP/1.1 200 OK"
{"url": "https://jurisprudencia.cc.gob.gt/Sentencias/842224.2026-2019.pdf", "status": 200, "bytes": 451372, "outcome": "ok", "attempts": 1, "event": "http", "level": "info", "timestamp": "2026-08-30T13:56:17.696200Z"}
HTTP Request: GET https://jurisprudencia.cc.gob.gt/Sentencias/844597.1129-2019.pdf "HTTP/1.1 200 OK"
{"url": "https://jurisprudencia.cc.gob.gt/Sentencias/844597.1129-2019.pdf", "status": 200, "bytes": 287148, "outcome": "ok", "attempts": 1, "event": "http", "level": "info", "timestamp": "2026-08-30T13:56:19.339681Z"}
HTTP Request: GET https://jurisprudencia.cc.gob.gt/Sentencias/845728.6970-2019.pdf "HTTP/1.1 200 OK"
{"url": "https://jurisprudencia.cc.gob.gt/Sentencias/845728.6970-2019.pdf", "status": 200, "bytes": 385145, "outcome": "ok", "attempts": 1, "event": "http", "level": "info", "timestamp": "2026-08-30T13:56:21.472571Z"}
HTTP Request: GET https://jurisprudencia.cc.gob.gt/Sentencias/838898.314-2018.pdf "HTTP/1.1 200 OK"
{"url": "https://jurisprudencia.cc.gob.gt/Sentencias/838898.314-2018.pdf", "status": 200, "bytes": 255619, "outcome": "ok", "attempts": 1, "event": "http", "level": "info", "timestamp": "2026-08-30T13:56:23.227955Z"}
HTTP Request: GET https://jurisprudencia.cc.gob.gt/Sentencias/806869.2257-2005.pdf "HTTP/1.1 200 OK"
{"url": "https://jurisprudencia.cc.gob.gt/Sentencias/806869.2257-2005.pdf", "status": 200, "bytes": 181109, "outcome": "ok", "attempts": 1, "event": "http", "level": "info", "timestamp": "2026-08-30T13:56:24.903890Z"}
HTTP Request: GET https://jurisprudencia.cc.gob.gt/Sentencias/827659.1341-2014.pdf "HTTP/1.1 200 OK"
{"url": "https://jurisprudencia.cc.gob.gt/Sentencias/827659.1341-2014.pdf", "status": 200, "bytes": 184433, "outcome": "ok", "attempts": 1, "event": "http", "level": "info", "timestamp": "2026-08-30T13:56:27.298661Z"}
HTTP Request: GET https://jurisprudencia.cc.gob.gt/Sentencias/837849.5348-2016.pdf "HTTP/1.1 200 OK"
{"url": "https://jurisprudencia.cc.gob.gt/Sentencias/837849.5348-2016.pdf", "status": 200, "bytes": 306357, "outcome": "ok", "attempts": 1, "event": "http", "level": "info", "timestamp": "2026-08-30T13:56:29.412328Z"}
HTTP Request: GET https://jurisprudencia.cc.gob.gt/Sentencias/843928.5069-2018.pdf "HTTP/1.1 200 OK"
{"url": "https://jurisprudencia.cc.gob.gt/Sentencias/843928.5069-2018.pdf", "status": 200, "bytes": 229003, "outcome": "ok", "attempts": 1, "event": "http", "level": "info", "timestamp": "2026-08-30T13:56:31.227929Z"}
HTTP Request: GET https://jurisprudencia.cc.gob.gt/Sentencias/822357.4185-2012.pdf "HTTP/1.1 200 OK"
{"url": "https://jurisprudencia.cc.gob.gt/Sentencias/822357.4185-2012.pdf", "status": 200, "bytes": 189577, "outcome": "ok", "attempts": 1, "event": "http", "level": "info", "timestamp": "2026-08-30T13:56:33.497901Z"}
HTTP Request: GET https://jurisprudencia.cc.gob.gt/Sentencias/855216.6032-2023.pdf "HTTP/1.1 200 OK"
{"url": "https://jurisprudencia.cc.gob.gt/Sentencias/855216.6032-2023.pdf", "status": 200, "bytes": 3114979, "outcome": "ok", "attempts": 1, "event": "http", "level": "info", "timestamp": "2026-08-30T13:56:35.805574Z"}
HTTP Request: GET https://jurisprudencia.cc.gob.gt/Sentencias/818706.683-2011.pdf "HTTP/1.1 200 OK"
{"url": "https://jurisprudencia.cc.gob.gt/Sentencias/818706.683-2011.pdf", "status": 200, "bytes": 138476, "outcome": "ok", "attempts": 1, "event": "http", "level": "info", "timestamp": "2026-08-30T13:56:37.787628Z"}
HTTP Request: GET https://jurisprudencia.cc.gob.gt/Sentencias/856398.4518-2023.pdf "HTTP/1.1 200 OK"
{"url": "https://jurisprudencia.cc.gob.gt/Sentencias/856398.4518-2023.pdf", "status": 200, "bytes": 3192615, "outcome": "ok", "attempts": 1, "event": "http", "level": "info", "timestamp": "2026-08-30T13:56:40.706010Z"}
HTTP Request: GET https://jurisprudencia.cc.gob.gt/Sentencias/856572.6923-2023.pdf "HTTP/1.1 200 OK"
{"url": "https://jurisprudencia.cc.gob.gt/Sentencias/856572.6923-2023.pdf", "status": 200, "bytes": 3227649, "outcome": "ok", "attempts": 1, "event": "http", "level": "info", "timestamp": "2026-08-30T13:56:42.230878Z"}
HTTP Request: GET https://jurisprudencia.cc.gob.gt/Sentencias/835756.3679-2016.pdf "HTTP/1.1 200 OK"
{"url": "https://jurisprudencia.cc.gob.gt/Sentencias/835756.3679-2016.pdf", "status": 200, "bytes": 265482, "outcome": "ok", "attempts": 1, "event": "http", "level": "info", "timestamp": "2026-08-30T13:56:44.144624Z"}
HTTP Request: GET https://jurisprudencia.cc.gob.gt/Sentencias/857819.6269-2023.pdf "HTTP/1.1 200 OK"
{"url": "https://jurisprudencia.cc.gob.gt/Sentencias/857819.6269-2023.pdf", "status": 200, "bytes": 3129483, "outcome": "ok", "attempts": 1, "event": "http", "level": "info", "timestamp": "2026-08-30T13:56:46.032813Z"}
HTTP Request: GET https://jurisprudencia.cc.gob.gt/Sentencias/825642.69-2014.pdf "HTTP/1.1 200 OK"
{"url": "https://jurisprudencia.cc.gob.gt/Sentencias/825642.69-2014.pdf", "status": 200, "bytes": 173542, "outcome": "ok", "attempts": 1, "event": "http", "level": "info", "timestamp": "2026-08-30T13:56:47.592084Z"}
HTTP Request: GET https://jurisprudencia.cc.gob.gt/Sentencias/824630.4801-2012.pdf "HTTP/1.1 200 OK"
{"url": "https://jurisprudencia.cc.gob.gt/Sentencias/824630.4801-2012.pdf", "status": 200, "bytes": 149919, "outcome": "ok", "attempts": 1, "event": "http", "level": "info", "timestamp": "2026-08-30T13:56:49.520979Z"}
HTTP Request: GET https://jurisprudencia.cc.gob.gt/Sentencias/849948.6112-2021.pdf "HTTP/1.1 200 OK"
{"url": "https://jurisprudencia.cc.gob.gt/Sentencias/849948.6112-2021.pdf", "status": 200, "bytes": 421098, "outcome": "ok", "attempts": 1, "event": "http", "level": "info", "timestamp": "2026-08-30T13:56:51.301145Z"}
HTTP Request: GET https://jurisprudencia.cc.gob.gt/Sentencias/837272.2732-2017.pdf "HTTP/1.1 200 OK"
{"url": "https://jurisprudencia.cc.gob.gt/Sentencias/837272.2732-2017.pdf", "status": 200, "bytes": 295582, "outcome": "ok", "attempts": 1, "event": "http", "level": "info", "timestamp": "2026-08-30T13:56:53.216777Z"}
HTTP Request: GET https://jurisprudencia.cc.gob.gt/Sentencias/811517.2240-2008.pdf "HTTP/1.1 200 OK"
{"url": "https://jurisprudencia.cc.gob.gt/Sentencias/811517.2240-2008.pdf", "status": 200, "bytes": 156646, "outcome": "ok", "attempts": 1, "event": "http", "level": "info", "timestamp": "2026-08-30T13:56:54.836654Z"}
HTTP Request: GET https://jurisprudencia.cc.gob.gt/Sentencias/852279.739-2023.pdf "HTTP/1.1 200 OK"
{"url": "https://jurisprudencia.cc.gob.gt/Sentencias/852279.739-2023.pdf", "status": 200, "bytes": 840274, "outcome": "ok", "attempts": 1, "event": "http", "level": "info", "timestamp": "2026-08-30T13:56:57.265125Z"}
HTTP Request: GET https://jurisprudencia.cc.gob.gt/Sentencias/855352.6854-2023.pdf "HTTP/1.1 200 OK"
{"url": "https://jurisprudencia.cc.gob.gt/Sentencias/855352.6854-2023.pdf", "status": 200, "bytes": 4019939, "outcome": "ok", "attempts": 1, "event": "http", "level": "info", "timestamp": "2026-08-30T13:56:59.412530Z"}
HTTP Request: GET https://jurisprudencia.cc.gob.gt/Sentencias/807394.2071-2005.pdf "HTTP/1.1 200 OK"
{"url": "https://jurisprudencia.cc.gob.gt/Sentencias/807394.2071-2005.pdf", "status": 200, "bytes": 176012, "outcome": "ok", "attempts": 1, "event": "http", "level": "info", "timestamp": "2026-08-30T13:57:01.426897Z"}
HTTP Request: GET https://jurisprudencia.cc.gob.gt/Sentencias/809590.1750-%202009.pdf "HTTP/1.1 200 OK"
{"url": "https://jurisprudencia.cc.gob.gt/Sentencias/809590.1750-%202009.pdf", "status": 200, "bytes": 253451, "outcome": "ok", "attempts": 1, "event": "http", "level": "info", "timestamp": "2026-08-30T13:57:03.166735Z"}
HTTP Request: GET https://jurisprudencia.cc.gob.gt/Sentencias/842392.1036-2019%20y%201038-2019.pdf "HTTP/1.1 200 OK"
{"url": "https://jurisprudencia.cc.gob.gt/Sentencias/842392.1036-2019%20y%201038-2019.pdf", "status": 200, "bytes": 681251, "outcome": "ok", "attempts": 1, "event": "http", "level": "info", "timestamp": "2026-08-30T13:57:05.266876Z"}
HTTP Request: GET https://jurisprudencia.cc.gob.gt/Sentencias/840669.3740-2018.pdf "HTTP/1.1 200 OK"
{"url": "https://jurisprudencia.cc.gob.gt/Sentencias/840669.3740-2018.pdf", "status": 200, "bytes": 526971, "outcome": "ok", "attempts": 1, "event": "http", "level": "info", "timestamp": "2026-08-30T13:57:06.940251Z"}
HTTP Request: GET https://jurisprudencia.cc.gob.gt/Sentencias/803131.694-2007.pdf "HTTP/1.1 200 OK"
{"url": "https://jurisprudencia.cc.gob.gt/Sentencias/803131.694-2007.pdf", "status": 200, "bytes": 147216, "outcome": "ok", "attempts": 1, "event": "http", "level": "info", "timestamp": "2026-08-30T13:57:09.194796Z"}
HTTP Request: GET https://jurisprudencia.cc.gob.gt/Sentencias/843562.1803-2019.pdf "HTTP/1.1 200 OK"
{"url": "https://jurisprudencia.cc.gob.gt/Sentencias/843562.1803-2019.pdf", "status": 200, "bytes": 498298, "outcome": "ok", "attempts": 1, "event": "http", "level": "info", "timestamp": "2026-08-30T13:57:10.885581Z"}
HTTP Request: GET https://jurisprudencia.cc.gob.gt/Sentencias/846546.542-2020.pdf "HTTP/1.1 200 OK"
{"url": "https://jurisprudencia.cc.gob.gt/Sentencias/846546.542-2020.pdf", "status": 200, "bytes": 419474, "outcome": "ok", "attempts": 1, "event": "http", "level": "info", "timestamp": "2026-08-30T13:57:12.804049Z"}
HTTP Request: GET https://jurisprudencia.cc.gob.gt/Sentencias/816272.4232-2010.pdf "HTTP/1.1 200 OK"
{"url": "https://jurisprudencia.cc.gob.gt/Sentencias/816272.4232-2010.pdf", "status": 200, "bytes": 170836, "outcome": "ok", "attempts": 1, "event": "http", "level": "info", "timestamp": "2026-08-30T13:57:14.986642Z"}
{"procesados": 1300, "por_regla": 1204, "event": "avance", "level": "info", "timestamp": "2026-08-30T13:57:15.039959Z"}
HTTP Request: GET https://jurisprudencia.cc.gob.gt/Sentencias/807572.1393-2006.pdf "HTTP/1.1 200 OK"
{"url": "https://jurisprudencia.cc.gob.gt/Sentencias/807572.1393-2006.pdf", "status": 200, "bytes": 135247, "outcome": "ok", "attempts": 1, "event": "http", "level": "info", "timestamp": "2026-08-30T13:57:17.361116Z"}
HTTP Request: GET https://jurisprudencia.cc.gob.gt/Sentencias/839232.3249-2017.pdf "HTTP/1.1 200 OK"
{"url": "https://jurisprudencia.cc.gob.gt/Sentencias/839232.3249-2017.pdf", "status": 200, "bytes": 343554, "outcome": "ok", "attempts": 1, "event": "http", "level": "info", "timestamp": "2026-08-30T13:57:19.039949Z"}
HTTP Request: GET https://jurisprudencia.cc.gob.gt/Sentencias/843539.1854-2019.pdf "HTTP/1.1 200 OK"
{"url": "https://jurisprudencia.cc.gob.gt/Sentencias/843539.1854-2019.pdf", "status": 200, "bytes": 458245, "outcome": "ok", "attempts": 1, "event": "http", "level": "info", "timestamp": "2026-08-30T13:57:21.380017Z"}
{"url": "https://jurisprudencia.cc.gob.gt/Sentencias/833012.3627-2016.pdf", "from_cache": true, "outcome": "ok", "event": "http", "level": "info", "timestamp": "2026-08-30T13:57:21.450800Z"}
HTTP Request: GET https://jurisprudencia.cc.gob.gt/Sentencias/848821.3147-2020.pdf "HTTP/1.1 200 OK"
{"url": "https://jurisprudencia.cc.gob.gt/Sentencias/848821.3147-2020.pdf", "status": 200, "bytes": 371272, "outcome": "ok", "attempts": 1, "event": "http", "level": "info", "timestamp": "2026-08-30T13:57:23.160765Z"}
HTTP Request: GET https://jurisprudencia.cc.gob.gt/Sentencias/798646.1170-2003.pdf "HTTP/1.1 200 OK"
{"url": "https://jurisprudencia.cc.gob.gt/Sentencias/798646.1170-2003.pdf", "status": 200, "bytes": 126248, "outcome": "ok", "attempts": 1, "event": "http", "level": "info", "timestamp": "2026-08-30T13:57:24.833011Z"}
HTTP Request: GET https://jurisprudencia.cc.gob.gt/Sentencias/855947.7368-2023.pdf "HTTP/1.1 200 OK"
{"url": "https://jurisprudencia.cc.gob.gt/Sentencias/855947.7368-2023.pdf", "status": 200, "bytes": 4074921, "outcome": "ok", "attempts": 1, "event": "http", "level": "info", "timestamp": "2026-08-30T13:57:27.407884Z"}
HTTP Request: GET https://jurisprudencia.cc.gob.gt/Sentencias/849813.6740-2021.pdf "HTTP/1.1 200 OK"
{"url": "https://jurisprudencia.cc.gob.gt/Sentencias/849813.6740-2021.pdf", "status": 200, "bytes": 286124, "outcome": "ok", "attempts": 1, "event": "http", "level": "info", "timestamp": "2026-08-30T13:57:29.032826Z"}
HTTP Request: GET https://jurisprudencia.cc.gob.gt/Sentencias/790372.304-2005.pdf "HTTP/1.1 200 OK"
{"url": "https://jurisprudencia.cc.gob.gt/Sentencias/790372.304-2005.pdf", "status": 200, "bytes": 260772, "outcome": "ok", "attempts": 1, "event": "http", "level": "info", "timestamp": "2026-08-30T13:57:30.942084Z"}
HTTP Request: GET https://jurisprudencia.cc.gob.gt/Sentencias/830769.5281-2015.pdf "HTTP/1.1 200 OK"
{"url": "https://jurisprudencia.cc.gob.gt/Sentencias/830769.5281-2015.pdf", "status": 200, "bytes": 237733, "outcome": "ok", "attempts": 1, "event": "http", "level": "info", "timestamp": "2026-08-30T13:57:33.219961Z"}
HTTP Request: GET https://jurisprudencia.cc.gob.gt/Sentencias/847450.4292-2020.pdf "HTTP/1.1 200 OK"
{"url": "https://jurisprudencia.cc.gob.gt/Sentencias/847450.4292-2020.pdf", "status": 200, "bytes": 333514, "outcome": "ok", "attempts": 1, "event": "http", "level": "info", "timestamp": "2026-08-30T13:57:35.351245Z"}
HTTP Request: GET https://jurisprudencia.cc.gob.gt/Sentencias/817395.336-2011.pdf "HTTP/1.1 200 OK"
{"url": "https://jurisprudencia.cc.gob.gt/Sentencias/817395.336-2011.pdf", "status": 200, "bytes": 169352, "outcome": "ok", "attempts": 1, "event": "http", "level": "info", "timestamp": "2026-08-30T13:57:37.149293Z"}
HTTP Request: GET https://jurisprudencia.cc.gob.gt/Sentencias/854972.3651-2023.pdf "HTTP/1.1 200 OK"
{"url": "https://jurisprudencia.cc.gob.gt/Sentencias/854972.3651-2023.pdf", "status": 200, "bytes": 3085546, "outcome": "ok", "attempts": 1, "event": "http", "level": "info", "timestamp": "2026-08-30T13:57:39.805022Z"}
HTTP Request: GET https://jurisprudencia.cc.gob.gt/Sentencias/830838.235-2015.pdf "HTTP/1.1 200 OK"
{"url": "https://jurisprudencia.cc.gob.gt/Sentencias/830838.235-2015.pdf", "status": 200, "bytes": 194894, "outcome": "ok", "attempts": 1, "event": "http", "level": "info", "timestamp": "2026-08-30T13:57:40.886404Z"}
HTTP Request: GET https://jurisprudencia.cc.gob.gt/Sentencias/826115.4384-2013.pdf "HTTP/1.1 200 OK"
{"url": "https://jurisprudencia.cc.gob.gt/Sentencias/826115.4384-2013.pdf", "status": 200, "bytes": 157390, "outcome": "ok", "attempts": 1, "event": "http", "level": "info", "timestamp": "2026-08-30T13:57:43.188654Z"}
HTTP Request: GET https://jurisprudencia.cc.gob.gt/Sentencias/829228.2276-2014.pdf "HTTP/1.1 200 OK"
{"url": "https://jurisprudencia.cc.gob.gt/Sentencias/829228.2276-2014.pdf", "status": 200, "bytes": 186715, "outcome": "ok", "attempts": 1, "event": "http", "level": "info", "timestamp": "2026-08-30T13:57:45.067653Z"}
HTTP Request: GET https://jurisprudencia.cc.gob.gt/Sentencias/854837.3057-2023.pdf "HTTP/1.1 200 OK"
{"url": "https://jurisprudencia.cc.gob.gt/Sentencias/854837.3057-2023.pdf", "status": 200, "bytes": 4100492, "outcome": "ok", "attempts": 1, "event": "http", "level": "info", "timestamp": "2026-08-30T13:57:47.137955Z"}
HTTP Request: GET https://jurisprudencia.cc.gob.gt/Sentencias/807540.1033-2006.pdf "HTTP/1.1 200 OK"
{"url": "https://jurisprudencia.cc.gob.gt/Sentencias/807540.1033-2006.pdf", "status": 200, "bytes": 139842, "outcome": "ok", "attempts": 1, "event": "http", "level": "info", "timestamp": "2026-08-30T13:57:48.658451Z"}
HTTP Request: GET https://jurisprudencia.cc.gob.gt/Sentencias/853561.745-2023.pdf "HTTP/1.1 200 OK"
{"url": "https://jurisprudencia.cc.gob.gt/Sentencias/853561.745-2023.pdf", "status": 200, "bytes": 719924, "outcome": "ok", "attempts": 1, "event": "http", "level": "info", "timestamp": "2026-08-30T13:57:50.749204Z"}
HTTP Request: GET https://jurisprudencia.cc.gob.gt/Sentencias/817316.3406-2010.pdf "HTTP/1.1 200 OK"
{"url": "https://jurisprudencia.cc.gob.gt/Sentencias/817316.3406-2010.pdf", "status": 200, "bytes": 185712, "outcome": "ok", "attempts": 1, "event": "http", "level": "info", "timestamp": "2026-08-30T13:57:52.710002Z"}
HTTP Request: GET https://jurisprudencia.cc.gob.gt/Sentencias/838285.3386-2017.pdf "HTTP/1.1 200 OK"
{"url": "https://jurisprudencia.cc.gob.gt/Sentencias/838285.3386-2017.pdf", "status": 200, "bytes": 299138, "outcome": "ok", "attempts": 1, "event": "http", "level": "info", "timestamp": "2026-08-30T13:57:54.414756Z"}
HTTP Request: GET https://jurisprudencia.cc.gob.gt/Sentencias/847659.2276-2021.pdf "HTTP/1.1 200 OK"
{"url": "https://jurisprudencia.cc.gob.gt/Sentencias/847659.2276-2021.pdf", "status": 200, "bytes": 387868, "outcome": "ok", "attempts": 1, "event": "http", "level": "info", "timestamp": "2026-08-30T13:57:56.364612Z"}
HTTP Request: GET https://jurisprudencia.cc.gob.gt/Sentencias/842300.2163-2019.pdf "HTTP/1.1 200 OK"
{"url": "https://jurisprudencia.cc.gob.gt/Sentencias/842300.2163-2019.pdf", "status": 200, "bytes": 416380, "outcome": "ok", "attempts": 1, "event": "http", "level": "info", "timestamp": "2026-08-30T13:57:58.611432Z"}
HTTP Request: GET https://jurisprudencia.cc.gob.gt/Sentencias/836333.303-2013.pdf "HTTP/1.1 200 OK"
{"url": "https://jurisprudencia.cc.gob.gt/Sentencias/836333.303-2013.pdf", "status": 200, "bytes": 211457, "outcome": "ok", "attempts": 1, "event": "http", "level": "info", "timestamp": "2026-08-30T13:58:00.783816Z"}
HTTP Request: GET https://jurisprudencia.cc.gob.gt/Sentencias/854156.4261-2023.pdf "HTTP/1.1 200 OK"
{"url": "https://jurisprudencia.cc.gob.gt/Sentencias/854156.4261-2023.pdf", "status": 200, "bytes": 4034491, "outcome": "ok", "attempts": 1, "event": "http", "level": "info", "timestamp": "2026-08-30T13:58:03.135875Z"}
HTTP Request: GET https://jurisprudencia.cc.gob.gt/Sentencias/846000.1467-2020.pdf "HTTP/1.1 200 OK"
{"url": "https://jurisprudencia.cc.gob.gt/Sentencias/846000.1467-2020.pdf", "status": 200, "bytes": 337992, "outcome": "ok", "attempts": 1, "event": "http", "level": "info", "timestamp": "2026-08-30T13:58:04.716348Z"}
HTTP Request: GET https://jurisprudencia.cc.gob.gt/Sentencias/844313.4776-2019.pdf "HTTP/1.1 200 OK"
{"url": "https://jurisprudencia.cc.gob.gt/Sentencias/844313.4776-2019.pdf", "status": 200, "bytes": 224042, "outcome": "ok", "attempts": 1, "event": "http", "level": "info", "timestamp": "2026-08-30T13:58:06.678180Z"}
HTTP Request: GET https://jurisprudencia.cc.gob.gt/Sentencias/842436.5250-2018.pdf "HTTP/1.1 200 OK"
{"url": "https://jurisprudencia.cc.gob.gt/Sentencias/842436.5250-2018.pdf", "status": 200, "bytes": 437840, "outcome": "ok", "attempts": 1, "event": "http", "level": "info", "timestamp": "2026-08-30T13:58:08.643247Z"}
HTTP Request: GET https://jurisprudencia.cc.gob.gt/Sentencias/830906.2483-2015.pdf "HTTP/1.1 200 OK"
{"url": "https://jurisprudencia.cc.gob.gt/Sentencias/830906.2483-2015.pdf", "status": 200, "bytes": 200640, "outcome": "ok", "attempts": 1, "event": "http", "level": "info", "timestamp": "2026-08-30T13:58:10.437605Z"}
HTTP Request: GET https://jurisprudencia.cc.gob.gt/Sentencias/808952.3888-2008.pdf "HTTP/1.1 200 OK"
{"url": "https://jurisprudencia.cc.gob.gt/Sentencias/808952.3888-2008.pdf", "status": 200, "bytes": 193235, "outcome": "ok", "attempts": 1, "event": "http", "level": "info", "timestamp": "2026-08-30T13:58:12.530940Z"}
HTTP Request: GET https://jurisprudencia.cc.gob.gt/Sentencias/824740.1671-2013.pdf "HTTP/1.1 200 OK"
{"url": "https://jurisprudencia.cc.gob.gt/Sentencias/824740.1671-2013.pdf", "status": 200, "bytes": 157589, "outcome": "ok", "attempts": 1, "event": "http", "level": "info", "timestamp": "2026-08-30T13:58:14.463171Z"}
HTTP Request: GET https://jurisprudencia.cc.gob.gt/Sentencias/839233.428-2018.pdf "HTTP/1.1 200 OK"
{"url": "https://jurisprudencia.cc.gob.gt/Sentencias/839233.428-2018.pdf", "status": 200, "bytes": 348088, "outcome": "ok", "attempts": 1, "event": "http", "level": "info", "timestamp": "2026-08-30T13:58:16.535835Z"}
HTTP Request: GET https://jurisprudencia.cc.gob.gt/Sentencias/818940.3074-2011.pdf "HTTP/1.1 200 OK"
{"url": "https://jurisprudencia.cc.gob.gt/Sentencias/818940.3074-2011.pdf", "status": 200, "bytes": 186753, "outcome": "ok", "attempts": 1, "event": "http", "level": "info", "timestamp": "2026-08-30T13:58:18.763086Z"}
HTTP Request: GET https://jurisprudencia.cc.gob.gt/Sentencias/799214.1504-2004.pdf "HTTP/1.1 200 OK"
{"url": "https://jurisprudencia.cc.gob.gt/Sentencias/799214.1504-2004.pdf", "status": 200, "bytes": 122318, "outcome": "ok", "attempts": 1, "event": "http", "level": "info", "timestamp": "2026-08-30T13:58:21.008445Z"}
HTTP Request: GET https://jurisprudencia.cc.gob.gt/Sentencias/854258.308-2023.pdf "HTTP/1.1 200 OK"
{"url": "https://jurisprudencia.cc.gob.gt/Sentencias/854258.308-2023.pdf", "status": 200, "bytes": 3114336, "outcome": "ok", "attempts": 1, "event": "http", "level": "info", "timestamp": "2026-08-30T13:58:23.631236Z"}
HTTP Request: GET https://jurisprudencia.cc.gob.gt/Sentencias/839675.5491-2017.pdf "HTTP/1.1 200 OK"
{"url": "https://jurisprudencia.cc.gob.gt/Sentencias/839675.5491-2017.pdf", "status": 200, "bytes": 407571, "outcome": "ok", "attempts": 1, "event": "http", "level": "info", "timestamp": "2026-08-30T13:58:25.291166Z"}
HTTP Request: GET https://jurisprudencia.cc.gob.gt/Sentencias/799274.1863-2003.pdf "HTTP/1.1 200 OK"
{"url": "https://jurisprudencia.cc.gob.gt/Sentencias/799274.1863-2003.pdf", "status": 200, "bytes": 80923, "outcome": "ok", "attempts": 1, "event": "http", "level": "info", "timestamp": "2026-08-30T13:58:26.910770Z"}
HTTP Request: GET https://jurisprudencia.cc.gob.gt/Sentencias/823515.814-2013.pdf "HTTP/1.1 200 OK"
{"url": "https://jurisprudencia.cc.gob.gt/Sentencias/823515.814-2013.pdf", "status": 200, "bytes": 142041, "outcome": "ok", "attempts": 1, "event": "http", "level": "info", "timestamp": "2026-08-30T13:58:29.160249Z"}
HTTP Request: GET https://jurisprudencia.cc.gob.gt/Sentencias/822514.4870-2012.pdf "HTTP/1.1 200 OK"
{"url": "https://jurisprudencia.cc.gob.gt/Sentencias/822514.4870-2012.pdf", "status": 200, "bytes": 256410, "outcome": "ok", "attempts": 1, "event": "http", "level": "info", "timestamp": "2026-08-30T13:58:31.093028Z"}
HTTP Request: GET https://jurisprudencia.cc.gob.gt/Sentencias/807794.1649-2006.pdf "HTTP/1.1 200 OK"
{"url": "https://jurisprudencia.cc.gob.gt/Sentencias/807794.1649-2006.pdf", "status": 200, "bytes": 138949, "outcome": "ok", "attempts": 1, "event": "http", "level": "info", "timestamp": "2026-08-30T13:58:32.888638Z"}
HTTP Request: GET https://jurisprudencia.cc.gob.gt/Sentencias/854503.1575-2023.pdf "HTTP/1.1 200 OK"
{"url": "https://jurisprudencia.cc.gob.gt/Sentencias/854503.1575-2023.pdf", "status": 200, "bytes": 3215960, "outcome": "ok", "attempts": 1, "event": "http", "level": "info", "timestamp": "2026-08-30T13:58:35.413206Z"}
HTTP Request: GET https://jurisprudencia.cc.gob.gt/Sentencias/845030.676-2019.pdf "HTTP/1.1 200 OK"
{"url": "https://jurisprudencia.cc.gob.gt/Sentencias/845030.676-2019.pdf", "status": 200, "bytes": 253376, "outcome": "ok", "attempts": 1, "event": "http", "level": "info", "timestamp": "2026-08-30T13:58:36.606265Z"}
HTTP Request: GET https://jurisprudencia.cc.gob.gt/Sentencias/833152.2796-2016%20y%202886-2016.pdf "HTTP/1.1 200 OK"
{"url": "https://jurisprudencia.cc.gob.gt/Sentencias/833152.2796-2016%20y%202886-2016.pdf", "status": 200, "bytes": 532723, "outcome": "ok", "attempts": 1, "event": "http", "level": "info", "timestamp": "2026-08-30T13:58:38.979691Z"}
HTTP Request: GET https://jurisprudencia.cc.gob.gt/Sentencias/844442.6816-2019.pdf "HTTP/1.1 200 OK"
{"url": "https://jurisprudencia.cc.gob.gt/Sentencias/844442.6816-2019.pdf", "status": 200, "bytes": 519890, "outcome": "ok", "attempts": 1, "event": "http", "level": "info", "timestamp": "2026-08-30T13:58:41.030082Z"}
HTTP Request: GET https://jurisprudencia.cc.gob.gt/Sentencias/836218.2287-2017.pdf "HTTP/1.1 200 OK"
{"url": "https://jurisprudencia.cc.gob.gt/Sentencias/836218.2287-2017.pdf", "status": 200, "bytes": 265735, "outcome": "ok", "attempts": 1, "event": "http", "level": "info", "timestamp": "2026-08-30T13:58:42.832583Z"}
HTTP Request: GET https://jurisprudencia.cc.gob.gt/Sentencias/845020.4415-2019.pdf "HTTP/1.1 200 OK"
{"url": "https://jurisprudencia.cc.gob.gt/Sentencias/845020.4415-2019.pdf", "status": 200, "bytes": 337672, "outcome": "ok", "attempts": 1, "event": "http", "level": "info", "timestamp": "2026-08-30T13:58:45.119800Z"}
HTTP Request: GET https://jurisprudencia.cc.gob.gt/Sentencias/849253.7020-2021.pdf "HTTP/1.1 200 OK"
{"url": "https://jurisprudencia.cc.gob.gt/Sentencias/849253.7020-2021.pdf", "status": 200, "bytes": 248634, "outcome": "ok", "attempts": 1, "event": "http", "level": "info", "timestamp": "2026-08-30T13:58:46.803837Z"}
{"url": "https://jurisprudencia.cc.gob.gt/Sentencias/798993.545-2003.pdf", "from_cache": true, "outcome": "ok", "event": "http", "level": "info", "timestamp": "2026-08-30T13:58:46.869615Z"}
HTTP Request: GET https://jurisprudencia.cc.gob.gt/Sentencias/801976.652-2006.pdf "HTTP/1.1 200 OK"
{"url": "https://jurisprudencia.cc.gob.gt/Sentencias/801976.652-2006.pdf", "status": 200, "bytes": 154826, "outcome": "ok", "attempts": 1, "event": "http", "level": "info", "timestamp": "2026-08-30T13:58:48.862734Z"}
HTTP Request: GET https://jurisprudencia.cc.gob.gt/Sentencias/806547.2120-2004.pdf "HTTP/1.1 200 OK"
{"url": "https://jurisprudencia.cc.gob.gt/Sentencias/806547.2120-2004.pdf", "status": 200, "bytes": 136226, "outcome": "ok", "attempts": 1, "event": "http", "level": "info", "timestamp": "2026-08-30T13:58:50.520666Z"}
HTTP Request: GET https://jurisprudencia.cc.gob.gt/Sentencias/836103.2713-2013.pdf "HTTP/1.1 200 OK"
{"url": "https://jurisprudencia.cc.gob.gt/Sentencias/836103.2713-2013.pdf", "status": 200, "bytes": 178803, "outcome": "ok", "attempts": 1, "event": "http", "level": "info", "timestamp": "2026-08-30T13:58:52.479752Z"}
HTTP Request: GET https://jurisprudencia.cc.gob.gt/Sentencias/830536.4587-2014%20y%204605-2014.pdf "HTTP/1.1 200 OK"
{"url": "https://jurisprudencia.cc.gob.gt/Sentencias/830536.4587-2014%20y%204605-2014.pdf", "status": 200, "bytes": 148119, "outcome": "ok", "attempts": 1, "event": "http", "level": "info", "timestamp": "2026-08-30T13:58:54.724440Z"}
HTTP Request: GET https://jurisprudencia.cc.gob.gt/Sentencias/819804.4796-2011,%204801-2011%20Y%205000-2011.pdf "HTTP/1.1 200 OK"
{"url": "https://jurisprudencia.cc.gob.gt/Sentencias/819804.4796-2011,%204801-2011%20Y%205000-2011.pdf", "status": 200, "bytes": 246041, "outcome": "ok", "attempts": 1, "event": "http", "level": "info", "timestamp": "2026-08-30T13:58:56.609264Z"}
HTTP Request: GET https://jurisprudencia.cc.gob.gt/Sentencias/808787.4498-2009.pdf "HTTP/1.1 200 OK"
{"url": "https://jurisprudencia.cc.gob.gt/Sentencias/808787.4498-2009.pdf", "status": 200, "bytes": 196412, "outcome": "ok", "attempts": 1, "event": "http", "level": "info", "timestamp": "2026-08-30T13:58:59.048404Z"}
HTTP Request: GET https://jurisprudencia.cc.gob.gt/Sentencias/816444.678-2010%20Y%201431-2010.pdf "HTTP/1.1 200 OK"
{"url": "https://jurisprudencia.cc.gob.gt/Sentencias/816444.678-2010%20Y%201431-2010.pdf", "status": 200, "bytes": 189111, "outcome": "ok", "attempts": 1, "event": "http", "level": "info", "timestamp": "2026-08-30T13:59:01.127066Z"}
HTTP Request: GET https://jurisprudencia.cc.gob.gt/Sentencias/832468.1950-2016.pdf "HTTP/1.1 200 OK"
{"url": "https://jurisprudencia.cc.gob.gt/Sentencias/832468.1950-2016.pdf", "status": 200, "bytes": 477439, "outcome": "ok", "attempts": 1, "event": "http", "level": "info", "timestamp": "2026-08-30T13:59:03.125315Z"}
HTTP Request: GET https://jurisprudencia.cc.gob.gt/Sentencias/844384.3917-2019.pdf "HTTP/1.1 200 OK"
{"url": "https://jurisprudencia.cc.gob.gt/Sentencias/844384.3917-2019.pdf", "status": 200, "bytes": 385844, "outcome": "ok", "attempts": 1, "event": "http", "level": "info", "timestamp": "2026-08-30T13:59:04.979857Z"}
HTTP Request: GET https://jurisprudencia.cc.gob.gt/Sentencias/840527.5538-2017.pdf "HTTP/1.1 200 OK"
{"url": "https://jurisprudencia.cc.gob.gt/Sentencias/840527.5538-2017.pdf", "status": 200, "bytes": 469486, "outcome": "ok", "attempts": 1, "event": "http", "level": "info", "timestamp": "2026-08-30T13:59:06.892303Z"}
HTTP Request: GET https://jurisprudencia.cc.gob.gt/Sentencias/806849.1421-2005.pdf "HTTP/1.1 200 OK"
{"url": "https://jurisprudencia.cc.gob.gt/Sentencias/806849.1421-2005.pdf", "status": 200, "bytes": 138725, "outcome": "ok", "attempts": 1, "event": "http", "level": "info", "timestamp": "2026-08-30T13:59:08.806013Z"}
HTTP Request: GET https://jurisprudencia.cc.gob.gt/Sentencias/846479.2703-2020%20y%202823-2020.pdf "HTTP/1.1 200 OK"
{"url": "https://jurisprudencia.cc.gob.gt/Sentencias/846479.2703-2020%20y%202823-2020.pdf", "status": 200, "bytes": 362254, "outcome": "ok", "attempts": 1, "event": "http", "level": "info", "timestamp": "2026-08-30T13:59:10.832958Z"}
HTTP Request: GET https://jurisprudencia.cc.gob.gt/Sentencias/839975.1768-2018.pdf "HTTP/1.1 200 OK"
{"url": "https://jurisprudencia.cc.gob.gt/Sentencias/839975.1768-2018.pdf", "status": 200, "bytes": 338571, "outcome": "ok", "attempts": 1, "event": "http", "level": "info", "timestamp": "2026-08-30T13:59:13.227851Z"}
HTTP Request: GET https://jurisprudencia.cc.gob.gt/Sentencias/853585.2116-2023.pdf "HTTP/1.1 200 OK"
{"url": "https://jurisprudencia.cc.gob.gt/Sentencias/853585.2116-2023.pdf", "status": 200, "bytes": 983015, "outcome": "ok", "attempts": 1, "event": "http", "level": "info", "timestamp": "2026-08-30T13:59:15.138642Z"}
HTTP Request: GET https://jurisprudencia.cc.gob.gt/Sentencias/845607.547-2020.pdf "HTTP/1.1 200 OK"
{"url": "https://jurisprudencia.cc.gob.gt/Sentencias/845607.547-2020.pdf", "status": 200, "bytes": 315786, "outcome": "ok", "attempts": 1, "event": "http", "level": "info", "timestamp": "2026-08-30T13:59:17.081219Z"}
HTTP Request: GET https://jurisprudencia.cc.gob.gt/Sentencias/830456.1470-2014.pdf "HTTP/1.1 200 OK"
{"url": "https://jurisprudencia.cc.gob.gt/Sentencias/830456.1470-2014.pdf", "status": 200, "bytes": 176204, "outcome": "ok", "attempts": 1, "event": "http", "level": "info", "timestamp": "2026-08-30T13:59:19.354779Z"}
HTTP Request: GET https://jurisprudencia.cc.gob.gt/Sentencias/831819.471-2016.pdf "HTTP/1.1 200 OK"
{"url": "https://jurisprudencia.cc.gob.gt/Sentencias/831819.471-2016.pdf", "status": 200, "bytes": 256007, "outcome": "ok", "attempts": 1, "event": "http", "level": "info", "timestamp": "2026-08-30T13:59:21.268738Z"}
HTTP Request: GET https://jurisprudencia.cc.gob.gt/Sentencias/812302.2430-2008.pdf "HTTP/1.1 200 OK"
{"url": "https://jurisprudencia.cc.gob.gt/Sentencias/812302.2430-2008.pdf", "status": 200, "bytes": 147004, "outcome": "ok", "attempts": 1, "event": "http", "level": "info", "timestamp": "2026-08-30T13:59:23.232871Z"}
HTTP Request: GET https://jurisprudencia.cc.gob.gt/Sentencias/832880.1915-2016.pdf "HTTP/1.1 200 OK"
{"url": "https://jurisprudencia.cc.gob.gt/Sentencias/832880.1915-2016.pdf", "status": 200, "bytes": 594909, "outcome": "ok", "attempts": 1, "event": "http", "level": "info", "timestamp": "2026-08-30T13:59:25.593821Z"}
HTTP Request: GET https://jurisprudencia.cc.gob.gt/Sentencias/839262.625-2018.pdf "HTTP/1.1 200 OK"
{"url": "https://jurisprudencia.cc.gob.gt/Sentencias/839262.625-2018.pdf", "status": 200, "bytes": 445957, "outcome": "ok", "attempts": 1, "event": "http", "level": "info", "timestamp": "2026-08-30T13:59:27.679354Z"}
HTTP Request: GET https://jurisprudencia.cc.gob.gt/Sentencias/813335.3520-2007.pdf "HTTP/1.1 200 OK"
{"url": "https://jurisprudencia.cc.gob.gt/Sentencias/813335.3520-2007.pdf", "status": 200, "bytes": 148958, "outcome": "ok", "attempts": 1, "event": "http", "level": "info", "timestamp": "2026-08-30T13:59:29.859534Z"}
HTTP Request: GET https://jurisprudencia.cc.gob.gt/Sentencias/838719.5332-2017.pdf "HTTP/1.1 200 OK"
{"url": "https://jurisprudencia.cc.gob.gt/Sentencias/838719.5332-2017.pdf", "status": 200, "bytes": 327108, "outcome": "ok", "attempts": 1, "event": "http", "level": "info", "timestamp": "2026-08-30T13:59:31.640768Z"}
HTTP Request: GET https://jurisprudencia.cc.gob.gt/Sentencias/806618.1676-2004.pdf "HTTP/1.1 200 OK"
{"url": "https://jurisprudencia.cc.gob.gt/Sentencias/806618.1676-2004.pdf", "status": 200, "bytes": 90616, "outcome": "ok", "attempts": 1, "event": "http", "level": "info", "timestamp": "2026-08-30T13:59:33.862287Z"}
HTTP Request: GET https://jurisprudencia.cc.gob.gt/Sentencias/842546.639-2019.pdf "HTTP/1.1 200 OK"
{"url": "https://jurisprudencia.cc.gob.gt/Sentencias/842546.639-2019.pdf", "status": 200, "bytes": 502597, "outcome": "ok", "attempts": 1, "event": "http", "level": "info", "timestamp": "2026-08-30T13:59:35.631098Z"}
HTTP Request: GET https://jurisprudencia.cc.gob.gt/Sentencias/818201.1471-2011.pdf "HTTP/1.1 200 OK"
{"url": "https://jurisprudencia.cc.gob.gt/Sentencias/818201.1471-2011.pdf", "status": 200, "bytes": 188647, "outcome": "ok", "attempts": 1, "event": "http", "level": "info", "timestamp": "2026-08-30T13:59:37.852327Z"}
HTTP Request: GET https://jurisprudencia.cc.gob.gt/Sentencias/836173.2542-2013.pdf "HTTP/1.1 200 OK"
{"url": "https://jurisprudencia.cc.gob.gt/Sentencias/836173.2542-2013.pdf", "status": 200, "bytes": 136858, "outcome": "ok", "attempts": 1, "event": "http", "level": "info", "timestamp": "2026-08-30T13:59:39.712060Z"}
HTTP Request: GET https://jurisprudencia.cc.gob.gt/Sentencias/856000.6388-2023.pdf "HTTP/1.1 200 OK"
{"url": "https://jurisprudencia.cc.gob.gt/Sentencias/856000.6388-2023.pdf", "status": 200, "bytes": 3754214, "outcome": "ok", "attempts": 1, "event": "http", "level": "info", "timestamp": "2026-08-30T13:59:42.158288Z"}
HTTP Request: GET https://jurisprudencia.cc.gob.gt/Sentencias/813487.3575-2007.pdf "HTTP/1.1 200 OK"
{"url": "https://jurisprudencia.cc.gob.gt/Sentencias/813487.3575-2007.pdf", "status": 200, "bytes": 176605, "outcome": "ok", "attempts": 1, "event": "http", "level": "info", "timestamp": "2026-08-30T13:59:43.718367Z"}
HTTP Request: GET https://jurisprudencia.cc.gob.gt/Sentencias/819172.4348-2011.pdf "HTTP/1.1 200 OK"
{"url": "https://jurisprudencia.cc.gob.gt/Sentencias/819172.4348-2011.pdf", "status": 200, "bytes": 193683, "outcome": "ok", "attempts": 1, "event": "http", "level": "info", "timestamp": "2026-08-30T13:59:45.659102Z"}
HTTP Request: GET https://jurisprudencia.cc.gob.gt/Sentencias/842025.899-2019.pdf "HTTP/1.1 200 OK"
{"url": "https://jurisprudencia.cc.gob.gt/Sentencias/842025.899-2019.pdf", "status": 200, "bytes": 417780, "outcome": "ok", "attempts": 1, "event": "http", "level": "info", "timestamp": "2026-08-30T13:59:47.665860Z"}
HTTP Request: GET https://jurisprudencia.cc.gob.gt/Sentencias/811638.246-2008.pdf "HTTP/1.1 200 OK"
{"url": "https://jurisprudencia.cc.gob.gt/Sentencias/811638.246-2008.pdf", "status": 200, "bytes": 140442, "outcome": "ok", "attempts": 1, "event": "http", "level": "info", "timestamp": "2026-08-30T13:59:49.557640Z"}
HTTP Request: GET https://jurisprudencia.cc.gob.gt/Sentencias/838726.5991-2017.pdf "HTTP/1.1 200 OK"
{"url": "https://jurisprudencia.cc.gob.gt/Sentencias/838726.5991-2017.pdf", "status": 200, "bytes": 213831, "outcome": "ok", "attempts": 1, "event": "http", "level": "info", "timestamp": "2026-08-30T13:59:51.797643Z"}
HTTP Request: GET https://jurisprudencia.cc.gob.gt/Sentencias/856279.6730-2023.pdf "HTTP/1.1 200 OK"
{"url": "https://jurisprudencia.cc.gob.gt/Sentencias/856279.6730-2023.pdf", "status": 200, "bytes": 4004579, "outcome": "ok", "attempts": 1, "event": "http", "level": "info", "timestamp": "2026-08-30T13:59:53.888043Z"}
{"url": "https://jurisprudencia.cc.gob.gt/Sentencias/809866.3712-2008.pdf", "from_cache": true, "outcome": "ok", "event": "http", "level": "info", "timestamp": "2026-08-30T13:59:53.959252Z"}
HTTP Request: GET https://jurisprudencia.cc.gob.gt/Sentencias/847722.44-2019.pdf "HTTP/1.1 200 OK"
{"url": "https://jurisprudencia.cc.gob.gt/Sentencias/847722.44-2019.pdf", "status": 200, "bytes": 245349, "outcome": "ok", "attempts": 1, "event": "http", "level": "info", "timestamp": "2026-08-30T13:59:55.507419Z"}
HTTP Request: GET https://jurisprudencia.cc.gob.gt/Sentencias/848372.3234-2021.pdf "HTTP/1.1 200 OK"
{"url": "https://jurisprudencia.cc.gob.gt/Sentencias/848372.3234-2021.pdf", "status": 200, "bytes": 380794, "outcome": "ok", "attempts": 1, "event": "http", "level": "info", "timestamp": "2026-08-30T13:59:57.601979Z"}
HTTP Request: GET https://jurisprudencia.cc.gob.gt/Sentencias/844536.5128-2019.pdf "HTTP/1.1 200 OK"
{"url": "https://jurisprudencia.cc.gob.gt/Sentencias/844536.5128-2019.pdf", "status": 200, "bytes": 364419, "outcome": "ok", "attempts": 1, "event": "http", "level": "info", "timestamp": "2026-08-30T13:59:59.401752Z"}
HTTP Request: GET https://jurisprudencia.cc.gob.gt/Sentencias/837930.3067-2016.pdf "HTTP/1.1 200 OK"
{"url": "https://jurisprudencia.cc.gob.gt/Sentencias/837930.3067-2016.pdf", "status": 200, "bytes": 286360, "outcome": "ok", "attempts": 1, "event": "http", "level": "info", "timestamp": "2026-08-30T14:00:01.137722Z"}
HTTP Request: GET https://jurisprudencia.cc.gob.gt/Sentencias/803119.581-2007.pdf "HTTP/1.1 200 OK"
{"url": "https://jurisprudencia.cc.gob.gt/Sentencias/803119.581-2007.pdf", "status": 200, "bytes": 198139, "outcome": "ok", "attempts": 1, "event": "http", "level": "info", "timestamp": "2026-08-30T14:00:03.185550Z"}
HTTP Request: GET https://jurisprudencia.cc.gob.gt/Sentencias/807538.656-2006.pdf "HTTP/1.1 200 OK"
{"url": "https://jurisprudencia.cc.gob.gt/Sentencias/807538.656-2006.pdf", "status": 200, "bytes": 151887, "outcome": "ok", "attempts": 1, "event": "http", "level": "info", "timestamp": "2026-08-30T14:00:04.949332Z"}
HTTP Request: GET https://jurisprudencia.cc.gob.gt/Sentencias/847178.4297-2020.pdf "HTTP/1.1 200 OK"
{"url": "https://jurisprudencia.cc.gob.gt/Sentencias/847178.4297-2020.pdf", "status": 200, "bytes": 394174, "outcome": "ok", "attempts": 1, "event": "http", "level": "info", "timestamp": "2026-08-30T14:00:07.048398Z"}
{"url": "https://jurisprudencia.cc.gob.gt/Sentencias/807550.1425-2006.pdf", "from_cache": true, "outcome": "ok", "event": "http", "level": "info", "timestamp": "2026-08-30T14:00:07.120051Z"}
HTTP Request: GET https://jurisprudencia.cc.gob.gt/Sentencias/829772.3362-2015.pdf "HTTP/1.1 200 OK"
{"url": "https://jurisprudencia.cc.gob.gt/Sentencias/829772.3362-2015.pdf", "status": 200, "bytes": 155844, "outcome": "ok", "attempts": 1, "event": "http", "level": "info", "timestamp": "2026-08-30T14:00:09.073172Z"}
HTTP Request: GET https://jurisprudencia.cc.gob.gt/Sentencias/814649.2825-2009.pdf "HTTP/1.1 200 OK"
{"url": "https://jurisprudencia.cc.gob.gt/Sentencias/814649.2825-2009.pdf", "status": 200, "bytes": 136578, "outcome": "ok", "attempts": 1, "event": "http", "level": "info", "timestamp": "2026-08-30T14:00:11.441034Z"}
HTTP Request: GET https://jurisprudencia.cc.gob.gt/Sentencias/831674.957-2016.pdf "HTTP/1.1 200 OK"
{"url": "https://jurisprudencia.cc.gob.gt/Sentencias/831674.957-2016.pdf", "status": 200, "bytes": 296829, "outcome": "ok", "attempts": 1, "event": "http", "level": "info", "timestamp": "2026-08-30T14:00:13.379613Z"}
HTTP Request: GET https://jurisprudencia.cc.gob.gt/Sentencias/852690.2818-2023.pdf "HTTP/1.1 200 OK"
{"url": "https://jurisprudencia.cc.gob.gt/Sentencias/852690.2818-2023.pdf", "status": 200, "bytes": 720015, "outcome": "ok", "attempts": 1, "event": "http", "level": "info", "timestamp": "2026-08-30T14:00:15.374151Z"}
HTTP Request: GET https://jurisprudencia.cc.gob.gt/Sentencias/840181.2027-2018.pdf "HTTP/1.1 200 OK"
{"url": "https://jurisprudencia.cc.gob.gt/Sentencias/840181.2027-2018.pdf", "status": 200, "bytes": 471620, "outcome": "ok", "attempts": 1, "event": "http", "level": "info", "timestamp": "2026-08-30T14:00:17.248407Z"}
HTTP Request: GET https://jurisprudencia.cc.gob.gt/Sentencias/821489.1947-2012.pdf "HTTP/1.1 200 OK"
{"url": "https://jurisprudencia.cc.gob.gt/Sentencias/821489.1947-2012.pdf", "status": 200, "bytes": 151980, "outcome": "ok", "attempts": 1, "event": "http", "level": "info", "timestamp": "2026-08-30T14:00:18.923427Z"}
HTTP Request: GET https://jurisprudencia.cc.gob.gt/Sentencias/854749.6036-2023.pdf "HTTP/1.1 200 OK"
{"url": "https://jurisprudencia.cc.gob.gt/Sentencias/854749.6036-2023.pdf", "status": 200, "bytes": 4269535, "outcome": "ok", "attempts": 1, "event": "http", "level": "info", "timestamp": "2026-08-30T14:00:20.999505Z"}
HTTP Request: GET https://jurisprudencia.cc.gob.gt/Sentencias/846367.4671-2019.pdf "HTTP/1.1 200 OK"
{"url": "https://jurisprudencia.cc.gob.gt/Sentencias/846367.4671-2019.pdf", "status": 200, "bytes": 287033, "outcome": "ok", "attempts": 1, "event": "http", "level": "info", "timestamp": "2026-08-30T14:00:22.863434Z"}
HTTP Request: GET https://jurisprudencia.cc.gob.gt/Sentencias/818925.354-2011.pdf "HTTP/1.1 200 OK"
{"url": "https://jurisprudencia.cc.gob.gt/Sentencias/818925.354-2011.pdf", "status": 200, "bytes": 181558, "outcome": "ok", "attempts": 1, "event": "http", "level": "info", "timestamp": "2026-08-30T14:00:24.951024Z"}
HTTP Request: GET https://jurisprudencia.cc.gob.gt/Sentencias/810804.4563-2009.pdf "HTTP/1.1 200 OK"
{"url": "https://jurisprudencia.cc.gob.gt/Sentencias/810804.4563-2009.pdf", "status": 200, "bytes": 245173, "outcome": "ok", "attempts": 1, "event": "http", "level": "info", "timestamp": "2026-08-30T14:00:26.854158Z"}
{"procesados": 1400, "por_regla": 1298, "event": "avance", "level": "info", "timestamp": "2026-08-30T14:00:26.917195Z"}
HTTP Request: GET https://jurisprudencia.cc.gob.gt/Sentencias/802584.2560-2006.pdf "HTTP/1.1 200 OK"
{"url": "https://jurisprudencia.cc.gob.gt/Sentencias/802584.2560-2006.pdf", "status": 200, "bytes": 160259, "outcome": "ok", "attempts": 1, "event": "http", "level": "info", "timestamp": "2026-08-30T14:00:29.322085Z"}
HTTP Request: GET https://jurisprudencia.cc.gob.gt/Sentencias/853390.3094-2023.pdf "HTTP/1.1 200 OK"
{"url": "https://jurisprudencia.cc.gob.gt/Sentencias/853390.3094-2023.pdf", "status": 200, "bytes": 953983, "outcome": "ok", "attempts": 1, "event": "http", "level": "info", "timestamp": "2026-08-30T14:00:31.605121Z"}
HTTP Request: GET https://jurisprudencia.cc.gob.gt/Sentencias/850404.2257-2021.pdf "HTTP/1.1 200 OK"
{"url": "https://jurisprudencia.cc.gob.gt/Sentencias/850404.2257-2021.pdf", "status": 200, "bytes": 1204076, "outcome": "ok", "attempts": 1, "event": "http", "level": "info", "timestamp": "2026-08-30T14:00:33.806118Z"}
HTTP Request: GET https://jurisprudencia.cc.gob.gt/Sentencias/850832.3442-2021.pdf "HTTP/1.1 200 OK"
{"url": "https://jurisprudencia.cc.gob.gt/Sentencias/850832.3442-2021.pdf", "status": 200, "bytes": 823340, "outcome": "ok", "attempts": 1, "event": "http", "level": "info", "timestamp": "2026-08-30T14:00:35.543592Z"}
HTTP Request: GET https://jurisprudencia.cc.gob.gt/Sentencias/846046.309-2020%20y%20348-2020.pdf "HTTP/1.1 200 OK"
{"url": "https://jurisprudencia.cc.gob.gt/Sentencias/846046.309-2020%20y%20348-2020.pdf", "status": 200, "bytes": 341124, "outcome": "ok", "attempts": 1, "event": "http", "level": "info", "timestamp": "2026-08-30T14:00:37.229042Z"}
HTTP Request: GET https://jurisprudencia.cc.gob.gt/Sentencias/855008.7671-2023.pdf "HTTP/1.1 200 OK"
{"url": "https://jurisprudencia.cc.gob.gt/Sentencias/855008.7671-2023.pdf", "status": 200, "bytes": 3934214, "outcome": "ok", "attempts": 1, "event": "http", "level": "info", "timestamp": "2026-08-30T14:00:40.444468Z"}
HTTP Request: GET https://jurisprudencia.cc.gob.gt/Sentencias/820879.2235-2012.pdf "HTTP/1.1 200 OK"
{"url": "https://jurisprudencia.cc.gob.gt/Sentencias/820879.2235-2012.pdf", "status": 200, "bytes": 133694, "outcome": "ok", "attempts": 1, "event": "http", "level": "info", "timestamp": "2026-08-30T14:00:41.758575Z"}
HTTP Request: GET https://jurisprudencia.cc.gob.gt/Sentencias/819319.4224-2011.pdf "HTTP/1.1 200 OK"
{"url": "https://jurisprudencia.cc.gob.gt/Sentencias/819319.4224-2011.pdf", "status": 200, "bytes": 193246, "outcome": "ok", "attempts": 1, "event": "http", "level": "info", "timestamp": "2026-08-30T14:00:43.637757Z"}
HTTP Request: GET https://jurisprudencia.cc.gob.gt/Sentencias/829199.3629-2014.pdf "HTTP/1.1 200 OK"
{"url": "https://jurisprudencia.cc.gob.gt/Sentencias/829199.3629-2014.pdf", "status": 200, "bytes": 95175, "outcome": "ok", "attempts": 1, "event": "http", "level": "info", "timestamp": "2026-08-30T14:00:45.919005Z"}
HTTP Request: GET https://jurisprudencia.cc.gob.gt/Sentencias/810668.443-2009.pdf "HTTP/1.1 200 OK"
{"url": "https://jurisprudencia.cc.gob.gt/Sentencias/810668.443-2009.pdf", "status": 200, "bytes": 141876, "outcome": "ok", "attempts": 1, "event": "http", "level": "info", "timestamp": "2026-08-30T14:00:48.185212Z"}
HTTP Request: GET https://jurisprudencia.cc.gob.gt/Sentencias/814724.1862-2006.pdf "HTTP/1.1 200 OK"
{"url": "https://jurisprudencia.cc.gob.gt/Sentencias/814724.1862-2006.pdf", "status": 200, "bytes": 147654, "outcome": "ok", "attempts": 1, "event": "http", "level": "info", "timestamp": "2026-08-30T14:00:50.125150Z"}
HTTP Request: GET https://jurisprudencia.cc.gob.gt/Sentencias/813258.634-2007.pdf "HTTP/1.1 200 OK"
{"url": "https://jurisprudencia.cc.gob.gt/Sentencias/813258.634-2007.pdf", "status": 200, "bytes": 212117, "outcome": "ok", "attempts": 1, "event": "http", "level": "info", "timestamp": "2026-08-30T14:00:52.072707Z"}
HTTP Request: GET https://jurisprudencia.cc.gob.gt/Sentencias/812208.2474-2008.pdf "HTTP/1.1 200 OK"
{"url": "https://jurisprudencia.cc.gob.gt/Sentencias/812208.2474-2008.pdf", "status": 200, "bytes": 205254, "outcome": "ok", "attempts": 1, "event": "http", "level": "info", "timestamp": "2026-08-30T14:00:53.873876Z"}
HTTP Request: GET https://jurisprudencia.cc.gob.gt/Sentencias/836166.1614-2014.pdf "HTTP/1.1 200 OK"
{"url": "https://jurisprudencia.cc.gob.gt/Sentencias/836166.1614-2014.pdf", "status": 200, "bytes": 147013, "outcome": "ok", "attempts": 1, "event": "http", "level": "info", "timestamp": "2026-08-30T14:00:55.988804Z"}
HTTP Request: GET https://jurisprudencia.cc.gob.gt/Sentencias/802379.2895-2006.pdf "HTTP/1.1 200 OK"
{"url": "https://jurisprudencia.cc.gob.gt/Sentencias/802379.2895-2006.pdf", "status": 200, "bytes": 159978, "outcome": "ok", "attempts": 1, "event": "http", "level": "info", "timestamp": "2026-08-30T14:00:58.290825Z"}
HTTP Request: GET https://jurisprudencia.cc.gob.gt/Sentencias/840222.1539-2018.pdf "HTTP/1.1 200 OK"
{"url": "https://jurisprudencia.cc.gob.gt/Sentencias/840222.1539-2018.pdf", "status": 200, "bytes": 425110, "outcome": "ok", "attempts": 1, "event": "http", "level": "info", "timestamp": "2026-08-30T14:01:00.825207Z"}
HTTP Request: GET https://jurisprudencia.cc.gob.gt/Sentencias/829388.2207-2015.pdf "HTTP/1.1 200 OK"
{"url": "https://jurisprudencia.cc.gob.gt/Sentencias/829388.2207-2015.pdf", "status": 200, "bytes": 182885, "outcome": "ok", "attempts": 1, "event": "http", "level": "info", "timestamp": "2026-08-30T14:01:03.029373Z"}
HTTP Request: GET https://jurisprudencia.cc.gob.gt/Sentencias/823133.3942-2012.pdf "HTTP/1.1 200 OK"
{"url": "https://jurisprudencia.cc.gob.gt/Sentencias/823133.3942-2012.pdf", "status": 200, "bytes": 136361, "outcome": "ok", "attempts": 1, "event": "http", "level": "info", "timestamp": "2026-08-30T14:01:04.881216Z"}
HTTP Request: GET https://jurisprudencia.cc.gob.gt/Sentencias/821626.3451-2012.pdf "HTTP/1.1 200 OK"
{"url": "https://jurisprudencia.cc.gob.gt/Sentencias/821626.3451-2012.pdf", "status": 200, "bytes": 189665, "outcome": "ok", "attempts": 1, "event": "http", "level": "info", "timestamp": "2026-08-30T14:01:06.978204Z"}
HTTP Request: GET https://jurisprudencia.cc.gob.gt/Sentencias/836219.2339-2017.pdf "HTTP/1.1 200 OK"
{"url": "https://jurisprudencia.cc.gob.gt/Sentencias/836219.2339-2017.pdf", "status": 200, "bytes": 398360, "outcome": "ok", "attempts": 1, "event": "http", "level": "info", "timestamp": "2026-08-30T14:01:09.367152Z"}
HTTP Request: GET https://jurisprudencia.cc.gob.gt/Sentencias/839957.6188-2017%20Y%206214-2017.pdf "HTTP/1.1 200 OK"
{"url": "https://jurisprudencia.cc.gob.gt/Sentencias/839957.6188-2017%20Y%206214-2017.pdf", "status": 200, "bytes": 515084, "outcome": "ok", "attempts": 1, "event": "http", "level": "info", "timestamp": "2026-08-30T14:01:11.389855Z"}
HTTP Request: GET https://jurisprudencia.cc.gob.gt/Sentencias/790409.54-2006.doc "HTTP/1.1 200 OK"
{"url": "https://jurisprudencia.cc.gob.gt/Sentencias/790409.54-2006.doc", "status": 200, "bytes": 80896, "outcome": "wrong_content_type", "attempts": 1, "event": "http", "level": "info", "timestamp": "2026-08-30T14:01:13.651624Z"}
HTTP Request: GET https://jurisprudencia.cc.gob.gt/Sentencias/799051.80-2003.pdf "HTTP/1.1 200 OK"
{"url": "https://jurisprudencia.cc.gob.gt/Sentencias/799051.80-2003.pdf", "status": 200, "bytes": 120562, "outcome": "ok", "attempts": 1, "event": "http", "level": "info", "timestamp": "2026-08-30T14:01:15.748669Z"}
HTTP Request: GET https://jurisprudencia.cc.gob.gt/Sentencias/849857.649-2022.pdf "HTTP/1.1 200 OK"
{"url": "https://jurisprudencia.cc.gob.gt/Sentencias/849857.649-2022.pdf", "status": 200, "bytes": 290680, "outcome": "ok", "attempts": 1, "event": "http", "level": "info", "timestamp": "2026-08-30T14:01:17.931160Z"}
HTTP Request: GET https://jurisprudencia.cc.gob.gt/Sentencias/833757.72-2016.pdf "HTTP/1.1 200 OK"
{"url": "https://jurisprudencia.cc.gob.gt/Sentencias/833757.72-2016.pdf", "status": 200, "bytes": 467384, "outcome": "ok", "attempts": 1, "event": "http", "level": "info", "timestamp": "2026-08-30T14:01:20.408520Z"}
HTTP Request: GET https://jurisprudencia.cc.gob.gt/Sentencias/842046.5567-2018.pdf "HTTP/1.1 200 OK"
{"url": "https://jurisprudencia.cc.gob.gt/Sentencias/842046.5567-2018.pdf", "status": 200, "bytes": 390570, "outcome": "ok", "attempts": 1, "event": "http", "level": "info", "timestamp": "2026-08-30T14:01:22.622900Z"}
HTTP Request: GET https://jurisprudencia.cc.gob.gt/Sentencias/818504.3212-2011.pdf "HTTP/1.1 200 OK"
{"url": "https://jurisprudencia.cc.gob.gt/Sentencias/818504.3212-2011.pdf", "status": 200, "bytes": 137516, "outcome": "ok", "attempts": 1, "event": "http", "level": "info", "timestamp": "2026-08-30T14:01:24.745368Z"}
HTTP Request: GET https://jurisprudencia.cc.gob.gt/Sentencias/822172.4438-2012.pdf "HTTP/1.1 200 OK"
{"url": "https://jurisprudencia.cc.gob.gt/Sentencias/822172.4438-2012.pdf", "status": 200, "bytes": 139573, "outcome": "ok", "attempts": 1, "event": "http", "level": "info", "timestamp": "2026-08-30T14:01:26.571012Z"}
HTTP Request: GET https://jurisprudencia.cc.gob.gt/Sentencias/815193.1297-2010.pdf "HTTP/1.1 200 OK"
{"url": "https://jurisprudencia.cc.gob.gt/Sentencias/815193.1297-2010.pdf", "status": 200, "bytes": 181522, "outcome": "ok", "attempts": 1, "event": "http", "level": "info", "timestamp": "2026-08-30T14:01:28.159833Z"}
HTTP Request: GET https://jurisprudencia.cc.gob.gt/Sentencias/845931.762-2020.pdf "HTTP/1.1 200 OK"
{"url": "https://jurisprudencia.cc.gob.gt/Sentencias/845931.762-2020.pdf", "status": 200, "bytes": 386655, "outcome": "ok", "attempts": 1, "event": "http", "level": "info", "timestamp": "2026-08-30T14:01:30.174927Z"}
HTTP Request: GET https://jurisprudencia.cc.gob.gt/Sentencias/841497.3972-2018.pdf "HTTP/1.1 200 OK"
{"url": "https://jurisprudencia.cc.gob.gt/Sentencias/841497.3972-2018.pdf", "status": 200, "bytes": 466774, "outcome": "ok", "attempts": 1, "event": "http", "level": "info", "timestamp": "2026-08-30T14:01:32.409462Z"}
HTTP Request: GET https://jurisprudencia.cc.gob.gt/Sentencias/806866.2014-2005.pdf "HTTP/1.1 200 OK"
{"url": "https://jurisprudencia.cc.gob.gt/Sentencias/806866.2014-2005.pdf", "status": 200, "bytes": 141553, "outcome": "ok", "attempts": 1, "event": "http", "level": "info", "timestamp": "2026-08-30T14:01:34.696705Z"}
HTTP Request: GET https://jurisprudencia.cc.gob.gt/Sentencias/842709.1950-2018.pdf "HTTP/1.1 200 OK"
{"url": "https://jurisprudencia.cc.gob.gt/Sentencias/842709.1950-2018.pdf", "status": 200, "bytes": 415714, "outcome": "ok", "attempts": 1, "event": "http", "level": "info", "timestamp": "2026-08-30T14:01:36.753718Z"}
HTTP Request: GET https://jurisprudencia.cc.gob.gt/Sentencias/847327.3826-2020.pdf "HTTP/1.1 200 OK"
{"url": "https://jurisprudencia.cc.gob.gt/Sentencias/847327.3826-2020.pdf", "status": 200, "bytes": 292662, "outcome": "ok", "attempts": 1, "event": "http", "level": "info", "timestamp": "2026-08-30T14:01:38.963800Z"}
HTTP Request: GET https://jurisprudencia.cc.gob.gt/Sentencias/825066.43-2014.pdf "HTTP/1.1 200 OK"
{"url": "https://jurisprudencia.cc.gob.gt/Sentencias/825066.43-2014.pdf", "status": 200, "bytes": 169580, "outcome": "ok", "attempts": 1, "event": "http", "level": "info", "timestamp": "2026-08-30T14:01:40.854196Z"}
HTTP Request: GET https://jurisprudencia.cc.gob.gt/Sentencias/825100.4912-2013.pdf "HTTP/1.1 200 OK"
{"url": "https://jurisprudencia.cc.gob.gt/Sentencias/825100.4912-2013.pdf", "status": 200, "bytes": 179116, "outcome": "ok", "attempts": 1, "event": "http", "level": "info", "timestamp": "2026-08-30T14:01:42.643283Z"}
HTTP Request: GET https://jurisprudencia.cc.gob.gt/Sentencias/818101.2370-2011.pdf "HTTP/1.1 200 OK"
{"url": "https://jurisprudencia.cc.gob.gt/Sentencias/818101.2370-2011.pdf", "status": 200, "bytes": 189503, "outcome": "ok", "attempts": 1, "event": "http", "level": "info", "timestamp": "2026-08-30T14:01:44.864756Z"}
HTTP Request: GET https://jurisprudencia.cc.gob.gt/Sentencias/850266.4403-2021.pdf "HTTP/1.1 200 OK"
{"url": "https://jurisprudencia.cc.gob.gt/Sentencias/850266.4403-2021.pdf", "status": 200, "bytes": 893876, "outcome": "ok", "attempts": 1, "event": "http", "level": "info", "timestamp": "2026-08-30T14:01:47.403321Z"}
HTTP Request: GET https://jurisprudencia.cc.gob.gt/Sentencias/845360.136-2020%20y%20144-2020.pdf "HTTP/1.1 200 OK"
{"url": "https://jurisprudencia.cc.gob.gt/Sentencias/845360.136-2020%20y%20144-2020.pdf", "status": 200, "bytes": 255903, "outcome": "ok", "attempts": 1, "event": "http", "level": "info", "timestamp": "2026-08-30T14:01:48.992435Z"}
HTTP Request: GET https://jurisprudencia.cc.gob.gt/Sentencias/820910.1397-2012.pdf "HTTP/1.1 200 OK"
{"url": "https://jurisprudencia.cc.gob.gt/Sentencias/820910.1397-2012.pdf", "status": 200, "bytes": 147375, "outcome": "ok", "attempts": 1, "event": "http", "level": "info", "timestamp": "2026-08-30T14:01:51.123318Z"}
{"url": "https://jurisprudencia.cc.gob.gt/Sentencias/806510.2310-2004.pdf", "from_cache": true, "outcome": "ok", "event": "http", "level": "info", "timestamp": "2026-08-30T14:01:51.194494Z"}
HTTP Request: GET https://jurisprudencia.cc.gob.gt/Sentencias/801116.619-2005.pdf "HTTP/1.1 200 OK"
{"url": "https://jurisprudencia.cc.gob.gt/Sentencias/801116.619-2005.pdf", "status": 200, "bytes": 136550, "outcome": "ok", "attempts": 1, "event": "http", "level": "info", "timestamp": "2026-08-30T14:01:53.187689Z"}
HTTP Request: GET https://jurisprudencia.cc.gob.gt/Sentencias/832923.1241-2016.pdf "HTTP/1.1 200 OK"
{"url": "https://jurisprudencia.cc.gob.gt/Sentencias/832923.1241-2016.pdf", "status": 200, "bytes": 565538, "outcome": "ok", "attempts": 1, "event": "http", "level": "info", "timestamp": "2026-08-30T14:01:55.151232Z"}
HTTP Request: GET https://jurisprudencia.cc.gob.gt/Sentencias/820935.834-2012.pdf "HTTP/1.1 200 OK"
{"url": "https://jurisprudencia.cc.gob.gt/Sentencias/820935.834-2012.pdf", "status": 200, "bytes": 193221, "outcome": "ok", "attempts": 1, "event": "http", "level": "info", "timestamp": "2026-08-30T14:01:57.340539Z"}
HTTP Request: GET https://jurisprudencia.cc.gob.gt/Sentencias/825236.316-2014.pdf "HTTP/1.1 200 OK"
{"url": "https://jurisprudencia.cc.gob.gt/Sentencias/825236.316-2014.pdf", "status": 200, "bytes": 174799, "outcome": "ok", "attempts": 1, "event": "http", "level": "info", "timestamp": "2026-08-30T14:01:58.976718Z"}
HTTP Request: GET https://jurisprudencia.cc.gob.gt/Sentencias/857585.7779-2023.pdf "HTTP/1.1 200 OK"
{"url": "https://jurisprudencia.cc.gob.gt/Sentencias/857585.7779-2023.pdf", "status": 200, "bytes": 4172260, "outcome": "ok", "attempts": 1, "event": "http", "level": "info", "timestamp": "2026-08-30T14:02:01.532087Z"}
HTTP Request: GET https://jurisprudencia.cc.gob.gt/Sentencias/810745.1335-2010.pdf "HTTP/1.1 200 OK"
{"url": "https://jurisprudencia.cc.gob.gt/Sentencias/810745.1335-2010.pdf", "status": 200, "bytes": 136328, "outcome": "ok", "attempts": 1, "event": "http", "level": "info", "timestamp": "2026-08-30T14:02:03.459504Z"}
HTTP Request: GET https://jurisprudencia.cc.gob.gt/Sentencias/814597.838-2010.pdf "HTTP/1.1 200 OK"
{"url": "https://jurisprudencia.cc.gob.gt/Sentencias/814597.838-2010.pdf", "status": 200, "bytes": 183163, "outcome": "ok", "attempts": 1, "event": "http", "level": "info", "timestamp": "2026-08-30T14:02:05.532758Z"}
HTTP Request: GET https://jurisprudencia.cc.gob.gt/Sentencias/854216.1349-2023.pdf "HTTP/1.1 200 OK"
{"url": "https://jurisprudencia.cc.gob.gt/Sentencias/854216.1349-2023.pdf", "status": 200, "bytes": 3950512, "outcome": "ok", "attempts": 1, "event": "http", "level": "info", "timestamp": "2026-08-30T14:02:07.436871Z"}
HTTP Request: GET https://jurisprudencia.cc.gob.gt/Sentencias/831259.2070-2015.pdf "HTTP/1.1 200 OK"
{"url": "https://jurisprudencia.cc.gob.gt/Sentencias/831259.2070-2015.pdf", "status": 200, "bytes": 254449, "outcome": "ok", "attempts": 1, "event": "http", "level": "info", "timestamp": "2026-08-30T14:02:09.178493Z"}
HTTP Request: GET https://jurisprudencia.cc.gob.gt/Sentencias/854364.6384-2023.pdf "HTTP/1.1 200 OK"
{"url": "https://jurisprudencia.cc.gob.gt/Sentencias/854364.6384-2023.pdf", "status": 200, "bytes": 4144622, "outcome": "ok", "attempts": 1, "event": "http", "level": "info", "timestamp": "2026-08-30T14:02:11.489970Z"}
HTTP Request: GET https://jurisprudencia.cc.gob.gt/Sentencias/828844.316-2015.pdf "HTTP/1.1 200 OK"
{"url": "https://jurisprudencia.cc.gob.gt/Sentencias/828844.316-2015.pdf", "status": 200, "bytes": 178106, "outcome": "ok", "attempts": 1, "event": "http", "level": "info", "timestamp": "2026-08-30T14:02:13.094882Z"}
HTTP Request: GET https://jurisprudencia.cc.gob.gt/Sentencias/850506.3686-2021.pdf "HTTP/1.1 200 OK"
{"url": "https://jurisprudencia.cc.gob.gt/Sentencias/850506.3686-2021.pdf", "status": 200, "bytes": 1146309, "outcome": "ok", "attempts": 1, "event": "http", "level": "info", "timestamp": "2026-08-30T14:02:15.286694Z"}
HTTP Request: GET https://jurisprudencia.cc.gob.gt/Sentencias/819093.1691-2011.pdf "HTTP/1.1 200 OK"
{"url": "https://jurisprudencia.cc.gob.gt/Sentencias/819093.1691-2011.pdf", "status": 200, "bytes": 192117, "outcome": "ok", "attempts": 1, "event": "http", "level": "info", "timestamp": "2026-08-30T14:02:17.246893Z"}
HTTP Request: GET https://jurisprudencia.cc.gob.gt/Sentencias/805840.2440-2004.pdf "HTTP/1.1 200 OK"
{"url": "https://jurisprudencia.cc.gob.gt/Sentencias/805840.2440-2004.pdf", "status": 200, "bytes": 166676, "outcome": "ok", "attempts": 1, "event": "http", "level": "info", "timestamp": "2026-08-30T14:02:19.627800Z"}
HTTP Request: GET https://jurisprudencia.cc.gob.gt/Sentencias/836512.5854-2016.pdf "HTTP/1.1 200 OK"
{"url": "https://jurisprudencia.cc.gob.gt/Sentencias/836512.5854-2016.pdf", "status": 200, "bytes": 311142, "outcome": "ok", "attempts": 1, "event": "http", "level": "info", "timestamp": "2026-08-30T14:02:21.624105Z"}
HTTP Request: GET https://jurisprudencia.cc.gob.gt/Sentencias/806985.3060-2005.pdf "HTTP/1.1 200 OK"
{"url": "https://jurisprudencia.cc.gob.gt/Sentencias/806985.3060-2005.pdf", "status": 200, "bytes": 177894, "outcome": "ok", "attempts": 1, "event": "http", "level": "info", "timestamp": "2026-08-30T14:02:23.848804Z"}
HTTP Request: GET https://jurisprudencia.cc.gob.gt/Sentencias/841846.4478-2018.pdf "HTTP/1.1 200 OK"
{"url": "https://jurisprudencia.cc.gob.gt/Sentencias/841846.4478-2018.pdf", "status": 200, "bytes": 341736, "outcome": "ok", "attempts": 1, "event": "http", "level": "info", "timestamp": "2026-08-30T14:02:25.665618Z"}
HTTP Request: GET https://jurisprudencia.cc.gob.gt/Sentencias/857748.5662-2021.pdf "HTTP/1.1 200 OK"
{"url": "https://jurisprudencia.cc.gob.gt/Sentencias/857748.5662-2021.pdf", "status": 200, "bytes": 3897168, "outcome": "ok", "attempts": 1, "event": "http", "level": "info", "timestamp": "2026-08-30T14:02:28.017871Z"}
HTTP Request: GET https://jurisprudencia.cc.gob.gt/Sentencias/827410.2618-2014.pdf "HTTP/1.1 200 OK"
{"url": "https://jurisprudencia.cc.gob.gt/Sentencias/827410.2618-2014.pdf", "status": 200, "bytes": 86428, "outcome": "ok", "attempts": 1, "event": "http", "level": "info", "timestamp": "2026-08-30T14:02:30.058785Z"}
HTTP Request: GET https://jurisprudencia.cc.gob.gt/Sentencias/807337.2482-2005.pdf "HTTP/1.1 200 OK"
{"url": "https://jurisprudencia.cc.gob.gt/Sentencias/807337.2482-2005.pdf", "status": 200, "bytes": 174125, "outcome": "ok", "attempts": 1, "event": "http", "level": "info", "timestamp": "2026-08-30T14:02:31.835169Z"}
HTTP Request: GET https://jurisprudencia.cc.gob.gt/Sentencias/844190.5092-2019.pdf "HTTP/1.1 200 OK"
{"url": "https://jurisprudencia.cc.gob.gt/Sentencias/844190.5092-2019.pdf", "status": 200, "bytes": 330098, "outcome": "ok", "attempts": 1, "event": "http", "level": "info", "timestamp": "2026-08-30T14:02:34.079685Z"}
HTTP Request: GET https://jurisprudencia.cc.gob.gt/Sentencias/823318.1041-2013%20y%201253-2013.pdf "HTTP/1.1 200 OK"
{"url": "https://jurisprudencia.cc.gob.gt/Sentencias/823318.1041-2013%20y%201253-2013.pdf", "status": 200, "bytes": 236009, "outcome": "ok", "attempts": 1, "event": "http", "level": "info", "timestamp": "2026-08-30T14:02:36.238713Z"}
HTTP Request: GET https://jurisprudencia.cc.gob.gt/Sentencias/837109.2494-2017.pdf "HTTP/1.1 200 OK"
{"url": "https://jurisprudencia.cc.gob.gt/Sentencias/837109.2494-2017.pdf", "status": 200, "bytes": 283871, "outcome": "ok", "attempts": 1, "event": "http", "level": "info", "timestamp": "2026-08-30T14:02:38.534456Z"}
HTTP Request: GET https://jurisprudencia.cc.gob.gt/Sentencias/854515.6803-2023.pdf "HTTP/1.1 200 OK"
{"url": "https://jurisprudencia.cc.gob.gt/Sentencias/854515.6803-2023.pdf", "status": 200, "bytes": 3241532, "outcome": "ok", "attempts": 1, "event": "http", "level": "info", "timestamp": "2026-08-30T14:02:40.820817Z"}
{"url": "https://jurisprudencia.cc.gob.gt/Sentencias/851474.6993-2022,%206999-2022%20y%207033-2022.pdf", "from_cache": true, "outcome": "ok", "event": "http", "level": "info", "timestamp": "2026-08-30T14:02:40.896010Z"}
HTTP Request: GET https://jurisprudencia.cc.gob.gt/Sentencias/810704.799-2009.pdf "HTTP/1.1 200 OK"
{"url": "https://jurisprudencia.cc.gob.gt/Sentencias/810704.799-2009.pdf", "status": 200, "bytes": 147339, "outcome": "ok", "attempts": 1, "event": "http", "level": "info", "timestamp": "2026-08-30T14:02:42.763270Z"}
HTTP Request: GET https://jurisprudencia.cc.gob.gt/Sentencias/829560.2599-2014.pdf "HTTP/1.1 200 OK"
{"url": "https://jurisprudencia.cc.gob.gt/Sentencias/829560.2599-2014.pdf", "status": 200, "bytes": 134738, "outcome": "ok", "attempts": 1, "event": "http", "level": "info", "timestamp": "2026-08-30T14:02:44.563083Z"}
HTTP Request: GET https://jurisprudencia.cc.gob.gt/Sentencias/812217.609-2008.pdf "HTTP/1.1 200 OK"
{"url": "https://jurisprudencia.cc.gob.gt/Sentencias/812217.609-2008.pdf", "status": 200, "bytes": 162744, "outcome": "ok", "attempts": 1, "event": "http", "level": "info", "timestamp": "2026-08-30T14:02:46.640291Z"}
HTTP Request: GET https://jurisprudencia.cc.gob.gt/Sentencias/840330.3996-2018.pdf "HTTP/1.1 404 Not Found"
{"url": "https://jurisprudencia.cc.gob.gt/Sentencias/840330.3996-2018.pdf", "status": 404, "bytes": 1282, "outcome": "http_error", "attempts": 1, "event": "http", "level": "info", "timestamp": "2026-08-30T14:02:48.567878Z"}
HTTP Request: GET https://jurisprudencia.cc.gob.gt/Sentencias/850339.2090-2022.pdf "HTTP/1.1 200 OK"
{"url": "https://jurisprudencia.cc.gob.gt/Sentencias/850339.2090-2022.pdf", "status": 200, "bytes": 1444244, "outcome": "ok", "attempts": 1, "event": "http", "level": "info", "timestamp": "2026-08-30T14:02:50.992806Z"}
HTTP Request: GET https://jurisprudencia.cc.gob.gt/Sentencias/820011.1509-2012.pdf "HTTP/1.1 200 OK"
{"url": "https://jurisprudencia.cc.gob.gt/Sentencias/820011.1509-2012.pdf", "status": 200, "bytes": 179532, "outcome": "ok", "attempts": 1, "event": "http", "level": "info", "timestamp": "2026-08-30T14:02:52.094664Z"}
HTTP Request: GET https://jurisprudencia.cc.gob.gt/Sentencias/817515.3530-2010.pdf "HTTP/1.1 200 OK"
{"url": "https://jurisprudencia.cc.gob.gt/Sentencias/817515.3530-2010.pdf", "status": 200, "bytes": 194432, "outcome": "ok", "attempts": 1, "event": "http", "level": "info", "timestamp": "2026-08-30T14:02:54.011201Z"}
HTTP Request: GET https://jurisprudencia.cc.gob.gt/Sentencias/855539.6354-2023.pdf "HTTP/1.1 200 OK"
{"url": "https://jurisprudencia.cc.gob.gt/Sentencias/855539.6354-2023.pdf", "status": 200, "bytes": 4078348, "outcome": "ok", "attempts": 1, "event": "http", "level": "info", "timestamp": "2026-08-30T14:02:56.565406Z"}
HTTP Request: GET https://jurisprudencia.cc.gob.gt/Sentencias/808065.2835-2005.pdf "HTTP/1.1 200 OK"
{"url": "https://jurisprudencia.cc.gob.gt/Sentencias/808065.2835-2005.pdf", "status": 200, "bytes": 181079, "outcome": "ok", "attempts": 1, "event": "http", "level": "info", "timestamp": "2026-08-30T14:02:58.332957Z"}
HTTP Request: GET https://jurisprudencia.cc.gob.gt/Sentencias/835714.3452-2016.pdf "HTTP/1.1 200 OK"
{"url": "https://jurisprudencia.cc.gob.gt/Sentencias/835714.3452-2016.pdf", "status": 200, "bytes": 309106, "outcome": "ok", "attempts": 1, "event": "http", "level": "info", "timestamp": "2026-08-30T14:03:00.655150Z"}
HTTP Request: GET https://jurisprudencia.cc.gob.gt/Sentencias/855321.6558-2023.pdf "HTTP/1.1 200 OK"
{"url": "https://jurisprudencia.cc.gob.gt/Sentencias/855321.6558-2023.pdf", "status": 200, "bytes": 3172295, "outcome": "ok", "attempts": 1, "event": "http", "level": "info", "timestamp": "2026-08-30T14:03:03.154228Z"}
HTTP Request: GET https://jurisprudencia.cc.gob.gt/Sentencias/817961.1264-2011.pdf "HTTP/1.1 200 OK"
{"url": "https://jurisprudencia.cc.gob.gt/Sentencias/817961.1264-2011.pdf", "status": 200, "bytes": 133542, "outcome": "ok", "attempts": 1, "event": "http", "level": "info", "timestamp": "2026-08-30T14:03:04.675643Z"}
HTTP Request: GET https://jurisprudencia.cc.gob.gt/Sentencias/823197.2883-2012.pdf "HTTP/1.1 200 OK"
{"url": "https://jurisprudencia.cc.gob.gt/Sentencias/823197.2883-2012.pdf", "status": 200, "bytes": 168121, "outcome": "ok", "attempts": 1, "event": "http", "level": "info", "timestamp": "2026-08-30T14:03:06.767811Z"}
HTTP Request: GET https://jurisprudencia.cc.gob.gt/Sentencias/823945.920-2013.pdf "HTTP/1.1 200 OK"
{"url": "https://jurisprudencia.cc.gob.gt/Sentencias/823945.920-2013.pdf", "status": 200, "bytes": 156240, "outcome": "ok", "attempts": 1, "event": "http", "level": "info", "timestamp": "2026-08-30T14:03:08.701294Z"}
{"url": "https://jurisprudencia.cc.gob.gt/Sentencias/817977.1647-2011.pdf", "from_cache": true, "outcome": "ok", "event": "http", "level": "info", "timestamp": "2026-08-30T14:03:08.756743Z"}
HTTP Request: GET https://jurisprudencia.cc.gob.gt/Sentencias/798748.2044-2003.pdf "HTTP/1.1 200 OK"
{"url": "https://jurisprudencia.cc.gob.gt/Sentencias/798748.2044-2003.pdf", "status": 200, "bytes": 67870, "outcome": "ok", "attempts": 1, "event": "http", "level": "info", "timestamp": "2026-08-30T14:03:10.653019Z"}
HTTP Request: GET https://jurisprudencia.cc.gob.gt/Sentencias/817331.3635-2010.pdf "HTTP/1.1 200 OK"
{"url": "https://jurisprudencia.cc.gob.gt/Sentencias/817331.3635-2010.pdf", "status": 200, "bytes": 136931, "outcome": "ok", "attempts": 1, "event": "http", "level": "info", "timestamp": "2026-08-30T14:03:12.625784Z"}
HTTP Request: GET https://jurisprudencia.cc.gob.gt/Sentencias/832448.2530-2016.pdf "HTTP/1.1 200 OK"
{"url": "https://jurisprudencia.cc.gob.gt/Sentencias/832448.2530-2016.pdf", "status": 200, "bytes": 488024, "outcome": "ok", "attempts": 1, "event": "http", "level": "info", "timestamp": "2026-08-30T14:03:14.527233Z"}
HTTP Request: GET https://jurisprudencia.cc.gob.gt/Sentencias/820323.360-2012.pdf "HTTP/1.1 200 OK"
{"url": "https://jurisprudencia.cc.gob.gt/Sentencias/820323.360-2012.pdf", "status": 200, "bytes": 165363, "outcome": "ok", "attempts": 1, "event": "http", "level": "info", "timestamp": "2026-08-30T14:03:16.241683Z"}
HTTP Request: GET https://jurisprudencia.cc.gob.gt/Sentencias/819783.240-2012.pdf "HTTP/1.1 200 OK"
{"url": "https://jurisprudencia.cc.gob.gt/Sentencias/819783.240-2012.pdf", "status": 200, "bytes": 176991, "outcome": "ok", "attempts": 1, "event": "http", "level": "info", "timestamp": "2026-08-30T14:03:18.462907Z"}
HTTP Request: GET https://jurisprudencia.cc.gob.gt/Sentencias/850494.956-2022.pdf "HTTP/1.1 200 OK"
{"url": "https://jurisprudencia.cc.gob.gt/Sentencias/850494.956-2022.pdf", "status": 200, "bytes": 1556242, "outcome": "ok", "attempts": 1, "event": "http", "level": "info", "timestamp": "2026-08-30T14:03:20.615762Z"}
HTTP Request: GET https://jurisprudencia.cc.gob.gt/Sentencias/842212.2669-2018.pdf "HTTP/1.1 200 OK"
{"url": "https://jurisprudencia.cc.gob.gt/Sentencias/842212.2669-2018.pdf", "status": 200, "bytes": 600487, "outcome": "ok", "attempts": 1, "event": "http", "level": "info", "timestamp": "2026-08-30T14:03:22.732416Z"}
HTTP Request: GET https://jurisprudencia.cc.gob.gt/Sentencias/850456.3175-2022.pdf "HTTP/1.1 200 OK"
{"url": "https://jurisprudencia.cc.gob.gt/Sentencias/850456.3175-2022.pdf", "status": 200, "bytes": 878093, "outcome": "ok", "attempts": 1, "event": "http", "level": "info", "timestamp": "2026-08-30T14:03:24.601299Z"}
HTTP Request: GET https://jurisprudencia.cc.gob.gt/Sentencias/805857.2354-2004.pdf "HTTP/1.1 200 OK"
{"url": "https://jurisprudencia.cc.gob.gt/Sentencias/805857.2354-2004.pdf", "status": 200, "bytes": 92919, "outcome": "ok", "attempts": 1, "event": "http", "level": "info", "timestamp": "2026-08-30T14:03:26.423671Z"}
HTTP Request: GET https://jurisprudencia.cc.gob.gt/Sentencias/820872.1482-2012.pdf "HTTP/1.1 200 OK"
{"url": "https://jurisprudencia.cc.gob.gt/Sentencias/820872.1482-2012.pdf", "status": 200, "bytes": 142642, "outcome": "ok", "attempts": 1, "event": "http", "level": "info", "timestamp": "2026-08-30T14:03:28.465079Z"}
HTTP Request: GET https://jurisprudencia.cc.gob.gt/Sentencias/818098.2039-2011.pdf "HTTP/1.1 200 OK"
{"url": "https://jurisprudencia.cc.gob.gt/Sentencias/818098.2039-2011.pdf", "status": 200, "bytes": 141750, "outcome": "ok", "attempts": 1, "event": "http", "level": "info", "timestamp": "2026-08-30T14:03:30.224786Z"}
HTTP Request: GET https://jurisprudencia.cc.gob.gt/Sentencias/856560.6854-2022.pdf "HTTP/1.1 200 OK"
{"url": "https://jurisprudencia.cc.gob.gt/Sentencias/856560.6854-2022.pdf", "status": 200, "bytes": 3883602, "outcome": "ok", "attempts": 1, "event": "http", "level": "info", "timestamp": "2026-08-30T14:03:32.731586Z"}
HTTP Request: GET https://jurisprudencia.cc.gob.gt/Sentencias/806735.119-2006.pdf "HTTP/1.1 200 OK"
{"url": "https://jurisprudencia.cc.gob.gt/Sentencias/806735.119-2006.pdf", "status": 200, "bytes": 193414, "outcome": "ok", "attempts": 1, "event": "http", "level": "info", "timestamp": "2026-08-30T14:03:34.695170Z"}
HTTP Request: GET https://jurisprudencia.cc.gob.gt/Sentencias/826193.2893-2014.pdf "HTTP/1.1 200 OK"
{"url": "https://jurisprudencia.cc.gob.gt/Sentencias/826193.2893-2014.pdf", "status": 200, "bytes": 82184, "outcome": "ok", "attempts": 1, "event": "http", "level": "info", "timestamp": "2026-08-30T14:03:36.440277Z"}
HTTP Request: GET https://jurisprudencia.cc.gob.gt/Sentencias/823819.2756-2013.pdf "HTTP/1.1 200 OK"
{"url": "https://jurisprudencia.cc.gob.gt/Sentencias/823819.2756-2013.pdf", "status": 200, "bytes": 94767, "outcome": "ok", "attempts": 1, "event": "http", "level": "info", "timestamp": "2026-08-30T14:03:38.139902Z"}
HTTP Request: GET https://jurisprudencia.cc.gob.gt/Sentencias/802507.1258-2007.pdf "HTTP/1.1 200 OK"
{"url": "https://jurisprudencia.cc.gob.gt/Sentencias/802507.1258-2007.pdf", "status": 200, "bytes": 161426, "outcome": "ok", "attempts": 1, "event": "http", "level": "info", "timestamp": "2026-08-30T14:03:39.838179Z"}
HTTP Request: GET https://jurisprudencia.cc.gob.gt/Sentencias/854574.1267-2023.pdf "HTTP/1.1 200 OK"
{"url": "https://jurisprudencia.cc.gob.gt/Sentencias/854574.1267-2023.pdf", "status": 200, "bytes": 4017096, "outcome": "ok", "attempts": 1, "event": "http", "level": "info", "timestamp": "2026-08-30T14:03:42.010977Z"}
HTTP Request: GET https://jurisprudencia.cc.gob.gt/Sentencias/829167.2934-2014.pdf "HTTP/1.1 200 OK"
{"url": "https://jurisprudencia.cc.gob.gt/Sentencias/829167.2934-2014.pdf", "status": 200, "bytes": 176310, "outcome": "ok", "attempts": 1, "event": "http", "level": "info", "timestamp": "2026-08-30T14:03:44.061275Z"}
HTTP Request: GET https://jurisprudencia.cc.gob.gt/Sentencias/799005.576-2004.pdf "HTTP/1.1 200 OK"
{"url": "https://jurisprudencia.cc.gob.gt/Sentencias/799005.576-2004.pdf", "status": 200, "bytes": 117785, "outcome": "ok", "attempts": 1, "event": "http", "level": "info", "timestamp": "2026-08-30T14:03:46.089080Z"}
HTTP Request: GET https://jurisprudencia.cc.gob.gt/Sentencias/820853.2881-2011.pdf "HTTP/1.1 200 OK"
{"url": "https://jurisprudencia.cc.gob.gt/Sentencias/820853.2881-2011.pdf", "status": 200, "bytes": 195713, "outcome": "ok", "attempts": 1, "event": "http", "level": "info", "timestamp": "2026-08-30T14:03:47.926597Z"}
HTTP Request: GET https://jurisprudencia.cc.gob.gt/Sentencias/824793.4726-2013.pdf "HTTP/1.1 200 OK"
{"url": "https://jurisprudencia.cc.gob.gt/Sentencias/824793.4726-2013.pdf", "status": 200, "bytes": 189044, "outcome": "ok", "attempts": 1, "event": "http", "level": "info", "timestamp": "2026-08-30T14:03:49.734842Z"}
{"procesados": 1500, "por_regla": 1389, "event": "avance", "level": "info", "timestamp": "2026-08-30T14:03:49.785716Z"}
HTTP Request: GET https://jurisprudencia.cc.gob.gt/Sentencias/798762.2098-2003.pdf "HTTP/1.1 200 OK"
{"url": "https://jurisprudencia.cc.gob.gt/Sentencias/798762.2098-2003.pdf", "status": 200, "bytes": 170869, "outcome": "ok", "attempts": 1, "event": "http", "level": "info", "timestamp": "2026-08-30T14:03:51.465690Z"}
HTTP Request: GET https://jurisprudencia.cc.gob.gt/Sentencias/836427.2015-2017.pdf "HTTP/1.1 404 Not Found"
{"url": "https://jurisprudencia.cc.gob.gt/Sentencias/836427.2015-2017.pdf", "status": 404, "bytes": 1282, "outcome": "http_error", "attempts": 1, "event": "http", "level": "info", "timestamp": "2026-08-30T14:03:53.199509Z"}
HTTP Request: GET https://jurisprudencia.cc.gob.gt/Sentencias/798426.775-2003.pdf "HTTP/1.1 200 OK"
{"url": "https://jurisprudencia.cc.gob.gt/Sentencias/798426.775-2003.pdf", "status": 200, "bytes": 117734, "outcome": "ok", "attempts": 1, "event": "http", "level": "info", "timestamp": "2026-08-30T14:03:55.363222Z"}
HTTP Request: GET https://jurisprudencia.cc.gob.gt/Sentencias/852345.6399-2022.pdf "HTTP/1.1 200 OK"
{"url": "https://jurisprudencia.cc.gob.gt/Sentencias/852345.6399-2022.pdf", "status": 200, "bytes": 906034, "outcome": "ok", "attempts": 1, "event": "http", "level": "info", "timestamp": "2026-08-30T14:03:57.245071Z"}
HTTP Request: GET https://jurisprudencia.cc.gob.gt/Sentencias/852820.3586-2023.pdf "HTTP/1.1 200 OK"
{"url": "https://jurisprudencia.cc.gob.gt/Sentencias/852820.3586-2023.pdf", "status": 200, "bytes": 846739, "outcome": "ok", "attempts": 1, "event": "http", "level": "info", "timestamp": "2026-08-30T14:04:00.070392Z"}
HTTP Request: GET https://jurisprudencia.cc.gob.gt/Sentencias/821108.171-2012.pdf "HTTP/1.1 200 OK"
{"url": "https://jurisprudencia.cc.gob.gt/Sentencias/821108.171-2012.pdf", "status": 200, "bytes": 145468, "outcome": "ok", "attempts": 1, "event": "http", "level": "info", "timestamp": "2026-08-30T14:04:01.576624Z"}
HTTP Request: GET https://jurisprudencia.cc.gob.gt/Sentencias/852028.6628-2022.pdf "HTTP/1.1 200 OK"
{"url": "https://jurisprudencia.cc.gob.gt/Sentencias/852028.6628-2022.pdf", "status": 200, "bytes": 876093, "outcome": "ok", "attempts": 1, "event": "http", "level": "info", "timestamp": "2026-08-30T14:04:03.405427Z"}
HTTP Request: GET https://jurisprudencia.cc.gob.gt/Sentencias/833185.5353-2016.pdf "HTTP/1.1 200 OK"
{"url": "https://jurisprudencia.cc.gob.gt/Sentencias/833185.5353-2016.pdf", "status": 200, "bytes": 579583, "outcome": "ok", "attempts": 1, "event": "http", "level": "info", "timestamp": "2026-08-30T14:04:05.405600Z"}
HTTP Request: GET https://jurisprudencia.cc.gob.gt/Sentencias/844549.7307-2019.pdf "HTTP/1.1 200 OK"
{"url": "https://jurisprudencia.cc.gob.gt/Sentencias/844549.7307-2019.pdf", "status": 200, "bytes": 332401, "outcome": "ok", "attempts": 1, "event": "http", "level": "info", "timestamp": "2026-08-30T14:04:07.150262Z"}
HTTP Request: GET https://jurisprudencia.cc.gob.gt/Sentencias/813148.2984-2007.pdf "HTTP/1.1 200 OK"
{"url": "https://jurisprudencia.cc.gob.gt/Sentencias/813148.2984-2007.pdf", "status": 200, "bytes": 152914, "outcome": "ok", "attempts": 1, "event": "http", "level": "info", "timestamp": "2026-08-30T14:04:09.281233Z"}
HTTP Request: GET https://jurisprudencia.cc.gob.gt/Sentencias/828894.5833-2014.pdf "HTTP/1.1 200 OK"
{"url": "https://jurisprudencia.cc.gob.gt/Sentencias/828894.5833-2014.pdf", "status": 200, "bytes": 81646, "outcome": "ok", "attempts": 1, "event": "http", "level": "info", "timestamp": "2026-08-30T14:04:11.245293Z"}
HTTP Request: GET https://jurisprudencia.cc.gob.gt/Sentencias/853500.1727-2023.pdf "HTTP/1.1 200 OK"
{"url": "https://jurisprudencia.cc.gob.gt/Sentencias/853500.1727-2023.pdf", "status": 200, "bytes": 765856, "outcome": "ok", "attempts": 1, "event": "http", "level": "info", "timestamp": "2026-08-30T14:04:13.777612Z"}
HTTP Request: GET https://jurisprudencia.cc.gob.gt/Sentencias/798231.404-2003.pdf "HTTP/1.1 200 OK"
{"url": "https://jurisprudencia.cc.gob.gt/Sentencias/798231.404-2003.pdf", "status": 200, "bytes": 122624, "outcome": "ok", "attempts": 1, "event": "http", "level": "info", "timestamp": "2026-08-30T14:04:15.446427Z"}
HTTP Request: GET https://jurisprudencia.cc.gob.gt/Sentencias/842478.4249-2018.pdf "HTTP/1.1 200 OK"
{"url": "https://jurisprudencia.cc.gob.gt/Sentencias/842478.4249-2018.pdf", "status": 200, "bytes": 425756, "outcome": "ok", "attempts": 1, "event": "http", "level": "info", "timestamp": "2026-08-30T14:04:17.824488Z"}
HTTP Request: GET https://jurisprudencia.cc.gob.gt/Sentencias/809461.1508-2009.pdf "HTTP/1.1 200 OK"
{"url": "https://jurisprudencia.cc.gob.gt/Sentencias/809461.1508-2009.pdf", "status": 200, "bytes": 120141, "outcome": "ok", "attempts": 1, "event": "http", "level": "info", "timestamp": "2026-08-30T14:04:19.945932Z"}
HTTP Request: GET https://jurisprudencia.cc.gob.gt/Sentencias/842901.2381-2018.pdf "HTTP/1.1 200 OK"
{"url": "https://jurisprudencia.cc.gob.gt/Sentencias/842901.2381-2018.pdf", "status": 200, "bytes": 480461, "outcome": "ok", "attempts": 1, "event": "http", "level": "info", "timestamp": "2026-08-30T14:04:22.026524Z"}
HTTP Request: GET https://jurisprudencia.cc.gob.gt/Sentencias/856162.6147-2022.pdf "HTTP/1.1 200 OK"
{"url": "https://jurisprudencia.cc.gob.gt/Sentencias/856162.6147-2022.pdf", "status": 200, "bytes": 4023900, "outcome": "ok", "attempts": 1, "event": "http", "level": "info", "timestamp": "2026-08-30T14:04:24.536714Z"}
HTTP Request: GET https://jurisprudencia.cc.gob.gt/Sentencias/855604.4622-2023.pdf "HTTP/1.1 200 OK"
{"url": "https://jurisprudencia.cc.gob.gt/Sentencias/855604.4622-2023.pdf", "status": 200, "bytes": 3049259, "outcome": "ok", "attempts": 1, "event": "http", "level": "info", "timestamp": "2026-08-30T14:04:26.384677Z"}
HTTP Request: GET https://jurisprudencia.cc.gob.gt/Sentencias/824133.2138-2013.pdf "HTTP/1.1 200 OK"
{"url": "https://jurisprudencia.cc.gob.gt/Sentencias/824133.2138-2013.pdf", "status": 200, "bytes": 185441, "outcome": "ok", "attempts": 1, "event": "http", "level": "info", "timestamp": "2026-08-30T14:04:27.852462Z"}
HTTP Request: GET https://jurisprudencia.cc.gob.gt/Sentencias/845321.541-2020.pdf "HTTP/1.1 200 OK"
{"url": "https://jurisprudencia.cc.gob.gt/Sentencias/845321.541-2020.pdf", "status": 200, "bytes": 284314, "outcome": "ok", "attempts": 1, "event": "http", "level": "info", "timestamp": "2026-08-30T14:04:29.490605Z"}
HTTP Request: GET https://jurisprudencia.cc.gob.gt/Sentencias/843114.537-2019.pdf "HTTP/1.1 200 OK"
{"url": "https://jurisprudencia.cc.gob.gt/Sentencias/843114.537-2019.pdf", "status": 200, "bytes": 528031, "outcome": "ok", "attempts": 1, "event": "http", "level": "info", "timestamp": "2026-08-30T14:04:31.447660Z"}
HTTP Request: GET https://jurisprudencia.cc.gob.gt/Sentencias/842040.2437-2018.pdf "HTTP/1.1 200 OK"
{"url": "https://jurisprudencia.cc.gob.gt/Sentencias/842040.2437-2018.pdf", "status": 200, "bytes": 512138, "outcome": "ok", "attempts": 1, "event": "http", "level": "info", "timestamp": "2026-08-30T14:04:33.558177Z"}
HTTP Request: GET https://jurisprudencia.cc.gob.gt/Sentencias/828855.3560-2014.pdf "HTTP/1.1 200 OK"
{"url": "https://jurisprudencia.cc.gob.gt/Sentencias/828855.3560-2014.pdf", "status": 200, "bytes": 83667, "outcome": "ok", "attempts": 1, "event": "http", "level": "info", "timestamp": "2026-08-30T14:04:35.460403Z"}
HTTP Request: GET https://jurisprudencia.cc.gob.gt/Sentencias/819364.2376-2006.pdf "HTTP/1.1 200 OK"
{"url": "https://jurisprudencia.cc.gob.gt/Sentencias/819364.2376-2006.pdf", "status": 200, "bytes": 148368, "outcome": "ok", "attempts": 1, "event": "http", "level": "info", "timestamp": "2026-08-30T14:04:37.277487Z"}
HTTP Request: GET https://jurisprudencia.cc.gob.gt/Sentencias/848792.5858-2021.pdf "HTTP/1.1 200 OK"
{"url": "https://jurisprudencia.cc.gob.gt/Sentencias/848792.5858-2021.pdf", "status": 200, "bytes": 301744, "outcome": "ok", "attempts": 1, "event": "http", "level": "info", "timestamp": "2026-08-30T14:04:39.207102Z"}
HTTP Request: GET https://jurisprudencia.cc.gob.gt/Sentencias/843515.3062-2019.pdf "HTTP/1.1 200 OK"
{"url": "https://jurisprudencia.cc.gob.gt/Sentencias/843515.3062-2019.pdf", "status": 200, "bytes": 536399, "outcome": "ok", "attempts": 1, "event": "http", "level": "info", "timestamp": "2026-08-30T14:04:41.545661Z"}
HTTP Request: GET https://jurisprudencia.cc.gob.gt/Sentencias/840834.3220-2018.pdf "HTTP/1.1 200 OK"
{"url": "https://jurisprudencia.cc.gob.gt/Sentencias/840834.3220-2018.pdf", "status": 200, "bytes": 504664, "outcome": "ok", "attempts": 1, "event": "http", "level": "info", "timestamp": "2026-08-30T14:04:43.632162Z"}
HTTP Request: GET https://jurisprudencia.cc.gob.gt/Sentencias/812194.1866-2008.pdf "HTTP/1.1 200 OK"
{"url": "https://jurisprudencia.cc.gob.gt/Sentencias/812194.1866-2008.pdf", "status": 200, "bytes": 233756, "outcome": "ok", "attempts": 1, "event": "http", "level": "info", "timestamp": "2026-08-30T14:04:45.513095Z"}
HTTP Request: GET https://jurisprudencia.cc.gob.gt/Sentencias/844277.5014-2019.pdf "HTTP/1.1 200 OK"
{"url": "https://jurisprudencia.cc.gob.gt/Sentencias/844277.5014-2019.pdf", "status": 200, "bytes": 346070, "outcome": "ok", "attempts": 1, "event": "http", "level": "info", "timestamp": "2026-08-30T14:04:47.243089Z"}
{"url": "https://jurisprudencia.cc.gob.gt/Sentencias/855969.3972-2022.pdf", "from_cache": true, "outcome": "ok", "event": "http", "level": "info", "timestamp": "2026-08-30T14:04:47.378212Z"}
HTTP Request: GET https://jurisprudencia.cc.gob.gt/Sentencias/845483.5930-2019.pdf "HTTP/1.1 200 OK"
{"url": "https://jurisprudencia.cc.gob.gt/Sentencias/845483.5930-2019.pdf", "status": 200, "bytes": 433110, "outcome": "ok", "attempts": 1, "event": "http", "level": "info", "timestamp": "2026-08-30T14:04:49.287047Z"}
HTTP Request: GET https://jurisprudencia.cc.gob.gt/Sentencias/841583.2890-2018.pdf "HTTP/1.1 200 OK"
{"url": "https://jurisprudencia.cc.gob.gt/Sentencias/841583.2890-2018.pdf", "status": 200, "bytes": 500776, "outcome": "ok", "attempts": 1, "event": "http", "level": "info", "timestamp": "2026-08-30T14:04:51.104762Z"}
HTTP Request: GET https://jurisprudencia.cc.gob.gt/Sentencias/837535.3501-2017.pdf "HTTP/1.1 200 OK"
{"url": "https://jurisprudencia.cc.gob.gt/Sentencias/837535.3501-2017.pdf", "status": 200, "bytes": 299229, "outcome": "ok", "attempts": 1, "event": "http", "level": "info", "timestamp": "2026-08-30T14:04:53.084469Z"}
HTTP Request: GET https://jurisprudencia.cc.gob.gt/Sentencias/852905.1213-2023.pdf "HTTP/1.1 200 OK"
{"url": "https://jurisprudencia.cc.gob.gt/Sentencias/852905.1213-2023.pdf", "status": 200, "bytes": 711108, "outcome": "ok", "attempts": 1, "event": "http", "level": "info", "timestamp": "2026-08-30T14:04:54.968714Z"}
HTTP Request: GET https://jurisprudencia.cc.gob.gt/Sentencias/807432.61-2005.pdf "HTTP/1.1 200 OK"
{"url": "https://jurisprudencia.cc.gob.gt/Sentencias/807432.61-2005.pdf", "status": 200, "bytes": 97517, "outcome": "ok", "attempts": 1, "event": "http", "level": "info", "timestamp": "2026-08-30T14:04:57.105976Z"}
HTTP Request: GET https://jurisprudencia.cc.gob.gt/Sentencias/854718.5341-2022.pdf "HTTP/1.1 200 OK"
{"url": "https://jurisprudencia.cc.gob.gt/Sentencias/854718.5341-2022.pdf", "status": 200, "bytes": 3981800, "outcome": "ok", "attempts": 1, "event": "http", "level": "info", "timestamp": "2026-08-30T14:04:59.012987Z"}
HTTP Request: GET https://jurisprudencia.cc.gob.gt/Sentencias/817335.3667-2010.pdf "HTTP/1.1 200 OK"
{"url": "https://jurisprudencia.cc.gob.gt/Sentencias/817335.3667-2010.pdf", "status": 200, "bytes": 191651, "outcome": "ok", "attempts": 1, "event": "http", "level": "info", "timestamp": "2026-08-30T14:05:01.224356Z"}
HTTP Request: GET https://jurisprudencia.cc.gob.gt/Sentencias/831057.5535-2015.pdf "HTTP/1.1 200 OK"
{"url": "https://jurisprudencia.cc.gob.gt/Sentencias/831057.5535-2015.pdf", "status": 200, "bytes": 291880, "outcome": "ok", "attempts": 1, "event": "http", "level": "info", "timestamp": "2026-08-30T14:05:03.392600Z"}
HTTP Request: GET https://jurisprudencia.cc.gob.gt/Sentencias/847370.2153-2021.pdf "HTTP/1.1 200 OK"
{"url": "https://jurisprudencia.cc.gob.gt/Sentencias/847370.2153-2021.pdf", "status": 200, "bytes": 245126, "outcome": "ok", "attempts": 1, "event": "http", "level": "info", "timestamp": "2026-08-30T14:05:05.458975Z"}
HTTP Request: GET https://jurisprudencia.cc.gob.gt/Sentencias/852989.3099-2022.pdf "HTTP/1.1 200 OK"
{"url": "https://jurisprudencia.cc.gob.gt/Sentencias/852989.3099-2022.pdf", "status": 200, "bytes": 660269, "outcome": "ok", "attempts": 1, "event": "http", "level": "info", "timestamp": "2026-08-30T14:05:07.788900Z"}
HTTP Request: GET https://jurisprudencia.cc.gob.gt/Sentencias/846041.5534-2019.pdf "HTTP/1.1 200 OK"
{"url": "https://jurisprudencia.cc.gob.gt/Sentencias/846041.5534-2019.pdf", "status": 200, "bytes": 320210, "outcome": "ok", "attempts": 1, "event": "http", "level": "info", "timestamp": "2026-08-30T14:05:09.570692Z"}
HTTP Request: GET https://jurisprudencia.cc.gob.gt/Sentencias/844573.6869-2019.pdf "HTTP/1.1 200 OK"
{"url": "https://jurisprudencia.cc.gob.gt/Sentencias/844573.6869-2019.pdf", "status": 200, "bytes": 374868, "outcome": "ok", "attempts": 1, "event": "http", "level": "info", "timestamp": "2026-08-30T14:05:11.502457Z"}
HTTP Request: GET https://jurisprudencia.cc.gob.gt/Sentencias/825379.5149-2013.pdf "HTTP/1.1 200 OK"
{"url": "https://jurisprudencia.cc.gob.gt/Sentencias/825379.5149-2013.pdf", "status": 200, "bytes": 208506, "outcome": "ok", "attempts": 1, "event": "http", "level": "info", "timestamp": "2026-08-30T14:05:13.291406Z"}
HTTP Request: GET https://jurisprudencia.cc.gob.gt/Sentencias/838663.2964-2017.pdf "HTTP/1.1 200 OK"
{"url": "https://jurisprudencia.cc.gob.gt/Sentencias/838663.2964-2017.pdf", "status": 200, "bytes": 317695, "outcome": "ok", "attempts": 1, "event": "http", "level": "info", "timestamp": "2026-08-30T14:05:15.443378Z"}
HTTP Request: GET https://jurisprudencia.cc.gob.gt/Sentencias/799188.1397-2004.pdf "HTTP/1.1 200 OK"
{"url": "https://jurisprudencia.cc.gob.gt/Sentencias/799188.1397-2004.pdf", "status": 200, "bytes": 125392, "outcome": "ok", "attempts": 1, "event": "http", "level": "info", "timestamp": "2026-08-30T14:05:17.353040Z"}
HTTP Request: GET https://jurisprudencia.cc.gob.gt/Sentencias/826780.2763-2014.pdf "HTTP/1.1 200 OK"
{"url": "https://jurisprudencia.cc.gob.gt/Sentencias/826780.2763-2014.pdf", "status": 200, "bytes": 182173, "outcome": "ok", "attempts": 1, "event": "http", "level": "info", "timestamp": "2026-08-30T14:05:19.381959Z"}
HTTP Request: GET https://jurisprudencia.cc.gob.gt/Sentencias/810445.55-2009.pdf "HTTP/1.1 200 OK"
{"url": "https://jurisprudencia.cc.gob.gt/Sentencias/810445.55-2009.pdf", "status": 200, "bytes": 140885, "outcome": "ok", "attempts": 1, "event": "http", "level": "info", "timestamp": "2026-08-30T14:05:21.592445Z"}
HTTP Request: GET https://jurisprudencia.cc.gob.gt/Sentencias/840829.2610-2018.pdf "HTTP/1.1 200 OK"
{"url": "https://jurisprudencia.cc.gob.gt/Sentencias/840829.2610-2018.pdf", "status": 200, "bytes": 565272, "outcome": "ok", "attempts": 1, "event": "http", "level": "info", "timestamp": "2026-08-30T14:05:23.405262Z"}
HTTP Request: GET https://jurisprudencia.cc.gob.gt/Sentencias/847355.4421-2020.pdf "HTTP/1.1 200 OK"
{"url": "https://jurisprudencia.cc.gob.gt/Sentencias/847355.4421-2020.pdf", "status": 200, "bytes": 318497, "outcome": "ok", "attempts": 1, "event": "http", "level": "info", "timestamp": "2026-08-30T14:05:25.874192Z"}
HTTP Request: GET https://jurisprudencia.cc.gob.gt/Sentencias/828004.2727-2014.pdf "HTTP/1.1 200 OK"
{"url": "https://jurisprudencia.cc.gob.gt/Sentencias/828004.2727-2014.pdf", "status": 200, "bytes": 188122, "outcome": "ok", "attempts": 1, "event": "http", "level": "info", "timestamp": "2026-08-30T14:05:27.587167Z"}
HTTP Request: GET https://jurisprudencia.cc.gob.gt/Sentencias/838834.3489-2017.pdf "HTTP/1.1 200 OK"
{"url": "https://jurisprudencia.cc.gob.gt/Sentencias/838834.3489-2017.pdf", "status": 200, "bytes": 283402, "outcome": "ok", "attempts": 1, "event": "http", "level": "info", "timestamp": "2026-08-30T14:05:29.644558Z"}
HTTP Request: GET https://jurisprudencia.cc.gob.gt/Sentencias/849645.2788-2021.pdf "HTTP/1.1 200 OK"
{"url": "https://jurisprudencia.cc.gob.gt/Sentencias/849645.2788-2021.pdf", "status": 200, "bytes": 331789, "outcome": "ok", "attempts": 1, "event": "http", "level": "info", "timestamp": "2026-08-30T14:05:31.486643Z"}
HTTP Request: GET https://jurisprudencia.cc.gob.gt/Sentencias/846555.3288-2020.pdf "HTTP/1.1 200 OK"
{"url": "https://jurisprudencia.cc.gob.gt/Sentencias/846555.3288-2020.pdf", "status": 200, "bytes": 382543, "outcome": "ok", "attempts": 1, "event": "http", "level": "info", "timestamp": "2026-08-30T14:05:33.668603Z"}
{"url": "https://jurisprudencia.cc.gob.gt/Sentencias/810078.2242-2009.pdf", "from_cache": true, "outcome": "ok", "event": "http", "level": "info", "timestamp": "2026-08-30T14:05:33.748957Z"}
HTTP Request: GET https://jurisprudencia.cc.gob.gt/Sentencias/806892.2870-2005.pdf "HTTP/1.1 200 OK"
{"url": "https://jurisprudencia.cc.gob.gt/Sentencias/806892.2870-2005.pdf", "status": 200, "bytes": 190999, "outcome": "ok", "attempts": 1, "event": "http", "level": "info", "timestamp": "2026-08-30T14:05:35.605514Z"}
HTTP Request: GET https://jurisprudencia.cc.gob.gt/Sentencias/817505.3185-2010.pdf "HTTP/1.1 200 OK"
{"url": "https://jurisprudencia.cc.gob.gt/Sentencias/817505.3185-2010.pdf", "status": 200, "bytes": 183322, "outcome": "ok", "attempts": 1, "event": "http", "level": "info", "timestamp": "2026-08-30T14:05:37.964772Z"}
HTTP Request: GET https://jurisprudencia.cc.gob.gt/Sentencias/838358.5063-2016.pdf "HTTP/1.1 200 OK"
{"url": "https://jurisprudencia.cc.gob.gt/Sentencias/838358.5063-2016.pdf", "status": 200, "bytes": 306098, "outcome": "ok", "attempts": 1, "event": "http", "level": "info", "timestamp": "2026-08-30T14:05:40.283294Z"}
HTTP Request: GET https://jurisprudencia.cc.gob.gt/Sentencias/827132.4941-2014.pdf "HTTP/1.1 200 OK"
{"url": "https://jurisprudencia.cc.gob.gt/Sentencias/827132.4941-2014.pdf", "status": 200, "bytes": 82929, "outcome": "ok", "attempts": 1, "event": "http", "level": "info", "timestamp": "2026-08-30T14:05:42.055738Z"}
{"url": "https://jurisprudencia.cc.gob.gt/Sentencias/847987.1403-2021%20y%201448-2021.pdf", "from_cache": true, "outcome": "ok", "event": "http", "level": "info", "timestamp": "2026-08-30T14:05:42.118884Z"}
HTTP Request: GET https://jurisprudencia.cc.gob.gt/Sentencias/807818.443-2006.pdf "HTTP/1.1 200 OK"
{"url": "https://jurisprudencia.cc.gob.gt/Sentencias/807818.443-2006.pdf", "status": 200, "bytes": 196080, "outcome": "ok", "attempts": 1, "event": "http", "level": "info", "timestamp": "2026-08-30T14:05:43.939775Z"}
HTTP Request: GET https://jurisprudencia.cc.gob.gt/Sentencias/854328.5794-2023.pdf "HTTP/1.1 200 OK"
{"url": "https://jurisprudencia.cc.gob.gt/Sentencias/854328.5794-2023.pdf", "status": 200, "bytes": 3230403, "outcome": "ok", "attempts": 1, "event": "http", "level": "info", "timestamp": "2026-08-30T14:05:46.856808Z"}
HTTP Request: GET https://jurisprudencia.cc.gob.gt/Sentencias/830337.3398-2015.pdf "HTTP/1.1 200 OK"
{"url": "https://jurisprudencia.cc.gob.gt/Sentencias/830337.3398-2015.pdf", "status": 200, "bytes": 147188, "outcome": "ok", "attempts": 1, "event": "http", "level": "info", "timestamp": "2026-08-30T14:05:47.824080Z"}
{"url": "https://jurisprudencia.cc.gob.gt/Sentencias/813987.1023-2007.pdf", "from_cache": true, "outcome": "ok", "event": "http", "level": "info", "timestamp": "2026-08-30T14:05:47.891331Z"}
HTTP Request: GET https://jurisprudencia.cc.gob.gt/Sentencias/809406.600-2009.pdf "HTTP/1.1 200 OK"
{"url": "https://jurisprudencia.cc.gob.gt/Sentencias/809406.600-2009.pdf", "status": 200, "bytes": 148987, "outcome": "ok", "attempts": 1, "event": "http", "level": "info", "timestamp": "2026-08-30T14:05:49.731778Z"}
HTTP Request: GET https://jurisprudencia.cc.gob.gt/Sentencias/831082.5177-2015.pdf "HTTP/1.1 200 OK"
{"url": "https://jurisprudencia.cc.gob.gt/Sentencias/831082.5177-2015.pdf", "status": 200, "bytes": 235462, "outcome": "ok", "attempts": 1, "event": "http", "level": "info", "timestamp": "2026-08-30T14:05:51.921606Z"}
HTTP Request: GET https://jurisprudencia.cc.gob.gt/Sentencias/814730.2180-2006.pdf "HTTP/1.1 200 OK"
{"url": "https://jurisprudencia.cc.gob.gt/Sentencias/814730.2180-2006.pdf", "status": 200, "bytes": 151991, "outcome": "ok", "attempts": 1, "event": "http", "level": "info", "timestamp": "2026-08-30T14:05:53.761120Z"}
HTTP Request: GET https://jurisprudencia.cc.gob.gt/Sentencias/842938.3134-2019.pdf "HTTP/1.1 200 OK"
{"url": "https://jurisprudencia.cc.gob.gt/Sentencias/842938.3134-2019.pdf", "status": 200, "bytes": 457310, "outcome": "ok", "attempts": 1, "event": "http", "level": "info", "timestamp": "2026-08-30T14:05:55.884354Z"}
HTTP Request: GET https://jurisprudencia.cc.gob.gt/Sentencias/856426.6533-2023.pdf "HTTP/1.1 200 OK"
{"url": "https://jurisprudencia.cc.gob.gt/Sentencias/856426.6533-2023.pdf", "status": 200, "bytes": 3212344, "outcome": "ok", "attempts": 1, "event": "http", "level": "info", "timestamp": "2026-08-30T14:05:57.951505Z"}
HTTP Request: GET https://jurisprudencia.cc.gob.gt/Sentencias/806816.1614-2005.pdf "HTTP/1.1 200 OK"
{"url": "https://jurisprudencia.cc.gob.gt/Sentencias/806816.1614-2005.pdf", "status": 200, "bytes": 191194, "outcome": "ok", "attempts": 1, "event": "http", "level": "info", "timestamp": "2026-08-30T14:05:59.369888Z"}
HTTP Request: GET https://jurisprudencia.cc.gob.gt/Sentencias/858552.7121-2022.pdf "HTTP/1.1 200 OK"
{"url": "https://jurisprudencia.cc.gob.gt/Sentencias/858552.7121-2022.pdf", "status": 200, "bytes": 3223802, "outcome": "ok", "attempts": 1, "event": "http", "level": "info", "timestamp": "2026-08-30T14:06:01.590823Z"}
HTTP Request: GET https://jurisprudencia.cc.gob.gt/Sentencias/847996.3294-2020.pdf "HTTP/1.1 200 OK"
{"url": "https://jurisprudencia.cc.gob.gt/Sentencias/847996.3294-2020.pdf", "status": 200, "bytes": 458209, "outcome": "ok", "attempts": 1, "event": "http", "level": "info", "timestamp": "2026-08-30T14:06:03.424179Z"}
HTTP Request: GET https://jurisprudencia.cc.gob.gt/Sentencias/802699.431-2007.pdf "HTTP/1.1 200 OK"
{"url": "https://jurisprudencia.cc.gob.gt/Sentencias/802699.431-2007.pdf", "status": 200, "bytes": 206527, "outcome": "ok", "attempts": 1, "event": "http", "level": "info", "timestamp": "2026-08-30T14:06:05.737697Z"}
HTTP Request: GET https://jurisprudencia.cc.gob.gt/Sentencias/838524.684-2017.pdf "HTTP/1.1 200 OK"
{"url": "https://jurisprudencia.cc.gob.gt/Sentencias/838524.684-2017.pdf", "status": 200, "bytes": 327231, "outcome": "ok", "attempts": 1, "event": "http", "level": "info", "timestamp": "2026-08-30T14:06:08.084063Z"}
HTTP Request: GET https://jurisprudencia.cc.gob.gt/Sentencias/812799.1468%20y%201637-2005.pdf "HTTP/1.1 200 OK"
{"url": "https://jurisprudencia.cc.gob.gt/Sentencias/812799.1468%20y%201637-2005.pdf", "status": 200, "bytes": 153008, "outcome": "ok", "attempts": 1, "event": "http", "level": "info", "timestamp": "2026-08-30T14:06:10.020509Z"}
HTTP Request: GET https://jurisprudencia.cc.gob.gt/Sentencias/842091.3400-2018,%203927-2018.pdf "HTTP/1.1 200 OK"
{"url": "https://jurisprudencia.cc.gob.gt/Sentencias/842091.3400-2018,%203927-2018.pdf", "status": 200, "bytes": 391145, "outcome": "ok", "attempts": 1, "event": "http", "level": "info", "timestamp": "2026-08-30T14:06:12.146036Z"}
{"url": "https://jurisprudencia.cc.gob.gt/Sentencias/834041.4517-2016.pdf", "from_cache": true, "outcome": "ok", "event": "http", "level": "info", "timestamp": "2026-08-30T14:06:12.221717Z"}
HTTP Request: GET https://jurisprudencia.cc.gob.gt/Sentencias/860397.6394-2023.pdf "HTTP/1.1 200 OK"
{"url": "https://jurisprudencia.cc.gob.gt/Sentencias/860397.6394-2023.pdf", "status": 200, "bytes": 3802864, "outcome": "ok", "attempts": 1, "event": "http", "level": "info", "timestamp": "2026-08-30T14:06:14.487503Z"}
HTTP Request: GET https://jurisprudencia.cc.gob.gt/Sentencias/814646.2277-2009,%202292-2009%20y%202611-2009.pdf "HTTP/1.1 200 OK"
{"url": "https://jurisprudencia.cc.gob.gt/Sentencias/814646.2277-2009,%202292-2009%20y%202611-2009.pdf", "status": 200, "bytes": 151705, "outcome": "ok", "attempts": 1, "event": "http", "level": "info", "timestamp": "2026-08-30T14:06:16.336325Z"}
HTTP Request: GET https://jurisprudencia.cc.gob.gt/Sentencias/846598.2800-2020%20Y%202960-2020.pdf "HTTP/1.1 200 OK"
{"url": "https://jurisprudencia.cc.gob.gt/Sentencias/846598.2800-2020%20Y%202960-2020.pdf", "status": 200, "bytes": 422904, "outcome": "ok", "attempts": 1, "event": "http", "level": "info", "timestamp": "2026-08-30T14:06:18.280412Z"}
HTTP Request: GET https://jurisprudencia.cc.gob.gt/Sentencias/847194.1181-2021.pdf "HTTP/1.1 200 OK"
{"url": "https://jurisprudencia.cc.gob.gt/Sentencias/847194.1181-2021.pdf", "status": 200, "bytes": 212129, "outcome": "ok", "attempts": 1, "event": "http", "level": "info", "timestamp": "2026-08-30T14:06:20.097037Z"}
HTTP Request: GET https://jurisprudencia.cc.gob.gt/Sentencias/816849.4141-2010.pdf "HTTP/1.1 200 OK"
{"url": "https://jurisprudencia.cc.gob.gt/Sentencias/816849.4141-2010.pdf", "status": 200, "bytes": 179484, "outcome": "ok", "attempts": 1, "event": "http", "level": "info", "timestamp": "2026-08-30T14:06:22.352113Z"}
HTTP Request: GET https://jurisprudencia.cc.gob.gt/Sentencias/807358.2488-2005.pdf "HTTP/1.1 200 OK"
{"url": "https://jurisprudencia.cc.gob.gt/Sentencias/807358.2488-2005.pdf", "status": 200, "bytes": 95972, "outcome": "ok", "attempts": 1, "event": "http", "level": "info", "timestamp": "2026-08-30T14:06:24.059606Z"}
HTTP Request: GET https://jurisprudencia.cc.gob.gt/Sentencias/833271.4766-2015.pdf "HTTP/1.1 200 OK"
{"url": "https://jurisprudencia.cc.gob.gt/Sentencias/833271.4766-2015.pdf", "status": 200, "bytes": 699317, "outcome": "ok", "attempts": 1, "event": "http", "level": "info", "timestamp": "2026-08-30T14:06:26.101731Z"}
HTTP Request: GET https://jurisprudencia.cc.gob.gt/Sentencias/835920.658-2004.pdf "HTTP/1.1 200 OK"
{"url": "https://jurisprudencia.cc.gob.gt/Sentencias/835920.658-2004.pdf", "status": 200, "bytes": 81067, "outcome": "ok", "attempts": 1, "event": "http", "level": "info", "timestamp": "2026-08-30T14:06:28.243022Z"}
HTTP Request: GET https://jurisprudencia.cc.gob.gt/Sentencias/856315.4038-2023.pdf "HTTP/1.1 200 OK"
{"url": "https://jurisprudencia.cc.gob.gt/Sentencias/856315.4038-2023.pdf", "status": 200, "bytes": 4101564, "outcome": "ok", "attempts": 1, "event": "http", "level": "info", "timestamp": "2026-08-30T14:06:30.266920Z"}
HTTP Request: GET https://jurisprudencia.cc.gob.gt/Sentencias/811759.1277-2007.pdf "HTTP/1.1 200 OK"
{"url": "https://jurisprudencia.cc.gob.gt/Sentencias/811759.1277-2007.pdf", "status": 200, "bytes": 261121, "outcome": "ok", "attempts": 1, "event": "http", "level": "info", "timestamp": "2026-08-30T14:06:32.390317Z"}
HTTP Request: GET https://jurisprudencia.cc.gob.gt/Sentencias/847013.230-2021.pdf "HTTP/1.1 200 OK"
{"url": "https://jurisprudencia.cc.gob.gt/Sentencias/847013.230-2021.pdf", "status": 200, "bytes": 317384, "outcome": "ok", "attempts": 1, "event": "http", "level": "info", "timestamp": "2026-08-30T14:06:34.653119Z"}
HTTP Request: GET https://jurisprudencia.cc.gob.gt/Sentencias/820088.1345-2012.pdf "HTTP/1.1 200 OK"
{"url": "https://jurisprudencia.cc.gob.gt/Sentencias/820088.1345-2012.pdf", "status": 200, "bytes": 131706, "outcome": "ok", "attempts": 1, "event": "http", "level": "info", "timestamp": "2026-08-30T14:06:36.674650Z"}
HTTP Request: GET https://jurisprudencia.cc.gob.gt/Sentencias/815681.2508-2009.pdf "HTTP/1.1 200 OK"
{"url": "https://jurisprudencia.cc.gob.gt/Sentencias/815681.2508-2009.pdf", "status": 200, "bytes": 184440, "outcome": "ok", "attempts": 1, "event": "http", "level": "info", "timestamp": "2026-08-30T14:06:38.239176Z"}
HTTP Request: GET https://jurisprudencia.cc.gob.gt/Sentencias/846446.586-2020.pdf "HTTP/1.1 200 OK"
{"url": "https://jurisprudencia.cc.gob.gt/Sentencias/846446.586-2020.pdf", "status": 200, "bytes": 317823, "outcome": "ok", "attempts": 1, "event": "http", "level": "info", "timestamp": "2026-08-30T14:06:40.071803Z"}
HTTP Request: GET https://jurisprudencia.cc.gob.gt/Sentencias/833922.6437-2016.pdf "HTTP/1.1 200 OK"
{"url": "https://jurisprudencia.cc.gob.gt/Sentencias/833922.6437-2016.pdf", "status": 200, "bytes": 715236, "outcome": "ok", "attempts": 1, "event": "http", "level": "info", "timestamp": "2026-08-30T14:06:41.892697Z"}
HTTP Request: GET https://jurisprudencia.cc.gob.gt/Sentencias/832024.2823-2015.pdf "HTTP/1.1 200 OK"
{"url": "https://jurisprudencia.cc.gob.gt/Sentencias/832024.2823-2015.pdf", "status": 200, "bytes": 167412, "outcome": "ok", "attempts": 1, "event": "http", "level": "info", "timestamp": "2026-08-30T14:06:43.720802Z"}
HTTP Request: GET https://jurisprudencia.cc.gob.gt/Sentencias/811811.2401-2007.pdf "HTTP/1.1 200 OK"
{"url": "https://jurisprudencia.cc.gob.gt/Sentencias/811811.2401-2007.pdf", "status": 200, "bytes": 204336, "outcome": "ok", "attempts": 1, "event": "http", "level": "info", "timestamp": "2026-08-30T14:06:45.333970Z"}
HTTP Request: GET https://jurisprudencia.cc.gob.gt/Sentencias/832216.726-2016.pdf "HTTP/1.1 200 OK"
{"url": "https://jurisprudencia.cc.gob.gt/Sentencias/832216.726-2016.pdf", "status": 200, "bytes": 295151, "outcome": "ok", "attempts": 1, "event": "http", "level": "info", "timestamp": "2026-08-30T14:06:47.636497Z"}
HTTP Request: GET https://jurisprudencia.cc.gob.gt/Sentencias/829434.3471-2015.pdf "HTTP/1.1 200 OK"
{"url": "https://jurisprudencia.cc.gob.gt/Sentencias/829434.3471-2015.pdf", "status": 200, "bytes": 87265, "outcome": "ok", "attempts": 1, "event": "http", "level": "info", "timestamp": "2026-08-30T14:06:49.629326Z"}
HTTP Request: GET https://jurisprudencia.cc.gob.gt/Sentencias/836037.5613-2016.pdf "HTTP/1.1 200 OK"
{"url": "https://jurisprudencia.cc.gob.gt/Sentencias/836037.5613-2016.pdf", "status": 200, "bytes": 323891, "outcome": "ok", "attempts": 1, "event": "http", "level": "info", "timestamp": "2026-08-30T14:06:51.519527Z"}
HTTP Request: GET https://jurisprudencia.cc.gob.gt/Sentencias/837932.3992-2016.pdf "HTTP/1.1 200 OK"
{"url": "https://jurisprudencia.cc.gob.gt/Sentencias/837932.3992-2016.pdf", "status": 200, "bytes": 318039, "outcome": "ok", "attempts": 1, "event": "http", "level": "info", "timestamp": "2026-08-30T14:06:53.119981Z"}
HTTP Request: GET https://jurisprudencia.cc.gob.gt/Sentencias/844876.3024-2019.pdf "HTTP/1.1 200 OK"
{"url": "https://jurisprudencia.cc.gob.gt/Sentencias/844876.3024-2019.pdf", "status": 200, "bytes": 388222, "outcome": "ok", "attempts": 1, "event": "http", "level": "info", "timestamp": "2026-08-30T14:06:55.051441Z"}
HTTP Request: GET https://jurisprudencia.cc.gob.gt/Sentencias/839393.229-2018.pdf "HTTP/1.1 200 OK"
{"url": "https://jurisprudencia.cc.gob.gt/Sentencias/839393.229-2018.pdf", "status": 200, "bytes": 419060, "outcome": "ok", "attempts": 1, "event": "http", "level": "info", "timestamp": "2026-08-30T14:06:56.601033Z"}
HTTP Request: GET https://jurisprudencia.cc.gob.gt/Sentencias/798582.2020-2003.pdf "HTTP/1.1 200 OK"
{"url": "https://jurisprudencia.cc.gob.gt/Sentencias/798582.2020-2003.pdf", "status": 200, "bytes": 65572, "outcome": "ok", "attempts": 1, "event": "http", "level": "info", "timestamp": "2026-08-30T14:06:58.411588Z"}
HTTP Request: GET https://jurisprudencia.cc.gob.gt/Sentencias/846348.2338-2020.pdf "HTTP/1.1 200 OK"
{"url": "https://jurisprudencia.cc.gob.gt/Sentencias/846348.2338-2020.pdf", "status": 200, "bytes": 311558, "outcome": "ok", "attempts": 1, "event": "http", "level": "info", "timestamp": "2026-08-30T14:07:00.511667Z"}
{"procesados": 1600, "por_regla": 1479, "event": "avance", "level": "info", "timestamp": "2026-08-30T14:07:00.581963Z"}
HTTP Request: GET https://jurisprudencia.cc.gob.gt/Sentencias/847859.2916-2020.pdf "HTTP/1.1 200 OK"
{"url": "https://jurisprudencia.cc.gob.gt/Sentencias/847859.2916-2020.pdf", "status": 200, "bytes": 326449, "outcome": "ok", "attempts": 1, "event": "http", "level": "info", "timestamp": "2026-08-30T14:07:02.823644Z"}
HTTP Request: GET https://jurisprudencia.cc.gob.gt/Sentencias/828907.808-2015.pdf "HTTP/1.1 200 OK"
{"url": "https://jurisprudencia.cc.gob.gt/Sentencias/828907.808-2015.pdf", "status": 200, "bytes": 180632, "outcome": "ok", "attempts": 1, "event": "http", "level": "info", "timestamp": "2026-08-30T14:07:04.681934Z"}
HTTP Request: GET https://jurisprudencia.cc.gob.gt/Sentencias/854396.4886-2023.pdf "HTTP/1.1 200 OK"
{"url": "https://jurisprudencia.cc.gob.gt/Sentencias/854396.4886-2023.pdf", "status": 200, "bytes": 3104181, "outcome": "ok", "attempts": 1, "event": "http", "level": "info", "timestamp": "2026-08-30T14:07:06.851447Z"}
HTTP Request: GET https://jurisprudencia.cc.gob.gt/Sentencias/854481.3082-2023.pdf "HTTP/1.1 200 OK"
{"url": "https://jurisprudencia.cc.gob.gt/Sentencias/854481.3082-2023.pdf", "status": 200, "bytes": 3098472, "outcome": "ok", "attempts": 1, "event": "http", "level": "info", "timestamp": "2026-08-30T14:07:08.769624Z"}
HTTP Request: GET https://jurisprudencia.cc.gob.gt/Sentencias/806554.30-2005.pdf "HTTP/1.1 200 OK"
{"url": "https://jurisprudencia.cc.gob.gt/Sentencias/806554.30-2005.pdf", "status": 200, "bytes": 171882, "outcome": "ok", "attempts": 1, "event": "http", "level": "info", "timestamp": "2026-08-30T14:07:10.256358Z"}
HTTP Request: GET https://jurisprudencia.cc.gob.gt/Sentencias/838448.3334-2017.pdf "HTTP/1.1 200 OK"
{"url": "https://jurisprudencia.cc.gob.gt/Sentencias/838448.3334-2017.pdf", "status": 200, "bytes": 298663, "outcome": "ok", "attempts": 1, "event": "http", "level": "info", "timestamp": "2026-08-30T14:07:12.560605Z"}
HTTP Request: GET https://jurisprudencia.cc.gob.gt/Sentencias/820832.904-2012.pdf "HTTP/1.1 200 OK"
{"url": "https://jurisprudencia.cc.gob.gt/Sentencias/820832.904-2012.pdf", "status": 200, "bytes": 195943, "outcome": "ok", "attempts": 1, "event": "http", "level": "info", "timestamp": "2026-08-30T14:07:14.798767Z"}
HTTP Request: GET https://jurisprudencia.cc.gob.gt/Sentencias/840186.486-2018.pdf "HTTP/1.1 200 OK"
{"url": "https://jurisprudencia.cc.gob.gt/Sentencias/840186.486-2018.pdf", "status": 200, "bytes": 498251, "outcome": "ok", "attempts": 1, "event": "http", "level": "info", "timestamp": "2026-08-30T14:07:16.514514Z"}
HTTP Request: GET https://jurisprudencia.cc.gob.gt/Sentencias/816041.1391-2010.pdf "HTTP/1.1 200 OK"
{"url": "https://jurisprudencia.cc.gob.gt/Sentencias/816041.1391-2010.pdf", "status": 200, "bytes": 177378, "outcome": "ok", "attempts": 1, "event": "http", "level": "info", "timestamp": "2026-08-30T14:07:18.178569Z"}
HTTP Request: GET https://jurisprudencia.cc.gob.gt/Sentencias/820179.3991-2011.pdf "HTTP/1.1 200 OK"
{"url": "https://jurisprudencia.cc.gob.gt/Sentencias/820179.3991-2011.pdf", "status": 200, "bytes": 182982, "outcome": "ok", "attempts": 1, "event": "http", "level": "info", "timestamp": "2026-08-30T14:07:20.142582Z"}
HTTP Request: GET https://jurisprudencia.cc.gob.gt/Sentencias/830340.3666-2015.pdf "HTTP/1.1 200 OK"
{"url": "https://jurisprudencia.cc.gob.gt/Sentencias/830340.3666-2015.pdf", "status": 200, "bytes": 180061, "outcome": "ok", "attempts": 1, "event": "http", "level": "info", "timestamp": "2026-08-30T14:07:22.295910Z"}
HTTP Request: GET https://jurisprudencia.cc.gob.gt/Sentencias/854790.2707-2023.pdf "HTTP/1.1 200 OK"
{"url": "https://jurisprudencia.cc.gob.gt/Sentencias/854790.2707-2023.pdf", "status": 200, "bytes": 3794421, "outcome": "ok", "attempts": 1, "event": "http", "level": "info", "timestamp": "2026-08-30T14:07:24.440129Z"}
HTTP Request: GET https://jurisprudencia.cc.gob.gt/Sentencias/839627.5879-2017.pdf "HTTP/1.1 200 OK"
{"url": "https://jurisprudencia.cc.gob.gt/Sentencias/839627.5879-2017.pdf", "status": 200, "bytes": 512149, "outcome": "ok", "attempts": 1, "event": "http", "level": "info", "timestamp": "2026-08-30T14:07:26.555303Z"}
HTTP Request: GET https://jurisprudencia.cc.gob.gt/Sentencias/811976.2152-2008.pdf "HTTP/1.1 200 OK"
{"url": "https://jurisprudencia.cc.gob.gt/Sentencias/811976.2152-2008.pdf", "status": 200, "bytes": 201045, "outcome": "ok", "attempts": 1, "event": "http", "level": "info", "timestamp": "2026-08-30T14:07:28.476807Z"}
HTTP Request: GET https://jurisprudencia.cc.gob.gt/Sentencias/844965.5720-2019%20y%205725-2019.pdf "HTTP/1.1 200 OK"
{"url": "https://jurisprudencia.cc.gob.gt/Sentencias/844965.5720-2019%20y%205725-2019.pdf", "status": 200, "bytes": 243719, "outcome": "ok", "attempts": 1, "event": "http", "level": "info", "timestamp": "2026-08-30T14:07:30.485971Z"}
HTTP Request: GET https://jurisprudencia.cc.gob.gt/Sentencias/829603.5425-2014.pdf "HTTP/1.1 200 OK"
{"url": "https://jurisprudencia.cc.gob.gt/Sentencias/829603.5425-2014.pdf", "status": 200, "bytes": 183586, "outcome": "ok", "attempts": 1, "event": "http", "level": "info", "timestamp": "2026-08-30T14:07:32.610230Z"}
HTTP Request: GET https://jurisprudencia.cc.gob.gt/Sentencias/847758.5725-2016%20y%205734-2016.pdf "HTTP/1.1 200 OK"
{"url": "https://jurisprudencia.cc.gob.gt/Sentencias/847758.5725-2016%20y%205734-2016.pdf", "status": 200, "bytes": 203083, "outcome": "ok", "attempts": 1, "event": "http", "level": "info", "timestamp": "2026-08-30T14:07:34.570580Z"}
HTTP Request: GET https://jurisprudencia.cc.gob.gt/Sentencias/823457.2195-2013.pdf "HTTP/1.1 200 OK"
{"url": "https://jurisprudencia.cc.gob.gt/Sentencias/823457.2195-2013.pdf", "status": 200, "bytes": 251297, "outcome": "ok", "attempts": 1, "event": "http", "level": "info", "timestamp": "2026-08-30T14:07:36.533560Z"}
HTTP Request: GET https://jurisprudencia.cc.gob.gt/Sentencias/844814.4632-2019.pdf "HTTP/1.1 200 OK"
{"url": "https://jurisprudencia.cc.gob.gt/Sentencias/844814.4632-2019.pdf", "status": 200, "bytes": 321376, "outcome": "ok", "attempts": 1, "event": "http", "level": "info", "timestamp": "2026-08-30T14:07:38.482077Z"}
HTTP Request: GET https://jurisprudencia.cc.gob.gt/Sentencias/811567.3039-2008.pdf "HTTP/1.1 200 OK"
{"url": "https://jurisprudencia.cc.gob.gt/Sentencias/811567.3039-2008.pdf", "status": 200, "bytes": 231020, "outcome": "ok", "attempts": 1, "event": "http", "level": "info", "timestamp": "2026-08-30T14:07:40.766057Z"}
HTTP Request: GET https://jurisprudencia.cc.gob.gt/Sentencias/821413.2734-2012.pdf "HTTP/1.1 200 OK"
{"url": "https://jurisprudencia.cc.gob.gt/Sentencias/821413.2734-2012.pdf", "status": 200, "bytes": 153608, "outcome": "ok", "attempts": 1, "event": "http", "level": "info", "timestamp": "2026-08-30T14:07:42.998881Z"}
HTTP Request: GET https://jurisprudencia.cc.gob.gt/Sentencias/816203.2853-2010.pdf "HTTP/1.1 200 OK"
{"url": "https://jurisprudencia.cc.gob.gt/Sentencias/816203.2853-2010.pdf", "status": 200, "bytes": 183073, "outcome": "ok", "attempts": 1, "event": "http", "level": "info", "timestamp": "2026-08-30T14:07:45.140791Z"}
HTTP Request: GET https://jurisprudencia.cc.gob.gt/Sentencias/844603.578-2019.pdf "HTTP/1.1 200 OK"
{"url": "https://jurisprudencia.cc.gob.gt/Sentencias/844603.578-2019.pdf", "status": 200, "bytes": 371225, "outcome": "ok", "attempts": 1, "event": "http", "level": "info", "timestamp": "2026-08-30T14:07:47.284789Z"}
HTTP Request: GET https://jurisprudencia.cc.gob.gt/Sentencias/853392.2403-2023.pdf "HTTP/1.1 200 OK"
{"url": "https://jurisprudencia.cc.gob.gt/Sentencias/853392.2403-2023.pdf", "status": 200, "bytes": 843577, "outcome": "ok", "attempts": 1, "event": "http", "level": "info", "timestamp": "2026-08-30T14:07:49.360442Z"}
HTTP Request: GET https://jurisprudencia.cc.gob.gt/Sentencias/823191.486-2013.pdf "HTTP/1.1 200 OK"
{"url": "https://jurisprudencia.cc.gob.gt/Sentencias/823191.486-2013.pdf", "status": 200, "bytes": 195836, "outcome": "ok", "attempts": 1, "event": "http", "level": "info", "timestamp": "2026-08-30T14:07:51.511249Z"}
HTTP Request: GET https://jurisprudencia.cc.gob.gt/Sentencias/836631.3077-2012.pdf "HTTP/1.1 200 OK"
{"url": "https://jurisprudencia.cc.gob.gt/Sentencias/836631.3077-2012.pdf", "status": 200, "bytes": 217198, "outcome": "ok", "attempts": 1, "event": "http", "level": "info", "timestamp": "2026-08-30T14:07:53.273507Z"}
HTTP Request: GET https://jurisprudencia.cc.gob.gt/Sentencias/847548.4347-2020.pdf "HTTP/1.1 200 OK"
{"url": "https://jurisprudencia.cc.gob.gt/Sentencias/847548.4347-2020.pdf", "status": 200, "bytes": 292942, "outcome": "ok", "attempts": 1, "event": "http", "level": "info", "timestamp": "2026-08-30T14:07:55.434808Z"}
HTTP Request: GET https://jurisprudencia.cc.gob.gt/Sentencias/849210.5393-2021.pdf "HTTP/1.1 200 OK"
{"url": "https://jurisprudencia.cc.gob.gt/Sentencias/849210.5393-2021.pdf", "status": 200, "bytes": 281054, "outcome": "ok", "attempts": 1, "event": "http", "level": "info", "timestamp": "2026-08-30T14:07:57.287589Z"}
HTTP Request: GET https://jurisprudencia.cc.gob.gt/Sentencias/799501.306-2005.pdf "HTTP/1.1 200 OK"
{"url": "https://jurisprudencia.cc.gob.gt/Sentencias/799501.306-2005.pdf", "status": 200, "bytes": 196192, "outcome": "ok", "attempts": 1, "event": "http", "level": "info", "timestamp": "2026-08-30T14:07:59.422238Z"}
{"url": "https://jurisprudencia.cc.gob.gt/Sentencias/842619.2569-2019.pdf", "from_cache": true, "outcome": "ok", "event": "http", "level": "info", "timestamp": "2026-08-30T14:07:59.468344Z"}
{"url": "https://jurisprudencia.cc.gob.gt/Sentencias/844578.221-2020.pdf", "from_cache": true, "outcome": "ok", "event": "http", "level": "info", "timestamp": "2026-08-30T14:07:59.508718Z"}
HTTP Request: GET https://jurisprudencia.cc.gob.gt/Sentencias/803083.3421-2006.pdf "HTTP/1.1 200 OK"
{"url": "https://jurisprudencia.cc.gob.gt/Sentencias/803083.3421-2006.pdf", "status": 200, "bytes": 135261, "outcome": "ok", "attempts": 1, "event": "http", "level": "info", "timestamp": "2026-08-30T14:08:01.534560Z"}
HTTP Request: GET https://jurisprudencia.cc.gob.gt/Sentencias/852331.2004-2023.pdf "HTTP/1.1 200 OK"
{"url": "https://jurisprudencia.cc.gob.gt/Sentencias/852331.2004-2023.pdf", "status": 200, "bytes": 736286, "outcome": "ok", "attempts": 1, "event": "http", "level": "info", "timestamp": "2026-08-30T14:08:03.801162Z"}
HTTP Request: GET https://jurisprudencia.cc.gob.gt/Sentencias/846262.4256-2019.pdf "HTTP/1.1 200 OK"
{"url": "https://jurisprudencia.cc.gob.gt/Sentencias/846262.4256-2019.pdf", "status": 200, "bytes": 406154, "outcome": "ok", "attempts": 1, "event": "http", "level": "info", "timestamp": "2026-08-30T14:08:05.566067Z"}
HTTP Request: GET https://jurisprudencia.cc.gob.gt/Sentencias/813378.3454-2007.pdf "HTTP/1.1 200 OK"
{"url": "https://jurisprudencia.cc.gob.gt/Sentencias/813378.3454-2007.pdf", "status": 200, "bytes": 188130, "outcome": "ok", "attempts": 1, "event": "http", "level": "info", "timestamp": "2026-08-30T14:08:07.588539Z"}
HTTP Request: GET https://jurisprudencia.cc.gob.gt/Sentencias/803065.3135-2006.pdf "HTTP/1.1 200 OK"
{"url": "https://jurisprudencia.cc.gob.gt/Sentencias/803065.3135-2006.pdf", "status": 200, "bytes": 194975, "outcome": "ok", "attempts": 1, "event": "http", "level": "info", "timestamp": "2026-08-30T14:08:09.646922Z"}
HTTP Request: GET https://jurisprudencia.cc.gob.gt/Sentencias/843723.2291-2019.pdf "HTTP/1.1 200 OK"
{"url": "https://jurisprudencia.cc.gob.gt/Sentencias/843723.2291-2019.pdf", "status": 200, "bytes": 452915, "outcome": "ok", "attempts": 1, "event": "http", "level": "info", "timestamp": "2026-08-30T14:08:11.526307Z"}
HTTP Request: GET https://jurisprudencia.cc.gob.gt/Sentencias/848001.3904-2020.pdf "HTTP/1.1 200 OK"
{"url": "https://jurisprudencia.cc.gob.gt/Sentencias/848001.3904-2020.pdf", "status": 200, "bytes": 286609, "outcome": "ok", "attempts": 1, "event": "http", "level": "info", "timestamp": "2026-08-30T14:08:13.526584Z"}
HTTP Request: GET https://jurisprudencia.cc.gob.gt/Sentencias/834453.6285-2016.pdf "HTTP/1.1 200 OK"
{"url": "https://jurisprudencia.cc.gob.gt/Sentencias/834453.6285-2016.pdf", "status": 200, "bytes": 320852, "outcome": "ok", "attempts": 1, "event": "http", "level": "info", "timestamp": "2026-08-30T14:08:15.144208Z"}
HTTP Request: GET https://jurisprudencia.cc.gob.gt/Sentencias/842512.835-2019.pdf "HTTP/1.1 200 OK"
{"url": "https://jurisprudencia.cc.gob.gt/Sentencias/842512.835-2019.pdf", "status": 200, "bytes": 463409, "outcome": "ok", "attempts": 1, "event": "http", "level": "info", "timestamp": "2026-08-30T14:08:16.996947Z"}
HTTP Request: GET https://jurisprudencia.cc.gob.gt/Sentencias/840396.2396-2018.pdf "HTTP/1.1 200 OK"
{"url": "https://jurisprudencia.cc.gob.gt/Sentencias/840396.2396-2018.pdf", "status": 200, "bytes": 506893, "outcome": "ok", "attempts": 1, "event": "http", "level": "info", "timestamp": "2026-08-30T14:08:19.280517Z"}
HTTP Request: GET https://jurisprudencia.cc.gob.gt/Sentencias/824788.3055-2013.pdf "HTTP/1.1 200 OK"
{"url": "https://jurisprudencia.cc.gob.gt/Sentencias/824788.3055-2013.pdf", "status": 200, "bytes": 250686, "outcome": "ok", "attempts": 1, "event": "http", "level": "info", "timestamp": "2026-08-30T14:08:21.105802Z"}
HTTP Request: GET https://jurisprudencia.cc.gob.gt/Sentencias/836980.5194-2016.pdf "HTTP/1.1 200 OK"
{"url": "https://jurisprudencia.cc.gob.gt/Sentencias/836980.5194-2016.pdf", "status": 200, "bytes": 287936, "outcome": "ok", "attempts": 1, "event": "http", "level": "info", "timestamp": "2026-08-30T14:08:23.361846Z"}
HTTP Request: GET https://jurisprudencia.cc.gob.gt/Sentencias/841075.186-2018.pdf "HTTP/1.1 200 OK"
{"url": "https://jurisprudencia.cc.gob.gt/Sentencias/841075.186-2018.pdf", "status": 200, "bytes": 465212, "outcome": "ok", "attempts": 1, "event": "http", "level": "info", "timestamp": "2026-08-30T14:08:25.492360Z"}
HTTP Request: GET https://jurisprudencia.cc.gob.gt/Sentencias/851187.3571-2022.pdf "HTTP/1.1 200 OK"
{"url": "https://jurisprudencia.cc.gob.gt/Sentencias/851187.3571-2022.pdf", "status": 200, "bytes": 949048, "outcome": "ok", "attempts": 1, "event": "http", "level": "info", "timestamp": "2026-08-30T14:08:27.287968Z"}
HTTP Request: GET https://jurisprudencia.cc.gob.gt/Sentencias/802936.1617-2007.pdf "HTTP/1.1 200 OK"
{"url": "https://jurisprudencia.cc.gob.gt/Sentencias/802936.1617-2007.pdf", "status": 200, "bytes": 192260, "outcome": "ok", "attempts": 1, "event": "http", "level": "info", "timestamp": "2026-08-30T14:08:29.215015Z"}
HTTP Request: GET https://jurisprudencia.cc.gob.gt/Sentencias/831031.366-2016.pdf "HTTP/1.1 200 OK"
{"url": "https://jurisprudencia.cc.gob.gt/Sentencias/831031.366-2016.pdf", "status": 200, "bytes": 145734, "outcome": "ok", "attempts": 1, "event": "http", "level": "info", "timestamp": "2026-08-30T14:08:31.075682Z"}
HTTP Request: GET https://jurisprudencia.cc.gob.gt/Sentencias/805855.2269-2004.pdf "HTTP/1.1 200 OK"
{"url": "https://jurisprudencia.cc.gob.gt/Sentencias/805855.2269-2004.pdf", "status": 200, "bytes": 172284, "outcome": "ok", "attempts": 1, "event": "http", "level": "info", "timestamp": "2026-08-30T14:08:32.911132Z"}
HTTP Request: GET https://jurisprudencia.cc.gob.gt/Sentencias/829753.5511-2014.pdf "HTTP/1.1 200 OK"
{"url": "https://jurisprudencia.cc.gob.gt/Sentencias/829753.5511-2014.pdf", "status": 200, "bytes": 134694, "outcome": "ok", "attempts": 1, "event": "http", "level": "info", "timestamp": "2026-08-30T14:08:35.021504Z"}
HTTP Request: GET https://jurisprudencia.cc.gob.gt/Sentencias/854015.1956-2022.pdf "HTTP/1.1 200 OK"
{"url": "https://jurisprudencia.cc.gob.gt/Sentencias/854015.1956-2022.pdf", "status": 200, "bytes": 3148541, "outcome": "ok", "attempts": 1, "event": "http", "level": "info", "timestamp": "2026-08-30T14:08:37.263152Z"}
HTTP Request: GET https://jurisprudencia.cc.gob.gt/Sentencias/829081.2650-2014.pdf "HTTP/1.1 200 OK"
{"url": "https://jurisprudencia.cc.gob.gt/Sentencias/829081.2650-2014.pdf", "status": 200, "bytes": 187197, "outcome": "ok", "attempts": 1, "event": "http", "level": "info", "timestamp": "2026-08-30T14:08:39.196217Z"}
HTTP Request: GET https://jurisprudencia.cc.gob.gt/Sentencias/841916.4142-2018.pdf "HTTP/1.1 200 OK"
{"url": "https://jurisprudencia.cc.gob.gt/Sentencias/841916.4142-2018.pdf", "status": 200, "bytes": 476023, "outcome": "ok", "attempts": 1, "event": "http", "level": "info", "timestamp": "2026-08-30T14:08:40.885227Z"}
HTTP Request: GET https://jurisprudencia.cc.gob.gt/Sentencias/835792.4617-2016.pdf "HTTP/1.1 200 OK"
{"url": "https://jurisprudencia.cc.gob.gt/Sentencias/835792.4617-2016.pdf", "status": 200, "bytes": 224075, "outcome": "ok", "attempts": 1, "event": "http", "level": "info", "timestamp": "2026-08-30T14:08:42.657369Z"}
{"url": "https://jurisprudencia.cc.gob.gt/Sentencias/851024.4807-2021.pdf", "from_cache": true, "outcome": "ok", "event": "http", "level": "info", "timestamp": "2026-08-30T14:08:42.738632Z"}
HTTP Request: GET https://jurisprudencia.cc.gob.gt/Sentencias/831905.952-2016.pdf "HTTP/1.1 200 OK"
{"url": "https://jurisprudencia.cc.gob.gt/Sentencias/831905.952-2016.pdf", "status": 200, "bytes": 212830, "outcome": "ok", "attempts": 1, "event": "http", "level": "info", "timestamp": "2026-08-30T14:08:44.756784Z"}
HTTP Request: GET https://jurisprudencia.cc.gob.gt/Sentencias/831315.5244-2015.pdf "HTTP/1.1 200 OK"
{"url": "https://jurisprudencia.cc.gob.gt/Sentencias/831315.5244-2015.pdf", "status": 200, "bytes": 203617, "outcome": "ok", "attempts": 1, "event": "http", "level": "info", "timestamp": "2026-08-30T14:08:47.099302Z"}
HTTP Request: GET https://jurisprudencia.cc.gob.gt/Sentencias/849400.5991-2021.pdf "HTTP/1.1 200 OK"
{"url": "https://jurisprudencia.cc.gob.gt/Sentencias/849400.5991-2021.pdf", "status": 200, "bytes": 278997, "outcome": "ok", "attempts": 1, "event": "http", "level": "info", "timestamp": "2026-08-30T14:08:48.870466Z"}
HTTP Request: GET https://jurisprudencia.cc.gob.gt/Sentencias/807591.1715-2006.pdf "HTTP/1.1 200 OK"
{"url": "https://jurisprudencia.cc.gob.gt/Sentencias/807591.1715-2006.pdf", "status": 200, "bytes": 145524, "outcome": "ok", "attempts": 1, "event": "http", "level": "info", "timestamp": "2026-08-30T14:08:50.915428Z"}
HTTP Request: GET https://jurisprudencia.cc.gob.gt/Sentencias/845760.1603-2020.pdf "HTTP/1.1 200 OK"
{"url": "https://jurisprudencia.cc.gob.gt/Sentencias/845760.1603-2020.pdf", "status": 200, "bytes": 315157, "outcome": "ok", "attempts": 1, "event": "http", "level": "info", "timestamp": "2026-08-30T14:08:52.565700Z"}
HTTP Request: GET https://jurisprudencia.cc.gob.gt/Sentencias/842309.5773-2018.pdf "HTTP/1.1 200 OK"
{"url": "https://jurisprudencia.cc.gob.gt/Sentencias/842309.5773-2018.pdf", "status": 200, "bytes": 339306, "outcome": "ok", "attempts": 1, "event": "http", "level": "info", "timestamp": "2026-08-30T14:08:54.432096Z"}
HTTP Request: GET https://jurisprudencia.cc.gob.gt/Sentencias/853161.3581-2023.pdf "HTTP/1.1 200 OK"
{"url": "https://jurisprudencia.cc.gob.gt/Sentencias/853161.3581-2023.pdf", "status": 200, "bytes": 859809, "outcome": "ok", "attempts": 1, "event": "http", "level": "info", "timestamp": "2026-08-30T14:08:56.735819Z"}
HTTP Request: GET https://jurisprudencia.cc.gob.gt/Sentencias/837081.2569-2017.pdf "HTTP/1.1 200 OK"
{"url": "https://jurisprudencia.cc.gob.gt/Sentencias/837081.2569-2017.pdf", "status": 200, "bytes": 265846, "outcome": "ok", "attempts": 1, "event": "http", "level": "info", "timestamp": "2026-08-30T14:08:58.764322Z"}
HTTP Request: GET https://jurisprudencia.cc.gob.gt/Sentencias/833563.2930-2016.pdf "HTTP/1.1 200 OK"
{"url": "https://jurisprudencia.cc.gob.gt/Sentencias/833563.2930-2016.pdf", "status": 200, "bytes": 545228, "outcome": "ok", "attempts": 1, "event": "http", "level": "info", "timestamp": "2026-08-30T14:09:00.656308Z"}
HTTP Request: GET https://jurisprudencia.cc.gob.gt/Sentencias/851254.4906-2022.pdf "HTTP/1.1 200 OK"
{"url": "https://jurisprudencia.cc.gob.gt/Sentencias/851254.4906-2022.pdf", "status": 200, "bytes": 899383, "outcome": "ok", "attempts": 1, "event": "http", "level": "info", "timestamp": "2026-08-30T14:09:02.437257Z"}
HTTP Request: GET https://jurisprudencia.cc.gob.gt/Sentencias/802649.3184-2006.pdf "HTTP/1.1 200 OK"
{"url": "https://jurisprudencia.cc.gob.gt/Sentencias/802649.3184-2006.pdf", "status": 200, "bytes": 161276, "outcome": "ok", "attempts": 1, "event": "http", "level": "info", "timestamp": "2026-08-30T14:09:04.439739Z"}
HTTP Request: GET https://jurisprudencia.cc.gob.gt/Sentencias/845612.3018-2019.pdf "HTTP/1.1 200 OK"
{"url": "https://jurisprudencia.cc.gob.gt/Sentencias/845612.3018-2019.pdf", "status": 200, "bytes": 414611, "outcome": "ok", "attempts": 1, "event": "http", "level": "info", "timestamp": "2026-08-30T14:09:06.152160Z"}
HTTP Request: GET https://jurisprudencia.cc.gob.gt/Sentencias/847282.4186-2020.pdf "HTTP/1.1 200 OK"
{"url": "https://jurisprudencia.cc.gob.gt/Sentencias/847282.4186-2020.pdf", "status": 200, "bytes": 378247, "outcome": "ok", "attempts": 1, "event": "http", "level": "info", "timestamp": "2026-08-30T14:09:08.028814Z"}
HTTP Request: GET https://jurisprudencia.cc.gob.gt/Sentencias/837665.448-2014.pdf "HTTP/1.1 200 OK"
{"url": "https://jurisprudencia.cc.gob.gt/Sentencias/837665.448-2014.pdf", "status": 200, "bytes": 136406, "outcome": "ok", "attempts": 1, "event": "http", "level": "info", "timestamp": "2026-08-30T14:09:10.232504Z"}
HTTP Request: GET https://jurisprudencia.cc.gob.gt/Sentencias/854600.5093-2023.pdf "HTTP/1.1 200 OK"
{"url": "https://jurisprudencia.cc.gob.gt/Sentencias/854600.5093-2023.pdf", "status": 200, "bytes": 3983030, "outcome": "ok", "attempts": 1, "event": "http", "level": "info", "timestamp": "2026-08-30T14:09:12.689593Z"}
HTTP Request: GET https://jurisprudencia.cc.gob.gt/Sentencias/841736.6083-2018.pdf "HTTP/1.1 200 OK"
{"url": "https://jurisprudencia.cc.gob.gt/Sentencias/841736.6083-2018.pdf", "status": 200, "bytes": 392604, "outcome": "ok", "attempts": 1, "event": "http", "level": "info", "timestamp": "2026-08-30T14:09:14.626892Z"}
HTTP Request: GET https://jurisprudencia.cc.gob.gt/Sentencias/825191.3753-2013.pdf "HTTP/1.1 200 OK"
{"url": "https://jurisprudencia.cc.gob.gt/Sentencias/825191.3753-2013.pdf", "status": 200, "bytes": 173474, "outcome": "ok", "attempts": 1, "event": "http", "level": "info", "timestamp": "2026-08-30T14:09:16.836612Z"}
HTTP Request: GET https://jurisprudencia.cc.gob.gt/Sentencias/834134.5113-2016.pdf "HTTP/1.1 200 OK"
{"url": "https://jurisprudencia.cc.gob.gt/Sentencias/834134.5113-2016.pdf", "status": 200, "bytes": 467221, "outcome": "ok", "attempts": 1, "event": "http", "level": "info", "timestamp": "2026-08-30T14:09:18.906079Z"}
HTTP Request: GET https://jurisprudencia.cc.gob.gt/Sentencias/812168.3270-2006.pdf "HTTP/1.1 200 OK"
{"url": "https://jurisprudencia.cc.gob.gt/Sentencias/812168.3270-2006.pdf", "status": 200, "bytes": 209979, "outcome": "ok", "attempts": 1, "event": "http", "level": "info", "timestamp": "2026-08-30T14:09:20.498953Z"}
HTTP Request: GET https://jurisprudencia.cc.gob.gt/Sentencias/840271.2098-2018.pdf "HTTP/1.1 200 OK"
{"url": "https://jurisprudencia.cc.gob.gt/Sentencias/840271.2098-2018.pdf", "status": 200, "bytes": 498992, "outcome": "ok", "attempts": 1, "event": "http", "level": "info", "timestamp": "2026-08-30T14:09:22.563403Z"}
HTTP Request: GET https://jurisprudencia.cc.gob.gt/Sentencias/812265.1614-2008.pdf "HTTP/1.1 200 OK"
{"url": "https://jurisprudencia.cc.gob.gt/Sentencias/812265.1614-2008.pdf", "status": 200, "bytes": 163165, "outcome": "ok", "attempts": 1, "event": "http", "level": "info", "timestamp": "2026-08-30T14:09:24.325974Z"}
HTTP Request: GET https://jurisprudencia.cc.gob.gt/Sentencias/817307.3168-2010.pdf "HTTP/1.1 200 OK"
{"url": "https://jurisprudencia.cc.gob.gt/Sentencias/817307.3168-2010.pdf", "status": 200, "bytes": 96675, "outcome": "ok", "attempts": 1, "event": "http", "level": "info", "timestamp": "2026-08-30T14:09:26.566946Z"}
HTTP Request: GET https://jurisprudencia.cc.gob.gt/Sentencias/831180.1435-2015%20y%201445-2015.pdf "HTTP/1.1 200 OK"
{"url": "https://jurisprudencia.cc.gob.gt/Sentencias/831180.1435-2015%20y%201445-2015.pdf", "status": 200, "bytes": 152613, "outcome": "ok", "attempts": 1, "event": "http", "level": "info", "timestamp": "2026-08-30T14:09:28.883640Z"}
HTTP Request: GET https://jurisprudencia.cc.gob.gt/Sentencias/848169.6528-2019.pdf "HTTP/1.1 200 OK"
{"url": "https://jurisprudencia.cc.gob.gt/Sentencias/848169.6528-2019.pdf", "status": 200, "bytes": 528821, "outcome": "ok", "attempts": 1, "event": "http", "level": "info", "timestamp": "2026-08-30T14:09:30.712469Z"}
HTTP Request: GET https://jurisprudencia.cc.gob.gt/Sentencias/845556.3638-2018.pdf "HTTP/1.1 200 OK"
{"url": "https://jurisprudencia.cc.gob.gt/Sentencias/845556.3638-2018.pdf", "status": 200, "bytes": 399191, "outcome": "ok", "attempts": 1, "event": "http", "level": "info", "timestamp": "2026-08-30T14:09:32.359004Z"}
HTTP Request: GET https://jurisprudencia.cc.gob.gt/Sentencias/814020.1275-2007.pdf "HTTP/1.1 200 OK"
{"url": "https://jurisprudencia.cc.gob.gt/Sentencias/814020.1275-2007.pdf", "status": 200, "bytes": 153234, "outcome": "ok", "attempts": 1, "event": "http", "level": "info", "timestamp": "2026-08-30T14:09:34.625916Z"}
HTTP Request: GET https://jurisprudencia.cc.gob.gt/Sentencias/798744.201-2004.pdf "HTTP/1.1 200 OK"
{"url": "https://jurisprudencia.cc.gob.gt/Sentencias/798744.201-2004.pdf", "status": 200, "bytes": 121989, "outcome": "ok", "attempts": 1, "event": "http", "level": "info", "timestamp": "2026-08-30T14:09:36.745242Z"}
HTTP Request: GET https://jurisprudencia.cc.gob.gt/Sentencias/820007.4433-2011.pdf "HTTP/1.1 200 OK"
{"url": "https://jurisprudencia.cc.gob.gt/Sentencias/820007.4433-2011.pdf", "status": 200, "bytes": 196160, "outcome": "ok", "attempts": 1, "event": "http", "level": "info", "timestamp": "2026-08-30T14:09:39.031812Z"}
HTTP Request: GET https://jurisprudencia.cc.gob.gt/Sentencias/834663.5946-2014.pdf "HTTP/1.1 200 OK"
{"url": "https://jurisprudencia.cc.gob.gt/Sentencias/834663.5946-2014.pdf", "status": 200, "bytes": 246363, "outcome": "ok", "attempts": 1, "event": "http", "level": "info", "timestamp": "2026-08-30T14:09:41.104129Z"}
{"url": "https://jurisprudencia.cc.gob.gt/Sentencias/828130.4546-2013.pdf", "from_cache": true, "outcome": "ok", "event": "http", "level": "info", "timestamp": "2026-08-30T14:09:41.175401Z"}
HTTP Request: GET https://jurisprudencia.cc.gob.gt/Sentencias/832142.4411-2015.doc "HTTP/1.1 200 OK"
{"url": "https://jurisprudencia.cc.gob.gt/Sentencias/832142.4411-2015.doc", "status": 200, "bytes": 91648, "outcome": "wrong_content_type", "attempts": 1, "event": "http", "level": "info", "timestamp": "2026-08-30T14:09:43.115518Z"}
HTTP Request: GET https://jurisprudencia.cc.gob.gt/Sentencias/854284.6223-2023.pdf "HTTP/1.1 200 OK"
{"url": "https://jurisprudencia.cc.gob.gt/Sentencias/854284.6223-2023.pdf", "status": 200, "bytes": 3121756, "outcome": "ok", "attempts": 1, "event": "http", "level": "info", "timestamp": "2026-08-30T14:09:45.302907Z"}
HTTP Request: GET https://jurisprudencia.cc.gob.gt/Sentencias/822195.4914-2012.pdf "HTTP/1.1 200 OK"
{"url": "https://jurisprudencia.cc.gob.gt/Sentencias/822195.4914-2012.pdf", "status": 200, "bytes": 174605, "outcome": "ok", "attempts": 1, "event": "http", "level": "info", "timestamp": "2026-08-30T14:09:46.970930Z"}
{"url": "https://jurisprudencia.cc.gob.gt/Sentencias/825542.479-2013.pdf", "from_cache": true, "outcome": "ok", "event": "http", "level": "info", "timestamp": "2026-08-30T14:09:47.027801Z"}
HTTP Request: GET https://jurisprudencia.cc.gob.gt/Sentencias/799680.2136-2004.pdf "HTTP/1.1 200 OK"
{"url": "https://jurisprudencia.cc.gob.gt/Sentencias/799680.2136-2004.pdf", "status": 200, "bytes": 70503, "outcome": "ok", "attempts": 1, "event": "http", "level": "info", "timestamp": "2026-08-30T14:09:48.805368Z"}
HTTP Request: GET https://jurisprudencia.cc.gob.gt/Sentencias/825083.5227-2013.pdf "HTTP/1.1 200 OK"
{"url": "https://jurisprudencia.cc.gob.gt/Sentencias/825083.5227-2013.pdf", "status": 200, "bytes": 181514, "outcome": "ok", "attempts": 1, "event": "http", "level": "info", "timestamp": "2026-08-30T14:09:51.095048Z"}
HTTP Request: GET https://jurisprudencia.cc.gob.gt/Sentencias/850357.5737-2015.pdf "HTTP/1.1 200 OK"
{"url": "https://jurisprudencia.cc.gob.gt/Sentencias/850357.5737-2015.pdf", "status": 200, "bytes": 367073, "outcome": "ok", "attempts": 1, "event": "http", "level": "info", "timestamp": "2026-08-30T14:09:53.263967Z"}
HTTP Request: GET https://jurisprudencia.cc.gob.gt/Sentencias/831456.535-2016.pdf "HTTP/1.1 200 OK"
{"url": "https://jurisprudencia.cc.gob.gt/Sentencias/831456.535-2016.pdf", "status": 200, "bytes": 233878, "outcome": "ok", "attempts": 1, "event": "http", "level": "info", "timestamp": "2026-08-30T14:09:55.636893Z"}
HTTP Request: GET https://jurisprudencia.cc.gob.gt/Sentencias/855679.1447-2023.pdf "HTTP/1.1 200 OK"
{"url": "https://jurisprudencia.cc.gob.gt/Sentencias/855679.1447-2023.pdf", "status": 200, "bytes": 2887543, "outcome": "ok", "attempts": 1, "event": "http", "level": "info", "timestamp": "2026-08-30T14:09:58.101943Z"}
HTTP Request: GET https://jurisprudencia.cc.gob.gt/Sentencias/806935.1339-2005.pdf "HTTP/1.1 200 OK"
{"url": "https://jurisprudencia.cc.gob.gt/Sentencias/806935.1339-2005.pdf", "status": 200, "bytes": 142298, "outcome": "ok", "attempts": 1, "event": "http", "level": "info", "timestamp": "2026-08-30T14:10:00.038999Z"}
HTTP Request: GET https://jurisprudencia.cc.gob.gt/Sentencias/844894.6426-2019.pdf "HTTP/1.1 200 OK"
{"url": "https://jurisprudencia.cc.gob.gt/Sentencias/844894.6426-2019.pdf", "status": 200, "bytes": 360956, "outcome": "ok", "attempts": 1, "event": "http", "level": "info", "timestamp": "2026-08-30T14:10:02.036692Z"}
HTTP Request: GET https://jurisprudencia.cc.gob.gt/Sentencias/806875.257-2006.pdf "HTTP/1.1 200 OK"
{"url": "https://jurisprudencia.cc.gob.gt/Sentencias/806875.257-2006.pdf", "status": 200, "bytes": 187324, "outcome": "ok", "attempts": 1, "event": "http", "level": "info", "timestamp": "2026-08-30T14:10:04.164034Z"}
HTTP Request: GET https://jurisprudencia.cc.gob.gt/Sentencias/857801.6045-2023.pdf "HTTP/1.1 200 OK"
{"url": "https://jurisprudencia.cc.gob.gt/Sentencias/857801.6045-2023.pdf", "status": 200, "bytes": 3099866, "outcome": "ok", "attempts": 1, "event": "http", "level": "info", "timestamp": "2026-08-30T14:10:06.162204Z"}
HTTP Request: GET https://jurisprudencia.cc.gob.gt/Sentencias/811695.3352-2007.pdf "HTTP/1.1 200 OK"
{"url": "https://jurisprudencia.cc.gob.gt/Sentencias/811695.3352-2007.pdf", "status": 200, "bytes": 160445, "outcome": "ok", "attempts": 1, "event": "http", "level": "info", "timestamp": "2026-08-30T14:10:08.070327Z"}
HTTP Request: GET https://jurisprudencia.cc.gob.gt/Sentencias/851707.4956-2022.pdf "HTTP/1.1 200 OK"
{"url": "https://jurisprudencia.cc.gob.gt/Sentencias/851707.4956-2022.pdf", "status": 200, "bytes": 835592, "outcome": "ok", "attempts": 1, "event": "http", "level": "info", "timestamp": "2026-08-30T14:10:10.417576Z"}
HTTP Request: GET https://jurisprudencia.cc.gob.gt/Sentencias/849819.287-2022.pdf "HTTP/1.1 200 OK"
{"url": "https://jurisprudencia.cc.gob.gt/Sentencias/849819.287-2022.pdf", "status": 200, "bytes": 354893, "outcome": "ok", "attempts": 1, "event": "http", "level": "info", "timestamp": "2026-08-30T14:10:12.321163Z"}
HTTP Request: GET https://jurisprudencia.cc.gob.gt/Sentencias/848515.4701-2019.pdf "HTTP/1.1 200 OK"
{"url": "https://jurisprudencia.cc.gob.gt/Sentencias/848515.4701-2019.pdf", "status": 200, "bytes": 348716, "outcome": "ok", "attempts": 1, "event": "http", "level": "info", "timestamp": "2026-08-30T14:10:14.292130Z"}
{"procesados": 1700, "por_regla": 1573, "event": "avance", "level": "info", "timestamp": "2026-08-30T14:10:14.368602Z"}
HTTP Request: GET https://jurisprudencia.cc.gob.gt/Sentencias/849213.6661-2021.pdf "HTTP/1.1 200 OK"
{"url": "https://jurisprudencia.cc.gob.gt/Sentencias/849213.6661-2021.pdf", "status": 200, "bytes": 382608, "outcome": "ok", "attempts": 1, "event": "http", "level": "info", "timestamp": "2026-08-30T14:10:16.686391Z"}
HTTP Request: GET https://jurisprudencia.cc.gob.gt/Sentencias/828629.1867-2015.pdf "HTTP/1.1 200 OK"
{"url": "https://jurisprudencia.cc.gob.gt/Sentencias/828629.1867-2015.pdf", "status": 200, "bytes": 183888, "outcome": "ok", "attempts": 1, "event": "http", "level": "info", "timestamp": "2026-08-30T14:10:18.500658Z"}
HTTP Request: GET https://jurisprudencia.cc.gob.gt/Sentencias/815263.1875-2010.pdf "HTTP/1.1 200 OK"
{"url": "https://jurisprudencia.cc.gob.gt/Sentencias/815263.1875-2010.pdf", "status": 200, "bytes": 184191, "outcome": "ok", "attempts": 1, "event": "http", "level": "info", "timestamp": "2026-08-30T14:10:20.935743Z"}
HTTP Request: GET https://jurisprudencia.cc.gob.gt/Sentencias/819220.2712-2011.pdf "HTTP/1.1 200 OK"
{"url": "https://jurisprudencia.cc.gob.gt/Sentencias/819220.2712-2011.pdf", "status": 200, "bytes": 173571, "outcome": "ok", "attempts": 1, "event": "http", "level": "info", "timestamp": "2026-08-30T14:10:23.006123Z"}
HTTP Request: GET https://jurisprudencia.cc.gob.gt/Sentencias/851598.6962-2021%20y%201970-2022.pdf "HTTP/1.1 200 OK"
{"url": "https://jurisprudencia.cc.gob.gt/Sentencias/851598.6962-2021%20y%201970-2022.pdf", "status": 200, "bytes": 879621, "outcome": "ok", "attempts": 1, "event": "http", "level": "info", "timestamp": "2026-08-30T14:10:24.902146Z"}
{"url": "https://jurisprudencia.cc.gob.gt/Sentencias/851518.4652-2022.pdf", "from_cache": true, "outcome": "ok", "event": "http", "level": "info", "timestamp": "2026-08-30T14:10:24.982950Z"}
HTTP Request: GET https://jurisprudencia.cc.gob.gt/Sentencias/831043.1245-2015.pdf "HTTP/1.1 200 OK"
{"url": "https://jurisprudencia.cc.gob.gt/Sentencias/831043.1245-2015.pdf", "status": 200, "bytes": 195408, "outcome": "ok", "attempts": 1, "event": "http", "level": "info", "timestamp": "2026-08-30T14:10:26.706232Z"}
{"url": "https://jurisprudencia.cc.gob.gt/Sentencias/842207.6195-2018.pdf", "from_cache": true, "outcome": "ok", "event": "http", "level": "info", "timestamp": "2026-08-30T14:10:26.786755Z"}
HTTP Request: GET https://jurisprudencia.cc.gob.gt/Sentencias/807823.913-2006.pdf "HTTP/1.1 200 OK"
{"url": "https://jurisprudencia.cc.gob.gt/Sentencias/807823.913-2006.pdf", "status": 200, "bytes": 150877, "outcome": "ok", "attempts": 1, "event": "http", "level": "info", "timestamp": "2026-08-30T14:10:28.611202Z"}
HTTP Request: GET https://jurisprudencia.cc.gob.gt/Sentencias/799525.2296-2004.pdf "HTTP/1.1 200 OK"
{"url": "https://jurisprudencia.cc.gob.gt/Sentencias/799525.2296-2004.pdf", "status": 200, "bytes": 120106, "outcome": "ok", "attempts": 1, "event": "http", "level": "info", "timestamp": "2026-08-30T14:10:30.855931Z"}
HTTP Request: GET https://jurisprudencia.cc.gob.gt/Sentencias/840446.1933-2018.pdf "HTTP/1.1 200 OK"
{"url": "https://jurisprudencia.cc.gob.gt/Sentencias/840446.1933-2018.pdf", "status": 200, "bytes": 562979, "outcome": "ok", "attempts": 1, "event": "http", "level": "info", "timestamp": "2026-08-30T14:10:33.210482Z"}
HTTP Request: GET https://jurisprudencia.cc.gob.gt/Sentencias/814049.2408-2007.pdf "HTTP/1.1 200 OK"
{"url": "https://jurisprudencia.cc.gob.gt/Sentencias/814049.2408-2007.pdf", "status": 200, "bytes": 145545, "outcome": "ok", "attempts": 1, "event": "http", "level": "info", "timestamp": "2026-08-30T14:10:35.150602Z"}
HTTP Request: GET https://jurisprudencia.cc.gob.gt/Sentencias/850777.3165-2022.pdf "HTTP/1.1 200 OK"
{"url": "https://jurisprudencia.cc.gob.gt/Sentencias/850777.3165-2022.pdf", "status": 200, "bytes": 949231, "outcome": "ok", "attempts": 1, "event": "http", "level": "info", "timestamp": "2026-08-30T14:10:37.097785Z"}
HTTP Request: GET https://jurisprudencia.cc.gob.gt/Sentencias/814595.4567-2009.pdf "HTTP/1.1 200 OK"
{"url": "https://jurisprudencia.cc.gob.gt/Sentencias/814595.4567-2009.pdf", "status": 200, "bytes": 140505, "outcome": "ok", "attempts": 1, "event": "http", "level": "info", "timestamp": "2026-08-30T14:10:38.608311Z"}
HTTP Request: GET https://jurisprudencia.cc.gob.gt/Sentencias/809648.2564-2009.pdf "HTTP/1.1 200 OK"
{"url": "https://jurisprudencia.cc.gob.gt/Sentencias/809648.2564-2009.pdf", "status": 200, "bytes": 186385, "outcome": "ok", "attempts": 1, "event": "http", "level": "info", "timestamp": "2026-08-30T14:10:40.373214Z"}
HTTP Request: GET https://jurisprudencia.cc.gob.gt/Sentencias/847545.3844-2020.pdf "HTTP/1.1 200 OK"
{"url": "https://jurisprudencia.cc.gob.gt/Sentencias/847545.3844-2020.pdf", "status": 200, "bytes": 500194, "outcome": "ok", "attempts": 1, "event": "http", "level": "info", "timestamp": "2026-08-30T14:10:42.375341Z"}
HTTP Request: GET https://jurisprudencia.cc.gob.gt/Sentencias/854715.6703-2022.pdf "HTTP/1.1 200 OK"
{"url": "https://jurisprudencia.cc.gob.gt/Sentencias/854715.6703-2022.pdf", "status": 200, "bytes": 3706807, "outcome": "ok", "attempts": 1, "event": "http", "level": "info", "timestamp": "2026-08-30T14:10:45.215606Z"}
HTTP Request: GET https://jurisprudencia.cc.gob.gt/Sentencias/843010.4056-2018.pdf "HTTP/1.1 200 OK"
{"url": "https://jurisprudencia.cc.gob.gt/Sentencias/843010.4056-2018.pdf", "status": 200, "bytes": 539330, "outcome": "ok", "attempts": 1, "event": "http", "level": "info", "timestamp": "2026-08-30T14:10:46.362477Z"}
HTTP Request: GET https://jurisprudencia.cc.gob.gt/Sentencias/827124.4848-2014.pdf "HTTP/1.1 200 OK"
{"url": "https://jurisprudencia.cc.gob.gt/Sentencias/827124.4848-2014.pdf", "status": 200, "bytes": 172750, "outcome": "ok", "attempts": 1, "event": "http", "level": "info", "timestamp": "2026-08-30T14:10:48.534640Z"}
HTTP Request: GET https://jurisprudencia.cc.gob.gt/Sentencias/831457.609-2016.pdf "HTTP/1.1 200 OK"
{"url": "https://jurisprudencia.cc.gob.gt/Sentencias/831457.609-2016.pdf", "status": 200, "bytes": 220769, "outcome": "ok", "attempts": 1, "event": "http", "level": "info", "timestamp": "2026-08-30T14:10:50.716820Z"}
HTTP Request: GET https://jurisprudencia.cc.gob.gt/Sentencias/844453.1788-2019.pdf "HTTP/1.1 200 OK"
{"url": "https://jurisprudencia.cc.gob.gt/Sentencias/844453.1788-2019.pdf", "status": 200, "bytes": 217926, "outcome": "ok", "attempts": 1, "event": "http", "level": "info", "timestamp": "2026-08-30T14:10:53.089077Z"}
HTTP Request: GET https://jurisprudencia.cc.gob.gt/Sentencias/831627.908-2015%20y%201070-%202015.pdf "HTTP/1.1 200 OK"
{"url": "https://jurisprudencia.cc.gob.gt/Sentencias/831627.908-2015%20y%201070-%202015.pdf", "status": 200, "bytes": 218647, "outcome": "ok", "attempts": 1, "event": "http", "level": "info", "timestamp": "2026-08-30T14:10:54.739214Z"}
HTTP Request: GET https://jurisprudencia.cc.gob.gt/Sentencias/807848.1920-2006.pdf "HTTP/1.1 200 OK"
{"url": "https://jurisprudencia.cc.gob.gt/Sentencias/807848.1920-2006.pdf", "status": 200, "bytes": 149371, "outcome": "ok", "attempts": 1, "event": "http", "level": "info", "timestamp": "2026-08-30T14:10:56.984089Z"}
HTTP Request: GET https://jurisprudencia.cc.gob.gt/Sentencias/798680.1595-2003.pdf "HTTP/1.1 200 OK"
{"url": "https://jurisprudencia.cc.gob.gt/Sentencias/798680.1595-2003.pdf", "status": 200, "bytes": 83619, "outcome": "ok", "attempts": 1, "event": "http", "level": "info", "timestamp": "2026-08-30T14:10:59.310197Z"}
HTTP Request: GET https://jurisprudencia.cc.gob.gt/Sentencias/819439.3617-2011.pdf "HTTP/1.1 200 OK"
{"url": "https://jurisprudencia.cc.gob.gt/Sentencias/819439.3617-2011.pdf", "status": 200, "bytes": 131242, "outcome": "ok", "attempts": 1, "event": "http", "level": "info", "timestamp": "2026-08-30T14:11:01.603236Z"}
HTTP Request: GET https://jurisprudencia.cc.gob.gt/Sentencias/806925.3031-2005.pdf "HTTP/1.1 200 OK"
{"url": "https://jurisprudencia.cc.gob.gt/Sentencias/806925.3031-2005.pdf", "status": 200, "bytes": 184005, "outcome": "ok", "attempts": 1, "event": "http", "level": "info", "timestamp": "2026-08-30T14:11:03.501920Z"}
HTTP Request: GET https://jurisprudencia.cc.gob.gt/Sentencias/848171.3214-2021.pdf "HTTP/1.1 200 OK"
{"url": "https://jurisprudencia.cc.gob.gt/Sentencias/848171.3214-2021.pdf", "status": 200, "bytes": 244884, "outcome": "ok", "attempts": 1, "event": "http", "level": "info", "timestamp": "2026-08-30T14:11:05.643730Z"}
HTTP Request: GET https://jurisprudencia.cc.gob.gt/Sentencias/816501.1650-2010.pdf "HTTP/1.1 200 OK"
{"url": "https://jurisprudencia.cc.gob.gt/Sentencias/816501.1650-2010.pdf", "status": 200, "bytes": 143956, "outcome": "ok", "attempts": 1, "event": "http", "level": "info", "timestamp": "2026-08-30T14:11:07.330927Z"}
HTTP Request: GET https://jurisprudencia.cc.gob.gt/Sentencias/811586.2932-2008.pdf "HTTP/1.1 200 OK"
{"url": "https://jurisprudencia.cc.gob.gt/Sentencias/811586.2932-2008.pdf", "status": 200, "bytes": 246036, "outcome": "ok", "attempts": 1, "event": "http", "level": "info", "timestamp": "2026-08-30T14:11:09.442504Z"}
HTTP Request: GET https://jurisprudencia.cc.gob.gt/Sentencias/806588.1262-2005.pdf "HTTP/1.1 200 OK"
{"url": "https://jurisprudencia.cc.gob.gt/Sentencias/806588.1262-2005.pdf", "status": 200, "bytes": 175942, "outcome": "ok", "attempts": 1, "event": "http", "level": "info", "timestamp": "2026-08-30T14:11:11.421846Z"}
HTTP Request: GET https://jurisprudencia.cc.gob.gt/Sentencias/808933.56-2010.pdf "HTTP/1.1 200 OK"
{"url": "https://jurisprudencia.cc.gob.gt/Sentencias/808933.56-2010.pdf", "status": 200, "bytes": 181124, "outcome": "ok", "attempts": 1, "event": "http", "level": "info", "timestamp": "2026-08-30T14:11:13.221034Z"}
HTTP Request: GET https://jurisprudencia.cc.gob.gt/Sentencias/822122.3870-2012.pdf "HTTP/1.1 200 OK"
{"url": "https://jurisprudencia.cc.gob.gt/Sentencias/822122.3870-2012.pdf", "status": 200, "bytes": 147391, "outcome": "ok", "attempts": 1, "event": "http", "level": "info", "timestamp": "2026-08-30T14:11:15.272278Z"}
HTTP Request: GET https://jurisprudencia.cc.gob.gt/Sentencias/825884.637-2014.pdf "HTTP/1.1 200 OK"
{"url": "https://jurisprudencia.cc.gob.gt/Sentencias/825884.637-2014.pdf", "status": 200, "bytes": 245893, "outcome": "ok", "attempts": 1, "event": "http", "level": "info", "timestamp": "2026-08-30T14:11:17.499049Z"}
HTTP Request: GET https://jurisprudencia.cc.gob.gt/Sentencias/849904.5696-2021.pdf "HTTP/1.1 200 OK"
{"url": "https://jurisprudencia.cc.gob.gt/Sentencias/849904.5696-2021.pdf", "status": 200, "bytes": 287815, "outcome": "ok", "attempts": 1, "event": "http", "level": "info", "timestamp": "2026-08-30T14:11:19.636317Z"}
HTTP Request: GET https://jurisprudencia.cc.gob.gt/Sentencias/831754.708-2016.pdf "HTTP/1.1 200 OK"
{"url": "https://jurisprudencia.cc.gob.gt/Sentencias/831754.708-2016.pdf", "status": 200, "bytes": 141197, "outcome": "ok", "attempts": 1, "event": "http", "level": "info", "timestamp": "2026-08-30T14:11:21.517978Z"}
HTTP Request: GET https://jurisprudencia.cc.gob.gt/Sentencias/809236.689-2010.pdf "HTTP/1.1 200 OK"
{"url": "https://jurisprudencia.cc.gob.gt/Sentencias/809236.689-2010.pdf", "status": 200, "bytes": 179514, "outcome": "ok", "attempts": 1, "event": "http", "level": "info", "timestamp": "2026-08-30T14:11:23.337872Z"}
HTTP Request: GET https://jurisprudencia.cc.gob.gt/Sentencias/821651.2345-2012.pdf "HTTP/1.1 200 OK"
{"url": "https://jurisprudencia.cc.gob.gt/Sentencias/821651.2345-2012.pdf", "status": 200, "bytes": 177817, "outcome": "ok", "attempts": 1, "event": "http", "level": "info", "timestamp": "2026-08-30T14:11:25.604363Z"}
HTTP Request: GET https://jurisprudencia.cc.gob.gt/Sentencias/842959.2405-2019.pdf "HTTP/1.1 200 OK"
{"url": "https://jurisprudencia.cc.gob.gt/Sentencias/842959.2405-2019.pdf", "status": 200, "bytes": 468588, "outcome": "ok", "attempts": 1, "event": "http", "level": "info", "timestamp": "2026-08-30T14:11:27.637285Z"}
HTTP Request: GET https://jurisprudencia.cc.gob.gt/Sentencias/849016.2717-2021.pdf "HTTP/1.1 200 OK"
{"url": "https://jurisprudencia.cc.gob.gt/Sentencias/849016.2717-2021.pdf", "status": 200, "bytes": 337316, "outcome": "ok", "attempts": 1, "event": "http", "level": "info", "timestamp": "2026-08-30T14:11:30.140324Z"}
HTTP Request: GET https://jurisprudencia.cc.gob.gt/Sentencias/835452.1421-2015.pdf "HTTP/1.1 200 OK"
{"url": "https://jurisprudencia.cc.gob.gt/Sentencias/835452.1421-2015.pdf", "status": 200, "bytes": 214508, "outcome": "ok", "attempts": 1, "event": "http", "level": "info", "timestamp": "2026-08-30T14:11:31.894870Z"}
HTTP Request: GET https://jurisprudencia.cc.gob.gt/Sentencias/849673.6139-2021.pdf "HTTP/1.1 200 OK"
{"url": "https://jurisprudencia.cc.gob.gt/Sentencias/849673.6139-2021.pdf", "status": 200, "bytes": 308207, "outcome": "ok", "attempts": 1, "event": "http", "level": "info", "timestamp": "2026-08-30T14:11:34.084311Z"}
HTTP Request: GET https://jurisprudencia.cc.gob.gt/Sentencias/820283.3204-2011.pdf "HTTP/1.1 200 OK"
{"url": "https://jurisprudencia.cc.gob.gt/Sentencias/820283.3204-2011.pdf", "status": 200, "bytes": 131926, "outcome": "ok", "attempts": 1, "event": "http", "level": "info", "timestamp": "2026-08-30T14:11:35.996535Z"}
HTTP Request: GET https://jurisprudencia.cc.gob.gt/Sentencias/835885.283-2004.pdf "HTTP/1.1 200 OK"
{"url": "https://jurisprudencia.cc.gob.gt/Sentencias/835885.283-2004.pdf", "status": 200, "bytes": 188328, "outcome": "ok", "attempts": 1, "event": "http", "level": "info", "timestamp": "2026-08-30T14:11:38.331824Z"}
HTTP Request: GET https://jurisprudencia.cc.gob.gt/Sentencias/844913.4313-2019.pdf "HTTP/1.1 200 OK"
{"url": "https://jurisprudencia.cc.gob.gt/Sentencias/844913.4313-2019.pdf", "status": 200, "bytes": 378446, "outcome": "ok", "attempts": 1, "event": "http", "level": "info", "timestamp": "2026-08-30T14:11:40.431073Z"}
{"url": "https://jurisprudencia.cc.gob.gt/Sentencias/819433.4675-2011.pdf", "from_cache": true, "outcome": "ok", "event": "http", "level": "info", "timestamp": "2026-08-30T14:11:40.488695Z"}
HTTP Request: GET https://jurisprudencia.cc.gob.gt/Sentencias/824242.4219-2011.pdf "HTTP/1.1 200 OK"
{"url": "https://jurisprudencia.cc.gob.gt/Sentencias/824242.4219-2011.pdf", "status": 200, "bytes": 153815, "outcome": "ok", "attempts": 1, "event": "http", "level": "info", "timestamp": "2026-08-30T14:11:42.008397Z"}
HTTP Request: GET https://jurisprudencia.cc.gob.gt/Sentencias/798533.1588-2003.pdf "HTTP/1.1 200 OK"
{"url": "https://jurisprudencia.cc.gob.gt/Sentencias/798533.1588-2003.pdf", "status": 200, "bytes": 130776, "outcome": "ok", "attempts": 1, "event": "http", "level": "info", "timestamp": "2026-08-30T14:11:43.888444Z"}
HTTP Request: GET https://jurisprudencia.cc.gob.gt/Sentencias/829234.4798-2012.pdf "HTTP/1.1 200 OK"
{"url": "https://jurisprudencia.cc.gob.gt/Sentencias/829234.4798-2012.pdf", "status": 200, "bytes": 188306, "outcome": "ok", "attempts": 1, "event": "http", "level": "info", "timestamp": "2026-08-30T14:11:46.193957Z"}
HTTP Request: GET https://jurisprudencia.cc.gob.gt/Sentencias/847264.4011-2020.pdf "HTTP/1.1 200 OK"
{"url": "https://jurisprudencia.cc.gob.gt/Sentencias/847264.4011-2020.pdf", "status": 200, "bytes": 353885, "outcome": "ok", "attempts": 1, "event": "http", "level": "info", "timestamp": "2026-08-30T14:11:48.209705Z"}
HTTP Request: GET https://jurisprudencia.cc.gob.gt/Sentencias/850793.2722-2022.pdf "HTTP/1.1 200 OK"
{"url": "https://jurisprudencia.cc.gob.gt/Sentencias/850793.2722-2022.pdf", "status": 200, "bytes": 727872, "outcome": "ok", "attempts": 1, "event": "http", "level": "info", "timestamp": "2026-08-30T14:11:50.498186Z"}
HTTP Request: GET https://jurisprudencia.cc.gob.gt/Sentencias/823348.1202-2013.pdf "HTTP/1.1 200 OK"
{"url": "https://jurisprudencia.cc.gob.gt/Sentencias/823348.1202-2013.pdf", "status": 200, "bytes": 174769, "outcome": "ok", "attempts": 1, "event": "http", "level": "info", "timestamp": "2026-08-30T14:11:52.394265Z"}
HTTP Request: GET https://jurisprudencia.cc.gob.gt/Sentencias/851382.1400-2022.pdf "HTTP/1.1 200 OK"
{"url": "https://jurisprudencia.cc.gob.gt/Sentencias/851382.1400-2022.pdf", "status": 200, "bytes": 832615, "outcome": "ok", "attempts": 1, "event": "http", "level": "info", "timestamp": "2026-08-30T14:11:54.244423Z"}
HTTP Request: GET https://jurisprudencia.cc.gob.gt/Sentencias/843973.4227-2019.pdf "HTTP/1.1 200 OK"
{"url": "https://jurisprudencia.cc.gob.gt/Sentencias/843973.4227-2019.pdf", "status": 200, "bytes": 379780, "outcome": "ok", "attempts": 1, "event": "http", "level": "info", "timestamp": "2026-08-30T14:11:55.794317Z"}
HTTP Request: GET https://jurisprudencia.cc.gob.gt/Sentencias/827753.5210-2014.pdf "HTTP/1.1 200 OK"
{"url": "https://jurisprudencia.cc.gob.gt/Sentencias/827753.5210-2014.pdf", "status": 200, "bytes": 134964, "outcome": "ok", "attempts": 1, "event": "http", "level": "info", "timestamp": "2026-08-30T14:11:58.236619Z"}
HTTP Request: GET https://jurisprudencia.cc.gob.gt/Sentencias/811660.3464-2008.pdf "HTTP/1.1 200 OK"
{"url": "https://jurisprudencia.cc.gob.gt/Sentencias/811660.3464-2008.pdf", "status": 200, "bytes": 235278, "outcome": "ok", "attempts": 1, "event": "http", "level": "info", "timestamp": "2026-08-30T14:11:59.961118Z"}
HTTP Request: GET https://jurisprudencia.cc.gob.gt/Sentencias/847544.1068-2021.pdf "HTTP/1.1 200 OK"
{"url": "https://jurisprudencia.cc.gob.gt/Sentencias/847544.1068-2021.pdf", "status": 200, "bytes": 352404, "outcome": "ok", "attempts": 1, "event": "http", "level": "info", "timestamp": "2026-08-30T14:12:02.185234Z"}
HTTP Request: GET https://jurisprudencia.cc.gob.gt/Sentencias/809999.1111-2009.pdf "HTTP/1.1 200 OK"
{"url": "https://jurisprudencia.cc.gob.gt/Sentencias/809999.1111-2009.pdf", "status": 200, "bytes": 195205, "outcome": "ok", "attempts": 1, "event": "http", "level": "info", "timestamp": "2026-08-30T14:12:04.080478Z"}
HTTP Request: GET https://jurisprudencia.cc.gob.gt/Sentencias/831135.389-2016.pdf "HTTP/1.1 200 OK"
{"url": "https://jurisprudencia.cc.gob.gt/Sentencias/831135.389-2016.pdf", "status": 200, "bytes": 254937, "outcome": "ok", "attempts": 1, "event": "http", "level": "info", "timestamp": "2026-08-30T14:12:05.998448Z"}
HTTP Request: GET https://jurisprudencia.cc.gob.gt/Sentencias/853202.3054-2023.pdf "HTTP/1.1 200 OK"
{"url": "https://jurisprudencia.cc.gob.gt/Sentencias/853202.3054-2023.pdf", "status": 200, "bytes": 683858, "outcome": "ok", "attempts": 1, "event": "http", "level": "info", "timestamp": "2026-08-30T14:12:08.661305Z"}
HTTP Request: GET https://jurisprudencia.cc.gob.gt/Sentencias/844504.4259-2019.pdf "HTTP/1.1 200 OK"
{"url": "https://jurisprudencia.cc.gob.gt/Sentencias/844504.4259-2019.pdf", "status": 200, "bytes": 262731, "outcome": "ok", "attempts": 1, "event": "http", "level": "info", "timestamp": "2026-08-30T14:12:09.837776Z"}
HTTP Request: GET https://jurisprudencia.cc.gob.gt/Sentencias/849242.163-2021,%20189-2021,%20199-2021%20y%20213-2021.pdf "HTTP/1.1 200 OK"
{"url": "https://jurisprudencia.cc.gob.gt/Sentencias/849242.163-2021,%20189-2021,%20199-2021%20y%20213-2021.pdf", "status": 200, "bytes": 370458, "outcome": "ok", "attempts": 1, "event": "http", "level": "info", "timestamp": "2026-08-30T14:12:12.211670Z"}
HTTP Request: GET https://jurisprudencia.cc.gob.gt/Sentencias/819255.3923-2011.pdf "HTTP/1.1 200 OK"
{"url": "https://jurisprudencia.cc.gob.gt/Sentencias/819255.3923-2011.pdf", "status": 200, "bytes": 133935, "outcome": "ok", "attempts": 1, "event": "http", "level": "info", "timestamp": "2026-08-30T14:12:14.327080Z"}
HTTP Request: GET https://jurisprudencia.cc.gob.gt/Sentencias/849079.5418-2021.pdf "HTTP/1.1 200 OK"
{"url": "https://jurisprudencia.cc.gob.gt/Sentencias/849079.5418-2021.pdf", "status": 200, "bytes": 223728, "outcome": "ok", "attempts": 1, "event": "http", "level": "info", "timestamp": "2026-08-30T14:12:15.948533Z"}
HTTP Request: GET https://jurisprudencia.cc.gob.gt/Sentencias/807750.1625-2006.pdf "HTTP/1.1 200 OK"
{"url": "https://jurisprudencia.cc.gob.gt/Sentencias/807750.1625-2006.pdf", "status": 200, "bytes": 148361, "outcome": "ok", "attempts": 1, "event": "http", "level": "info", "timestamp": "2026-08-30T14:12:17.701203Z"}
HTTP Request: GET https://jurisprudencia.cc.gob.gt/Sentencias/839842.1535-2018.pdf "HTTP/1.1 200 OK"
{"url": "https://jurisprudencia.cc.gob.gt/Sentencias/839842.1535-2018.pdf", "status": 200, "bytes": 499111, "outcome": "ok", "attempts": 1, "event": "http", "level": "info", "timestamp": "2026-08-30T14:12:20.029719Z"}
HTTP Request: GET https://jurisprudencia.cc.gob.gt/Sentencias/846729.3850-2020.pdf "HTTP/1.1 200 OK"
{"url": "https://jurisprudencia.cc.gob.gt/Sentencias/846729.3850-2020.pdf", "status": 200, "bytes": 397931, "outcome": "ok", "attempts": 1, "event": "http", "level": "info", "timestamp": "2026-08-30T14:12:22.003654Z"}
HTTP Request: GET https://jurisprudencia.cc.gob.gt/Sentencias/845169.1398-2019.pdf "HTTP/1.1 200 OK"
{"url": "https://jurisprudencia.cc.gob.gt/Sentencias/845169.1398-2019.pdf", "status": 200, "bytes": 504802, "outcome": "ok", "attempts": 1, "event": "http", "level": "info", "timestamp": "2026-08-30T14:12:24.055774Z"}
HTTP Request: GET https://jurisprudencia.cc.gob.gt/Sentencias/822519.792-2013.pdf "HTTP/1.1 200 OK"
{"url": "https://jurisprudencia.cc.gob.gt/Sentencias/822519.792-2013.pdf", "status": 200, "bytes": 245777, "outcome": "ok", "attempts": 1, "event": "http", "level": "info", "timestamp": "2026-08-30T14:12:26.158256Z"}
{"url": "https://jurisprudencia.cc.gob.gt/Sentencias/828010.3390-2013.pdf", "from_cache": true, "outcome": "ok", "event": "http", "level": "info", "timestamp": "2026-08-30T14:12:26.210257Z"}
HTTP Request: GET https://jurisprudencia.cc.gob.gt/Sentencias/847381.1619-2020.pdf "HTTP/1.1 200 OK"
{"url": "https://jurisprudencia.cc.gob.gt/Sentencias/847381.1619-2020.pdf", "status": 200, "bytes": 415092, "outcome": "ok", "attempts": 1, "event": "http", "level": "info", "timestamp": "2026-08-30T14:12:28.168080Z"}
HTTP Request: GET https://jurisprudencia.cc.gob.gt/Sentencias/812114.1853-2008.pdf "HTTP/1.1 200 OK"
{"url": "https://jurisprudencia.cc.gob.gt/Sentencias/812114.1853-2008.pdf", "status": 200, "bytes": 158309, "outcome": "ok", "attempts": 1, "event": "http", "level": "info", "timestamp": "2026-08-30T14:12:30.364831Z"}
HTTP Request: GET https://jurisprudencia.cc.gob.gt/Sentencias/849398.147-2022.pdf "HTTP/1.1 200 OK"
{"url": "https://jurisprudencia.cc.gob.gt/Sentencias/849398.147-2022.pdf", "status": 200, "bytes": 321657, "outcome": "ok", "attempts": 1, "event": "http", "level": "info", "timestamp": "2026-08-30T14:12:31.944227Z"}
HTTP Request: GET https://jurisprudencia.cc.gob.gt/Sentencias/801944.2993-2005.pdf "HTTP/1.1 200 OK"
{"url": "https://jurisprudencia.cc.gob.gt/Sentencias/801944.2993-2005.pdf", "status": 200, "bytes": 157768, "outcome": "ok", "attempts": 1, "event": "http", "level": "info", "timestamp": "2026-08-30T14:12:34.312824Z"}
HTTP Request: GET https://jurisprudencia.cc.gob.gt/Sentencias/849243.451-2021.pdf "HTTP/1.1 200 OK"
{"url": "https://jurisprudencia.cc.gob.gt/Sentencias/849243.451-2021.pdf", "status": 200, "bytes": 290809, "outcome": "ok", "attempts": 1, "event": "http", "level": "info", "timestamp": "2026-08-30T14:12:36.308222Z"}
HTTP Request: GET https://jurisprudencia.cc.gob.gt/Sentencias/854274.4484-2023.pdf "HTTP/1.1 200 OK"
{"url": "https://jurisprudencia.cc.gob.gt/Sentencias/854274.4484-2023.pdf", "status": 200, "bytes": 3284761, "outcome": "ok", "attempts": 1, "event": "http", "level": "info", "timestamp": "2026-08-30T14:12:38.157870Z"}
HTTP Request: GET https://jurisprudencia.cc.gob.gt/Sentencias/838360.539-2017.pdf "HTTP/1.1 200 OK"
{"url": "https://jurisprudencia.cc.gob.gt/Sentencias/838360.539-2017.pdf", "status": 200, "bytes": 347324, "outcome": "ok", "attempts": 1, "event": "http", "level": "info", "timestamp": "2026-08-30T14:12:39.926914Z"}
HTTP Request: GET https://jurisprudencia.cc.gob.gt/Sentencias/810414.2956-2007.pdf "HTTP/1.1 200 OK"
{"url": "https://jurisprudencia.cc.gob.gt/Sentencias/810414.2956-2007.pdf", "status": 200, "bytes": 191066, "outcome": "ok", "attempts": 1, "event": "http", "level": "info", "timestamp": "2026-08-30T14:12:41.979321Z"}
HTTP Request: GET https://jurisprudencia.cc.gob.gt/Sentencias/827841.3266-2014.pdf "HTTP/1.1 200 OK"
{"url": "https://jurisprudencia.cc.gob.gt/Sentencias/827841.3266-2014.pdf", "status": 200, "bytes": 91159, "outcome": "ok", "attempts": 1, "event": "http", "level": "info", "timestamp": "2026-08-30T14:12:43.708699Z"}
HTTP Request: GET https://jurisprudencia.cc.gob.gt/Sentencias/832061.1332-2015.pdf "HTTP/1.1 200 OK"
{"url": "https://jurisprudencia.cc.gob.gt/Sentencias/832061.1332-2015.pdf", "status": 200, "bytes": 183072, "outcome": "ok", "attempts": 1, "event": "http", "level": "info", "timestamp": "2026-08-30T14:12:46.157647Z"}
HTTP Request: GET https://jurisprudencia.cc.gob.gt/Sentencias/820195.1163-2012.pdf "HTTP/1.1 200 OK"
{"url": "https://jurisprudencia.cc.gob.gt/Sentencias/820195.1163-2012.pdf", "status": 200, "bytes": 161469, "outcome": "ok", "attempts": 1, "event": "http", "level": "info", "timestamp": "2026-08-30T14:12:47.901928Z"}
HTTP Request: GET https://jurisprudencia.cc.gob.gt/Sentencias/803006.2093-2006.pdf "HTTP/1.1 200 OK"
{"url": "https://jurisprudencia.cc.gob.gt/Sentencias/803006.2093-2006.pdf", "status": 200, "bytes": 93798, "outcome": "ok", "attempts": 1, "event": "http", "level": "info", "timestamp": "2026-08-30T14:12:49.852056Z"}
HTTP Request: GET https://jurisprudencia.cc.gob.gt/Sentencias/818630.1222-2011.pdf "HTTP/1.1 200 OK"
{"url": "https://jurisprudencia.cc.gob.gt/Sentencias/818630.1222-2011.pdf", "status": 200, "bytes": 173156, "outcome": "ok", "attempts": 1, "event": "http", "level": "info", "timestamp": "2026-08-30T14:12:51.820136Z"}
HTTP Request: GET https://jurisprudencia.cc.gob.gt/Sentencias/796993.655-2001.pdf "HTTP/1.1 200 OK"
{"url": "https://jurisprudencia.cc.gob.gt/Sentencias/796993.655-2001.pdf", "status": 200, "bytes": 191494, "outcome": "ok", "attempts": 1, "event": "http", "level": "info", "timestamp": "2026-08-30T14:12:53.711716Z"}
HTTP Request: GET https://jurisprudencia.cc.gob.gt/Sentencias/817400.426-2011.pdf "HTTP/1.1 200 OK"
{"url": "https://jurisprudencia.cc.gob.gt/Sentencias/817400.426-2011.pdf", "status": 200, "bytes": 161984, "outcome": "ok", "attempts": 1, "event": "http", "level": "info", "timestamp": "2026-08-30T14:12:55.958624Z"}
HTTP Request: GET https://jurisprudencia.cc.gob.gt/Sentencias/836409.1623-2017.pdf "HTTP/1.1 200 OK"
{"url": "https://jurisprudencia.cc.gob.gt/Sentencias/836409.1623-2017.pdf", "status": 200, "bytes": 364046, "outcome": "ok", "attempts": 1, "event": "http", "level": "info", "timestamp": "2026-08-30T14:12:57.813936Z"}
HTTP Request: GET https://jurisprudencia.cc.gob.gt/Sentencias/811411.1323-2007%20y%201523-2007.pdf "HTTP/1.1 200 OK"
{"url": "https://jurisprudencia.cc.gob.gt/Sentencias/811411.1323-2007%20y%201523-2007.pdf", "status": 200, "bytes": 150889, "outcome": "ok", "attempts": 1, "event": "http", "level": "info", "timestamp": "2026-08-30T14:12:59.593142Z"}
HTTP Request: GET https://jurisprudencia.cc.gob.gt/Sentencias/836398.5040-2016.pdf "HTTP/1.1 200 OK"
{"url": "https://jurisprudencia.cc.gob.gt/Sentencias/836398.5040-2016.pdf", "status": 200, "bytes": 294982, "outcome": "ok", "attempts": 1, "event": "http", "level": "info", "timestamp": "2026-08-30T14:13:01.283404Z"}
HTTP Request: GET https://jurisprudencia.cc.gob.gt/Sentencias/798454.957-2003.pdf "HTTP/1.1 200 OK"
{"url": "https://jurisprudencia.cc.gob.gt/Sentencias/798454.957-2003.pdf", "status": 200, "bytes": 116331, "outcome": "ok", "attempts": 1, "event": "http", "level": "info", "timestamp": "2026-08-30T14:13:03.374521Z"}
HTTP Request: GET https://jurisprudencia.cc.gob.gt/Sentencias/842490.5081-2018.pdf "HTTP/1.1 200 OK"
{"url": "https://jurisprudencia.cc.gob.gt/Sentencias/842490.5081-2018.pdf", "status": 200, "bytes": 329738, "outcome": "ok", "attempts": 1, "event": "http", "level": "info", "timestamp": "2026-08-30T14:13:05.451970Z"}
HTTP Request: GET https://jurisprudencia.cc.gob.gt/Sentencias/836153.434-2014.pdf "HTTP/1.1 200 OK"
{"url": "https://jurisprudencia.cc.gob.gt/Sentencias/836153.434-2014.pdf", "status": 200, "bytes": 245153, "outcome": "ok", "attempts": 1, "event": "http", "level": "info", "timestamp": "2026-08-30T14:13:07.133282Z"}
HTTP Request: GET https://jurisprudencia.cc.gob.gt/Sentencias/816587.41-2011.pdf "HTTP/1.1 200 OK"
{"url": "https://jurisprudencia.cc.gob.gt/Sentencias/816587.41-2011.pdf", "status": 200, "bytes": 165467, "outcome": "ok", "attempts": 1, "event": "http", "level": "info", "timestamp": "2026-08-30T14:13:09.485540Z"}
HTTP Request: GET https://jurisprudencia.cc.gob.gt/Sentencias/821430.3389-2012.pdf "HTTP/1.1 200 OK"
{"url": "https://jurisprudencia.cc.gob.gt/Sentencias/821430.3389-2012.pdf", "status": 200, "bytes": 171837, "outcome": "ok", "attempts": 1, "event": "http", "level": "info", "timestamp": "2026-08-30T14:13:11.391239Z"}
HTTP Request: GET https://jurisprudencia.cc.gob.gt/Sentencias/797960.143-2003.pdf "HTTP/1.1 200 OK"
{"url": "https://jurisprudencia.cc.gob.gt/Sentencias/797960.143-2003.pdf", "status": 200, "bytes": 65953, "outcome": "ok", "attempts": 1, "event": "http", "level": "info", "timestamp": "2026-08-30T14:13:13.348579Z"}
HTTP Request: GET https://jurisprudencia.cc.gob.gt/Sentencias/802009.965-2006.pdf "HTTP/1.1 200 OK"
{"url": "https://jurisprudencia.cc.gob.gt/Sentencias/802009.965-2006.pdf", "status": 200, "bytes": 157046, "outcome": "ok", "attempts": 1, "event": "http", "level": "info", "timestamp": "2026-08-30T14:13:15.531165Z"}
HTTP Request: GET https://jurisprudencia.cc.gob.gt/Sentencias/854759.5611-2023.pdf "HTTP/1.1 200 OK"
{"url": "https://jurisprudencia.cc.gob.gt/Sentencias/854759.5611-2023.pdf", "status": 200, "bytes": 4205859, "outcome": "ok", "attempts": 1, "event": "http", "level": "info", "timestamp": "2026-08-30T14:13:18.189325Z"}
HTTP Request: GET https://jurisprudencia.cc.gob.gt/Sentencias/828018.3825-2014.pdf "HTTP/1.1 200 OK"
{"url": "https://jurisprudencia.cc.gob.gt/Sentencias/828018.3825-2014.pdf", "status": 200, "bytes": 184213, "outcome": "ok", "attempts": 1, "event": "http", "level": "info", "timestamp": "2026-08-30T14:13:19.071892Z"}
HTTP Request: GET https://jurisprudencia.cc.gob.gt/Sentencias/845033.1206-2019.pdf "HTTP/1.1 200 OK"
{"url": "https://jurisprudencia.cc.gob.gt/Sentencias/845033.1206-2019.pdf", "status": 200, "bytes": 377076, "outcome": "ok", "attempts": 1, "event": "http", "level": "info", "timestamp": "2026-08-30T14:13:21.388985Z"}
HTTP Request: GET https://jurisprudencia.cc.gob.gt/Sentencias/848600.4212-2021.pdf "HTTP/1.1 200 OK"
{"url": "https://jurisprudencia.cc.gob.gt/Sentencias/848600.4212-2021.pdf", "status": 200, "bytes": 300635, "outcome": "ok", "attempts": 1, "event": "http", "level": "info", "timestamp": "2026-08-30T14:13:23.613446Z"}
HTTP Request: GET https://jurisprudencia.cc.gob.gt/Sentencias/851314.2689-2021.pdf "HTTP/1.1 200 OK"
{"url": "https://jurisprudencia.cc.gob.gt/Sentencias/851314.2689-2021.pdf", "status": 200, "bytes": 690112, "outcome": "ok", "attempts": 1, "event": "http", "level": "info", "timestamp": "2026-08-30T14:13:25.833549Z"}
HTTP Request: GET https://jurisprudencia.cc.gob.gt/Sentencias/846836.4243-2020.pdf "HTTP/1.1 200 OK"
{"url": "https://jurisprudencia.cc.gob.gt/Sentencias/846836.4243-2020.pdf", "status": 200, "bytes": 397975, "outcome": "ok", "attempts": 1, "event": "http", "level": "info", "timestamp": "2026-08-30T14:13:28.075115Z"}
{"procesados": 1800, "por_regla": 1666, "event": "avance", "level": "info", "timestamp": "2026-08-30T14:13:28.142504Z"}
HTTP Request: GET https://jurisprudencia.cc.gob.gt/Sentencias/849646.3435-2021.pdf "HTTP/1.1 200 OK"
{"url": "https://jurisprudencia.cc.gob.gt/Sentencias/849646.3435-2021.pdf", "status": 200, "bytes": 224719, "outcome": "ok", "attempts": 1, "event": "http", "level": "info", "timestamp": "2026-08-30T14:13:29.889019Z"}
HTTP Request: GET https://jurisprudencia.cc.gob.gt/Sentencias/806980.2594-2005.pdf "HTTP/1.1 200 OK"
{"url": "https://jurisprudencia.cc.gob.gt/Sentencias/806980.2594-2005.pdf", "status": 200, "bytes": 155721, "outcome": "ok", "attempts": 1, "event": "http", "level": "info", "timestamp": "2026-08-30T14:13:31.630365Z"}
HTTP Request: GET https://jurisprudencia.cc.gob.gt/Sentencias/823963.3578-2013.pdf "HTTP/1.1 200 OK"
{"url": "https://jurisprudencia.cc.gob.gt/Sentencias/823963.3578-2013.pdf", "status": 200, "bytes": 183389, "outcome": "ok", "attempts": 1, "event": "http", "level": "info", "timestamp": "2026-08-30T14:13:33.332757Z"}
HTTP Request: GET https://jurisprudencia.cc.gob.gt/Sentencias/816283.4444-2010.pdf "HTTP/1.1 200 OK"
{"url": "https://jurisprudencia.cc.gob.gt/Sentencias/816283.4444-2010.pdf", "status": 200, "bytes": 164270, "outcome": "ok", "attempts": 1, "event": "http", "level": "info", "timestamp": "2026-08-30T14:13:35.229822Z"}
HTTP Request: GET https://jurisprudencia.cc.gob.gt/Sentencias/823080.1933-2012.pdf "HTTP/1.1 200 OK"
{"url": "https://jurisprudencia.cc.gob.gt/Sentencias/823080.1933-2012.pdf", "status": 200, "bytes": 158024, "outcome": "ok", "attempts": 1, "event": "http", "level": "info", "timestamp": "2026-08-30T14:13:37.053455Z"}
HTTP Request: GET https://jurisprudencia.cc.gob.gt/Sentencias/837715.6200-2016.pdf "HTTP/1.1 200 OK"
{"url": "https://jurisprudencia.cc.gob.gt/Sentencias/837715.6200-2016.pdf", "status": 200, "bytes": 222743, "outcome": "ok", "attempts": 1, "event": "http", "level": "info", "timestamp": "2026-08-30T14:13:39.048208Z"}
{"url": "https://jurisprudencia.cc.gob.gt/Sentencias/799379.752-2004.pdf", "from_cache": true, "outcome": "ok", "event": "http", "level": "info", "timestamp": "2026-08-30T14:13:39.102876Z"}
HTTP Request: GET https://jurisprudencia.cc.gob.gt/Sentencias/830707.3070-2015.pdf "HTTP/1.1 200 OK"
{"url": "https://jurisprudencia.cc.gob.gt/Sentencias/830707.3070-2015.pdf", "status": 200, "bytes": 231366, "outcome": "ok", "attempts": 1, "event": "http", "level": "info", "timestamp": "2026-08-30T14:13:40.972378Z"}
HTTP Request: GET https://jurisprudencia.cc.gob.gt/Sentencias/820157.1493-2012.pdf "HTTP/1.1 200 OK"
{"url": "https://jurisprudencia.cc.gob.gt/Sentencias/820157.1493-2012.pdf", "status": 200, "bytes": 146384, "outcome": "ok", "attempts": 1, "event": "http", "level": "info", "timestamp": "2026-08-30T14:13:43.198935Z"}
HTTP Request: GET https://jurisprudencia.cc.gob.gt/Sentencias/799228.1573-2004.pdf "HTTP/1.1 200 OK"
{"url": "https://jurisprudencia.cc.gob.gt/Sentencias/799228.1573-2004.pdf", "status": 200, "bytes": 102945, "outcome": "ok", "attempts": 1, "event": "http", "level": "info", "timestamp": "2026-08-30T14:13:45.050214Z"}
HTTP Request: GET https://jurisprudencia.cc.gob.gt/Sentencias/851412.2977-2022.pdf "HTTP/1.1 200 OK"
{"url": "https://jurisprudencia.cc.gob.gt/Sentencias/851412.2977-2022.pdf", "status": 200, "bytes": 654159, "outcome": "ok", "attempts": 1, "event": "http", "level": "info", "timestamp": "2026-08-30T14:13:47.265533Z"}
HTTP Request: GET https://jurisprudencia.cc.gob.gt/Sentencias/851433.4870-2022.pdf "HTTP/1.1 200 OK"
{"url": "https://jurisprudencia.cc.gob.gt/Sentencias/851433.4870-2022.pdf", "status": 200, "bytes": 861917, "outcome": "ok", "attempts": 1, "event": "http", "level": "info", "timestamp": "2026-08-30T14:13:49.288536Z"}
HTTP Request: GET https://jurisprudencia.cc.gob.gt/Sentencias/827092.3983-2013.pdf "HTTP/1.1 200 OK"
{"url": "https://jurisprudencia.cc.gob.gt/Sentencias/827092.3983-2013.pdf", "status": 200, "bytes": 184150, "outcome": "ok", "attempts": 1, "event": "http", "level": "info", "timestamp": "2026-08-30T14:13:51.129503Z"}
{"url": "https://jurisprudencia.cc.gob.gt/Sentencias/835062.2272-2016.pdf", "from_cache": true, "outcome": "ok", "event": "http", "level": "info", "timestamp": "2026-08-30T14:13:51.196409Z"}
HTTP Request: GET https://jurisprudencia.cc.gob.gt/Sentencias/816701.2428-2010.pdf "HTTP/1.1 200 OK"
{"url": "https://jurisprudencia.cc.gob.gt/Sentencias/816701.2428-2010.pdf", "status": 200, "bytes": 145200, "outcome": "ok", "attempts": 1, "event": "http", "level": "info", "timestamp": "2026-08-30T14:13:53.185967Z"}
HTTP Request: GET https://jurisprudencia.cc.gob.gt/Sentencias/807760.1997-2006.pdf "HTTP/1.1 200 OK"
{"url": "https://jurisprudencia.cc.gob.gt/Sentencias/807760.1997-2006.pdf", "status": 200, "bytes": 149788, "outcome": "ok", "attempts": 1, "event": "http", "level": "info", "timestamp": "2026-08-30T14:13:54.939340Z"}
HTTP Request: GET https://jurisprudencia.cc.gob.gt/Sentencias/828998.4960-2014.pdf "HTTP/1.1 200 OK"
{"url": "https://jurisprudencia.cc.gob.gt/Sentencias/828998.4960-2014.pdf", "status": 200, "bytes": 96084, "outcome": "ok", "attempts": 1, "event": "http", "level": "info", "timestamp": "2026-08-30T14:13:56.930928Z"}
HTTP Request: GET https://jurisprudencia.cc.gob.gt/Sentencias/801103.56-2005.pdf "HTTP/1.1 200 OK"
{"url": "https://jurisprudencia.cc.gob.gt/Sentencias/801103.56-2005.pdf", "status": 200, "bytes": 193733, "outcome": "ok", "attempts": 1, "event": "http", "level": "info", "timestamp": "2026-08-30T14:13:58.617797Z"}
HTTP Request: GET https://jurisprudencia.cc.gob.gt/Sentencias/826662.5059-2013.pdf "HTTP/1.1 200 OK"
{"url": "https://jurisprudencia.cc.gob.gt/Sentencias/826662.5059-2013.pdf", "status": 200, "bytes": 224607, "outcome": "ok", "attempts": 1, "event": "http", "level": "info", "timestamp": "2026-08-30T14:14:00.809377Z"}
{"url": "https://jurisprudencia.cc.gob.gt/Sentencias/855207.4829-2023.pdf", "from_cache": true, "outcome": "ok", "event": "http", "level": "info", "timestamp": "2026-08-30T14:14:00.916655Z"}
HTTP Request: GET https://jurisprudencia.cc.gob.gt/Sentencias/842375.1474-2019.pdf "HTTP/1.1 200 OK"
{"url": "https://jurisprudencia.cc.gob.gt/Sentencias/842375.1474-2019.pdf", "status": 200, "bytes": 317656, "outcome": "ok", "attempts": 1, "event": "http", "level": "info", "timestamp": "2026-08-30T14:14:02.702649Z"}
HTTP Request: GET https://jurisprudencia.cc.gob.gt/Sentencias/828884.3856-2014.pdf "HTTP/1.1 200 OK"
{"url": "https://jurisprudencia.cc.gob.gt/Sentencias/828884.3856-2014.pdf", "status": 200, "bytes": 175498, "outcome": "ok", "attempts": 1, "event": "http", "level": "info", "timestamp": "2026-08-30T14:14:04.582188Z"}
HTTP Request: GET https://jurisprudencia.cc.gob.gt/Sentencias/828106.3593-2014.pdf "HTTP/1.1 200 OK"
{"url": "https://jurisprudencia.cc.gob.gt/Sentencias/828106.3593-2014.pdf", "status": 200, "bytes": 91386, "outcome": "ok", "attempts": 1, "event": "http", "level": "info", "timestamp": "2026-08-30T14:14:07.087331Z"}
HTTP Request: GET https://jurisprudencia.cc.gob.gt/Sentencias/846204.2224-2020.pdf "HTTP/1.1 200 OK"
{"url": "https://jurisprudencia.cc.gob.gt/Sentencias/846204.2224-2020.pdf", "status": 200, "bytes": 294351, "outcome": "ok", "attempts": 1, "event": "http", "level": "info", "timestamp": "2026-08-30T14:14:09.154690Z"}
HTTP Request: GET https://jurisprudencia.cc.gob.gt/Sentencias/830726.3768-2015.pdf "HTTP/1.1 200 OK"
{"url": "https://jurisprudencia.cc.gob.gt/Sentencias/830726.3768-2015.pdf", "status": 200, "bytes": 251096, "outcome": "ok", "attempts": 1, "event": "http", "level": "info", "timestamp": "2026-08-30T14:14:11.009026Z"}
HTTP Request: GET https://jurisprudencia.cc.gob.gt/Sentencias/820589.2500-2008.pdf "HTTP/1.1 200 OK"
{"url": "https://jurisprudencia.cc.gob.gt/Sentencias/820589.2500-2008.pdf", "status": 200, "bytes": 193861, "outcome": "ok", "attempts": 1, "event": "http", "level": "info", "timestamp": "2026-08-30T14:14:13.399837Z"}
HTTP Request: GET https://jurisprudencia.cc.gob.gt/Sentencias/818497.2568-2011.pdf "HTTP/1.1 200 OK"
{"url": "https://jurisprudencia.cc.gob.gt/Sentencias/818497.2568-2011.pdf", "status": 200, "bytes": 190650, "outcome": "ok", "attempts": 1, "event": "http", "level": "info", "timestamp": "2026-08-30T14:14:14.945496Z"}
HTTP Request: GET https://jurisprudencia.cc.gob.gt/Sentencias/852398.20-2023.pdf "HTTP/1.1 200 OK"
{"url": "https://jurisprudencia.cc.gob.gt/Sentencias/852398.20-2023.pdf", "status": 200, "bytes": 873107, "outcome": "ok", "attempts": 1, "event": "http", "level": "info", "timestamp": "2026-08-30T14:14:17.230402Z"}
HTTP Request: GET https://jurisprudencia.cc.gob.gt/Sentencias/826075.2963-2014.pdf "HTTP/1.1 200 OK"
{"url": "https://jurisprudencia.cc.gob.gt/Sentencias/826075.2963-2014.pdf", "status": 200, "bytes": 165609, "outcome": "ok", "attempts": 1, "event": "http", "level": "info", "timestamp": "2026-08-30T14:14:19.020112Z"}
HTTP Request: GET https://jurisprudencia.cc.gob.gt/Sentencias/840102.238-2018.pdf "HTTP/1.1 200 OK"
{"url": "https://jurisprudencia.cc.gob.gt/Sentencias/840102.238-2018.pdf", "status": 200, "bytes": 454363, "outcome": "ok", "attempts": 1, "event": "http", "level": "info", "timestamp": "2026-08-30T14:14:21.298107Z"}
HTTP Request: GET https://jurisprudencia.cc.gob.gt/Sentencias/811808.1904-2008.pdf "HTTP/1.1 200 OK"
{"url": "https://jurisprudencia.cc.gob.gt/Sentencias/811808.1904-2008.pdf", "status": 200, "bytes": 238227, "outcome": "ok", "attempts": 1, "event": "http", "level": "info", "timestamp": "2026-08-30T14:14:23.577389Z"}
HTTP Request: GET https://jurisprudencia.cc.gob.gt/Sentencias/856128.2327-2023.pdf "HTTP/1.1 200 OK"
{"url": "https://jurisprudencia.cc.gob.gt/Sentencias/856128.2327-2023.pdf", "status": 200, "bytes": 3792393, "outcome": "ok", "attempts": 1, "event": "http", "level": "info", "timestamp": "2026-08-30T14:14:26.409167Z"}
HTTP Request: GET https://jurisprudencia.cc.gob.gt/Sentencias/823049.1350-2011.pdf "HTTP/1.1 200 OK"
{"url": "https://jurisprudencia.cc.gob.gt/Sentencias/823049.1350-2011.pdf", "status": 200, "bytes": 191344, "outcome": "ok", "attempts": 1, "event": "http", "level": "info", "timestamp": "2026-08-30T14:14:27.472202Z"}
HTTP Request: GET https://jurisprudencia.cc.gob.gt/Sentencias/847704.4668-2020.pdf "HTTP/1.1 200 OK"
{"url": "https://jurisprudencia.cc.gob.gt/Sentencias/847704.4668-2020.pdf", "status": 200, "bytes": 299161, "outcome": "ok", "attempts": 1, "event": "http", "level": "info", "timestamp": "2026-08-30T14:14:29.604728Z"}
HTTP Request: GET https://jurisprudencia.cc.gob.gt/Sentencias/810129.2047-2009.pdf "HTTP/1.1 200 OK"
{"url": "https://jurisprudencia.cc.gob.gt/Sentencias/810129.2047-2009.pdf", "status": 200, "bytes": 178575, "outcome": "ok", "attempts": 1, "event": "http", "level": "info", "timestamp": "2026-08-30T14:14:31.486469Z"}
HTTP Request: GET https://jurisprudencia.cc.gob.gt/Sentencias/799684.2195-2004.pdf "HTTP/1.1 200 OK"
{"url": "https://jurisprudencia.cc.gob.gt/Sentencias/799684.2195-2004.pdf", "status": 200, "bytes": 67921, "outcome": "ok", "attempts": 1, "event": "http", "level": "info", "timestamp": "2026-08-30T14:14:33.607374Z"}
HTTP Request: GET https://jurisprudencia.cc.gob.gt/Sentencias/809147.2134-2008.pdf "HTTP/1.1 200 OK"
{"url": "https://jurisprudencia.cc.gob.gt/Sentencias/809147.2134-2008.pdf", "status": 200, "bytes": 169588, "outcome": "ok", "attempts": 1, "event": "http", "level": "info", "timestamp": "2026-08-30T14:14:35.687532Z"}
HTTP Request: GET https://jurisprudencia.cc.gob.gt/Sentencias/851685.433-2023.pdf "HTTP/1.1 200 OK"
{"url": "https://jurisprudencia.cc.gob.gt/Sentencias/851685.433-2023.pdf", "status": 200, "bytes": 884827, "outcome": "ok", "attempts": 1, "event": "http", "level": "info", "timestamp": "2026-08-30T14:14:38.223503Z"}
HTTP Request: GET https://jurisprudencia.cc.gob.gt/Sentencias/840213.1361-2018.pdf "HTTP/1.1 200 OK"
{"url": "https://jurisprudencia.cc.gob.gt/Sentencias/840213.1361-2018.pdf", "status": 200, "bytes": 489405, "outcome": "ok", "attempts": 1, "event": "http", "level": "info", "timestamp": "2026-08-30T14:14:40.345082Z"}
HTTP Request: GET https://jurisprudencia.cc.gob.gt/Sentencias/808666.3796-2009.pdf "HTTP/1.1 200 OK"
{"url": "https://jurisprudencia.cc.gob.gt/Sentencias/808666.3796-2009.pdf", "status": 200, "bytes": 187164, "outcome": "ok", "attempts": 1, "event": "http", "level": "info", "timestamp": "2026-08-30T14:14:42.686828Z"}
HTTP Request: GET https://jurisprudencia.cc.gob.gt/Sentencias/810502.3740-2008.pdf "HTTP/1.1 200 OK"
{"url": "https://jurisprudencia.cc.gob.gt/Sentencias/810502.3740-2008.pdf", "status": 200, "bytes": 235836, "outcome": "ok", "attempts": 1, "event": "http", "level": "info", "timestamp": "2026-08-30T14:14:44.635478Z"}
HTTP Request: GET https://jurisprudencia.cc.gob.gt/Sentencias/848251.2481-2020.pdf "HTTP/1.1 200 OK"
{"url": "https://jurisprudencia.cc.gob.gt/Sentencias/848251.2481-2020.pdf", "status": 200, "bytes": 301689, "outcome": "ok", "attempts": 1, "event": "http", "level": "info", "timestamp": "2026-08-30T14:14:46.732992Z"}
HTTP Request: GET https://jurisprudencia.cc.gob.gt/Sentencias/817844.594-2011.pdf "HTTP/1.1 200 OK"
{"url": "https://jurisprudencia.cc.gob.gt/Sentencias/817844.594-2011.pdf", "status": 200, "bytes": 173757, "outcome": "ok", "attempts": 1, "event": "http", "level": "info", "timestamp": "2026-08-30T14:14:48.802934Z"}
HTTP Request: GET https://jurisprudencia.cc.gob.gt/Sentencias/824456.3862-2013.pdf "HTTP/1.1 200 OK"
{"url": "https://jurisprudencia.cc.gob.gt/Sentencias/824456.3862-2013.pdf", "status": 200, "bytes": 188007, "outcome": "ok", "attempts": 1, "event": "http", "level": "info", "timestamp": "2026-08-30T14:14:50.697173Z"}
HTTP Request: GET https://jurisprudencia.cc.gob.gt/Sentencias/798423.762-2003.pdf "HTTP/1.1 200 OK"
{"url": "https://jurisprudencia.cc.gob.gt/Sentencias/798423.762-2003.pdf", "status": 200, "bytes": 83547, "outcome": "ok", "attempts": 1, "event": "http", "level": "info", "timestamp": "2026-08-30T14:14:52.539378Z"}
HTTP Request: GET https://jurisprudencia.cc.gob.gt/Sentencias/810628.251-2009.pdf "HTTP/1.1 200 OK"
{"url": "https://jurisprudencia.cc.gob.gt/Sentencias/810628.251-2009.pdf", "status": 200, "bytes": 241575, "outcome": "ok", "attempts": 1, "event": "http", "level": "info", "timestamp": "2026-08-30T14:14:54.908019Z"}
HTTP Request: GET https://jurisprudencia.cc.gob.gt/Sentencias/854658.5493-2023.pdf "HTTP/1.1 200 OK"
{"url": "https://jurisprudencia.cc.gob.gt/Sentencias/854658.5493-2023.pdf", "status": 200, "bytes": 3952802, "outcome": "ok", "attempts": 1, "event": "http", "level": "info", "timestamp": "2026-08-30T14:14:57.082802Z"}
HTTP Request: GET https://jurisprudencia.cc.gob.gt/Sentencias/802906.1490,%201491y1564-2006.pdf "HTTP/1.1 200 OK"
{"url": "https://jurisprudencia.cc.gob.gt/Sentencias/802906.1490,%201491y1564-2006.pdf", "status": 200, "bytes": 256761, "outcome": "ok", "attempts": 1, "event": "http", "level": "info", "timestamp": "2026-08-30T14:14:59.203987Z"}
HTTP Request: GET https://jurisprudencia.cc.gob.gt/Sentencias/852894.2849-2023.pdf "HTTP/1.1 200 OK"
{"url": "https://jurisprudencia.cc.gob.gt/Sentencias/852894.2849-2023.pdf", "status": 200, "bytes": 700482, "outcome": "ok", "attempts": 1, "event": "http", "level": "info", "timestamp": "2026-08-30T14:15:01.382171Z"}
HTTP Request: GET https://jurisprudencia.cc.gob.gt/Sentencias/846679.1722-2020%20Y%201728-2020.pdf "HTTP/1.1 200 OK"
{"url": "https://jurisprudencia.cc.gob.gt/Sentencias/846679.1722-2020%20Y%201728-2020.pdf", "status": 200, "bytes": 440029, "outcome": "ok", "attempts": 1, "event": "http", "level": "info", "timestamp": "2026-08-30T14:15:03.090809Z"}
HTTP Request: GET https://jurisprudencia.cc.gob.gt/Sentencias/845441.2534-2019.pdf "HTTP/1.1 200 OK"
{"url": "https://jurisprudencia.cc.gob.gt/Sentencias/845441.2534-2019.pdf", "status": 200, "bytes": 273320, "outcome": "ok", "attempts": 1, "event": "http", "level": "info", "timestamp": "2026-08-30T14:15:05.292739Z"}
HTTP Request: GET https://jurisprudencia.cc.gob.gt/Sentencias/822076.4553-2011.pdf "HTTP/1.1 200 OK"
{"url": "https://jurisprudencia.cc.gob.gt/Sentencias/822076.4553-2011.pdf", "status": 200, "bytes": 147419, "outcome": "ok", "attempts": 1, "event": "http", "level": "info", "timestamp": "2026-08-30T14:15:07.825072Z"}
HTTP Request: GET https://jurisprudencia.cc.gob.gt/Sentencias/810428.4052-2008.pdf "HTTP/1.1 200 OK"
{"url": "https://jurisprudencia.cc.gob.gt/Sentencias/810428.4052-2008.pdf", "status": 200, "bytes": 147102, "outcome": "ok", "attempts": 1, "event": "http", "level": "info", "timestamp": "2026-08-30T14:15:09.666655Z"}
HTTP Request: GET https://jurisprudencia.cc.gob.gt/Sentencias/821032.1857-2012.pdf "HTTP/1.1 200 OK"
{"url": "https://jurisprudencia.cc.gob.gt/Sentencias/821032.1857-2012.pdf", "status": 200, "bytes": 167559, "outcome": "ok", "attempts": 1, "event": "http", "level": "info", "timestamp": "2026-08-30T14:15:11.739936Z"}
HTTP Request: GET https://jurisprudencia.cc.gob.gt/Sentencias/827997.1091-2014.pdf "HTTP/1.1 200 OK"
{"url": "https://jurisprudencia.cc.gob.gt/Sentencias/827997.1091-2014.pdf", "status": 200, "bytes": 92261, "outcome": "ok", "attempts": 1, "event": "http", "level": "info", "timestamp": "2026-08-30T14:15:13.968780Z"}
HTTP Request: GET https://jurisprudencia.cc.gob.gt/Sentencias/841649.23-2019.pdf "HTTP/1.1 200 OK"
{"url": "https://jurisprudencia.cc.gob.gt/Sentencias/841649.23-2019.pdf", "status": 200, "bytes": 482675, "outcome": "ok", "attempts": 1, "event": "http", "level": "info", "timestamp": "2026-08-30T14:15:15.778127Z"}
HTTP Request: GET https://jurisprudencia.cc.gob.gt/Sentencias/826410.840-2014.pdf "HTTP/1.1 200 OK"
{"url": "https://jurisprudencia.cc.gob.gt/Sentencias/826410.840-2014.pdf", "status": 200, "bytes": 167283, "outcome": "ok", "attempts": 1, "event": "http", "level": "info", "timestamp": "2026-08-30T14:15:17.931495Z"}
HTTP Request: GET https://jurisprudencia.cc.gob.gt/Sentencias/827724.3845-2014.pdf "HTTP/1.1 200 OK"
{"url": "https://jurisprudencia.cc.gob.gt/Sentencias/827724.3845-2014.pdf", "status": 200, "bytes": 96599, "outcome": "ok", "attempts": 1, "event": "http", "level": "info", "timestamp": "2026-08-30T14:15:19.656820Z"}
HTTP Request: GET https://jurisprudencia.cc.gob.gt/Sentencias/790320.2445-2005.pdf "HTTP/1.1 200 OK"
{"url": "https://jurisprudencia.cc.gob.gt/Sentencias/790320.2445-2005.pdf", "status": 200, "bytes": 263401, "outcome": "ok", "attempts": 1, "event": "http", "level": "info", "timestamp": "2026-08-30T14:15:21.990873Z"}
HTTP Request: GET https://jurisprudencia.cc.gob.gt/Sentencias/802748.718-2006.pdf "HTTP/1.1 200 OK"
{"url": "https://jurisprudencia.cc.gob.gt/Sentencias/802748.718-2006.pdf", "status": 200, "bytes": 191966, "outcome": "ok", "attempts": 1, "event": "http", "level": "info", "timestamp": "2026-08-30T14:15:24.164353Z"}
HTTP Request: GET https://jurisprudencia.cc.gob.gt/Sentencias/808889.2889-2009.pdf "HTTP/1.1 200 OK"
{"url": "https://jurisprudencia.cc.gob.gt/Sentencias/808889.2889-2009.pdf", "status": 200, "bytes": 176369, "outcome": "ok", "attempts": 1, "event": "http", "level": "info", "timestamp": "2026-08-30T14:15:25.877390Z"}
{"url": "https://jurisprudencia.cc.gob.gt/Sentencias/817858.972-2011.pdf", "from_cache": true, "outcome": "ok", "event": "http", "level": "info", "timestamp": "2026-08-30T14:15:25.929822Z"}
HTTP Request: GET https://jurisprudencia.cc.gob.gt/Sentencias/812323.922-2008.pdf "HTTP/1.1 200 OK"
{"url": "https://jurisprudencia.cc.gob.gt/Sentencias/812323.922-2008.pdf", "status": 200, "bytes": 159756, "outcome": "ok", "attempts": 1, "event": "http", "level": "info", "timestamp": "2026-08-30T14:15:27.969645Z"}
HTTP Request: GET https://jurisprudencia.cc.gob.gt/Sentencias/837558.1721-2017%20.pdf "HTTP/1.1 200 OK"
{"url": "https://jurisprudencia.cc.gob.gt/Sentencias/837558.1721-2017%20.pdf", "status": 200, "bytes": 272663, "outcome": "ok", "attempts": 1, "event": "http", "level": "info", "timestamp": "2026-08-30T14:15:29.839313Z"}
HTTP Request: GET https://jurisprudencia.cc.gob.gt/Sentencias/816194.2704-2010.pdf "HTTP/1.1 200 OK"
{"url": "https://jurisprudencia.cc.gob.gt/Sentencias/816194.2704-2010.pdf", "status": 200, "bytes": 182491, "outcome": "ok", "attempts": 1, "event": "http", "level": "info", "timestamp": "2026-08-30T14:15:31.445105Z"}
HTTP Request: GET https://jurisprudencia.cc.gob.gt/Sentencias/837611.6495-2016.pdf "HTTP/1.1 200 OK"
{"url": "https://jurisprudencia.cc.gob.gt/Sentencias/837611.6495-2016.pdf", "status": 200, "bytes": 203683, "outcome": "ok", "attempts": 1, "event": "http", "level": "info", "timestamp": "2026-08-30T14:15:33.630726Z"}
HTTP Request: GET https://jurisprudencia.cc.gob.gt/Sentencias/822219.4517-2012.pdf "HTTP/1.1 200 OK"
{"url": "https://jurisprudencia.cc.gob.gt/Sentencias/822219.4517-2012.pdf", "status": 200, "bytes": 143246, "outcome": "ok", "attempts": 1, "event": "http", "level": "info", "timestamp": "2026-08-30T14:15:36.179926Z"}
HTTP Request: GET https://jurisprudencia.cc.gob.gt/Sentencias/799530.0444-2004.pdf "HTTP/1.1 200 OK"
{"url": "https://jurisprudencia.cc.gob.gt/Sentencias/799530.0444-2004.pdf", "status": 200, "bytes": 77833, "outcome": "ok", "attempts": 1, "event": "http", "level": "info", "timestamp": "2026-08-30T14:15:38.117143Z"}
HTTP Request: GET https://jurisprudencia.cc.gob.gt/Sentencias/851898.5562-2022.pdf "HTTP/1.1 200 OK"
{"url": "https://jurisprudencia.cc.gob.gt/Sentencias/851898.5562-2022.pdf", "status": 200, "bytes": 991126, "outcome": "ok", "attempts": 1, "event": "http", "level": "info", "timestamp": "2026-08-30T14:15:40.079215Z"}
HTTP Request: GET https://jurisprudencia.cc.gob.gt/Sentencias/818240.295-2011.pdf "HTTP/1.1 200 OK"
{"url": "https://jurisprudencia.cc.gob.gt/Sentencias/818240.295-2011.pdf", "status": 200, "bytes": 137141, "outcome": "ok", "attempts": 1, "event": "http", "level": "info", "timestamp": "2026-08-30T14:15:41.871697Z"}
HTTP Request: GET https://jurisprudencia.cc.gob.gt/Sentencias/825358.4761-2013.pdf "HTTP/1.1 200 OK"
{"url": "https://jurisprudencia.cc.gob.gt/Sentencias/825358.4761-2013.pdf", "status": 200, "bytes": 133105, "outcome": "ok", "attempts": 1, "event": "http", "level": "info", "timestamp": "2026-08-30T14:15:43.947935Z"}
HTTP Request: GET https://jurisprudencia.cc.gob.gt/Sentencias/819592.4620-2011.pdf "HTTP/1.1 200 OK"
{"url": "https://jurisprudencia.cc.gob.gt/Sentencias/819592.4620-2011.pdf", "status": 200, "bytes": 192707, "outcome": "ok", "attempts": 1, "event": "http", "level": "info", "timestamp": "2026-08-30T14:15:46.035311Z"}
HTTP Request: GET https://jurisprudencia.cc.gob.gt/Sentencias/808148.2339-2006.pdf "HTTP/1.1 200 OK"
{"url": "https://jurisprudencia.cc.gob.gt/Sentencias/808148.2339-2006.pdf", "status": 200, "bytes": 165432, "outcome": "ok", "attempts": 1, "event": "http", "level": "info", "timestamp": "2026-08-30T14:15:47.899125Z"}
HTTP Request: GET https://jurisprudencia.cc.gob.gt/Sentencias/852198.22-2023.pdf "HTTP/1.1 200 OK"
{"url": "https://jurisprudencia.cc.gob.gt/Sentencias/852198.22-2023.pdf", "status": 200, "bytes": 706509, "outcome": "ok", "attempts": 1, "event": "http", "level": "info", "timestamp": "2026-08-30T14:15:49.667704Z"}
HTTP Request: GET https://jurisprudencia.cc.gob.gt/Sentencias/818190.413-2011.pdf "HTTP/1.1 200 OK"
{"url": "https://jurisprudencia.cc.gob.gt/Sentencias/818190.413-2011.pdf", "status": 200, "bytes": 131948, "outcome": "ok", "attempts": 1, "event": "http", "level": "info", "timestamp": "2026-08-30T14:15:51.973914Z"}
HTTP Request: GET https://jurisprudencia.cc.gob.gt/Sentencias/846069.1236-2020.pdf "HTTP/1.1 200 OK"
{"url": "https://jurisprudencia.cc.gob.gt/Sentencias/846069.1236-2020.pdf", "status": 200, "bytes": 286184, "outcome": "ok", "attempts": 1, "event": "http", "level": "info", "timestamp": "2026-08-30T14:15:54.326445Z"}
HTTP Request: GET https://jurisprudencia.cc.gob.gt/Sentencias/819065.153-2011.pdf "HTTP/1.1 200 OK"
{"url": "https://jurisprudencia.cc.gob.gt/Sentencias/819065.153-2011.pdf", "status": 200, "bytes": 118135, "outcome": "ok", "attempts": 1, "event": "http", "level": "info", "timestamp": "2026-08-30T14:15:55.968265Z"}
HTTP Request: GET https://jurisprudencia.cc.gob.gt/Sentencias/808939.893-2009.pdf "HTTP/1.1 200 OK"
{"url": "https://jurisprudencia.cc.gob.gt/Sentencias/808939.893-2009.pdf", "status": 200, "bytes": 176061, "outcome": "ok", "attempts": 1, "event": "http", "level": "info", "timestamp": "2026-08-30T14:15:57.890535Z"}
HTTP Request: GET https://jurisprudencia.cc.gob.gt/Sentencias/824407.531-2013.pdf "HTTP/1.1 200 OK"
{"url": "https://jurisprudencia.cc.gob.gt/Sentencias/824407.531-2013.pdf", "status": 200, "bytes": 241883, "outcome": "ok", "attempts": 1, "event": "http", "level": "info", "timestamp": "2026-08-30T14:15:59.848571Z"}
HTTP Request: GET https://jurisprudencia.cc.gob.gt/Sentencias/852335.2413-2022.pdf "HTTP/1.1 200 OK"
{"url": "https://jurisprudencia.cc.gob.gt/Sentencias/852335.2413-2022.pdf", "status": 200, "bytes": 737912, "outcome": "ok", "attempts": 1, "event": "http", "level": "info", "timestamp": "2026-08-30T14:16:02.156827Z"}
HTTP Request: GET https://jurisprudencia.cc.gob.gt/Sentencias/815614.2784-2010.pdf "HTTP/1.1 200 OK"
{"url": "https://jurisprudencia.cc.gob.gt/Sentencias/815614.2784-2010.pdf", "status": 200, "bytes": 182876, "outcome": "ok", "attempts": 1, "event": "http", "level": "info", "timestamp": "2026-08-30T14:16:03.694693Z"}
HTTP Request: GET https://jurisprudencia.cc.gob.gt/Sentencias/830461.1713-2015.pdf "HTTP/1.1 200 OK"
{"url": "https://jurisprudencia.cc.gob.gt/Sentencias/830461.1713-2015.pdf", "status": 200, "bytes": 170843, "outcome": "ok", "attempts": 1, "event": "http", "level": "info", "timestamp": "2026-08-30T14:16:05.948545Z"}
HTTP Request: GET https://jurisprudencia.cc.gob.gt/Sentencias/829022.5083-2014.pdf "HTTP/1.1 200 OK"
{"url": "https://jurisprudencia.cc.gob.gt/Sentencias/829022.5083-2014.pdf", "status": 200, "bytes": 126482, "outcome": "ok", "attempts": 1, "event": "http", "level": "info", "timestamp": "2026-08-30T14:16:07.951432Z"}
HTTP Request: GET https://jurisprudencia.cc.gob.gt/Sentencias/847785.2217-2021.pdf "HTTP/1.1 200 OK"
{"url": "https://jurisprudencia.cc.gob.gt/Sentencias/847785.2217-2021.pdf", "status": 200, "bytes": 237842, "outcome": "ok", "attempts": 1, "event": "http", "level": "info", "timestamp": "2026-08-30T14:16:09.896902Z"}
HTTP Request: GET https://jurisprudencia.cc.gob.gt/Sentencias/855968.5225-2023.pdf "HTTP/1.1 200 OK"
{"url": "https://jurisprudencia.cc.gob.gt/Sentencias/855968.5225-2023.pdf", "status": 200, "bytes": 3954035, "outcome": "ok", "attempts": 1, "event": "http", "level": "info", "timestamp": "2026-08-30T14:16:12.432721Z"}
HTTP Request: GET https://jurisprudencia.cc.gob.gt/Sentencias/815824.3505-2010.pdf "HTTP/1.1 200 OK"
{"url": "https://jurisprudencia.cc.gob.gt/Sentencias/815824.3505-2010.pdf", "status": 200, "bytes": 176683, "outcome": "ok", "attempts": 1, "event": "http", "level": "info", "timestamp": "2026-08-30T14:16:14.267468Z"}
HTTP Request: GET https://jurisprudencia.cc.gob.gt/Sentencias/835627.1132-2016.pdf "HTTP/1.1 200 OK"
{"url": "https://jurisprudencia.cc.gob.gt/Sentencias/835627.1132-2016.pdf", "status": 200, "bytes": 293368, "outcome": "ok", "attempts": 1, "event": "http", "level": "info", "timestamp": "2026-08-30T14:16:16.266015Z"}
HTTP Request: GET https://jurisprudencia.cc.gob.gt/Sentencias/842307.4690-2018%20y%206146-2018.pdf "HTTP/1.1 200 OK"
{"url": "https://jurisprudencia.cc.gob.gt/Sentencias/842307.4690-2018%20y%206146-2018.pdf", "status": 200, "bytes": 294013, "outcome": "ok", "attempts": 1, "event": "http", "level": "info", "timestamp": "2026-08-30T14:16:18.115813Z"}
HTTP Request: GET https://jurisprudencia.cc.gob.gt/Sentencias/821254.4295-2011.pdf "HTTP/1.1 200 OK"
{"url": "https://jurisprudencia.cc.gob.gt/Sentencias/821254.4295-2011.pdf", "status": 200, "bytes": 152567, "outcome": "ok", "attempts": 1, "event": "http", "level": "info", "timestamp": "2026-08-30T14:16:20.552883Z"}
HTTP Request: GET https://jurisprudencia.cc.gob.gt/Sentencias/835315.3792-2016.pdf "HTTP/1.1 200 OK"
{"url": "https://jurisprudencia.cc.gob.gt/Sentencias/835315.3792-2016.pdf", "status": 200, "bytes": 381140, "outcome": "ok", "attempts": 1, "event": "http", "level": "info", "timestamp": "2026-08-30T14:16:22.249298Z"}
HTTP Request: GET https://jurisprudencia.cc.gob.gt/Sentencias/811218.3566-2008.pdf "HTTP/1.1 200 OK"
{"url": "https://jurisprudencia.cc.gob.gt/Sentencias/811218.3566-2008.pdf", "status": 200, "bytes": 235750, "outcome": "ok", "attempts": 1, "event": "http", "level": "info", "timestamp": "2026-08-30T14:16:24.405966Z"}
HTTP Request: GET https://jurisprudencia.cc.gob.gt/Sentencias/841486.4674-2018.pdf "HTTP/1.1 200 OK"
{"url": "https://jurisprudencia.cc.gob.gt/Sentencias/841486.4674-2018.pdf", "status": 200, "bytes": 463891, "outcome": "ok", "attempts": 1, "event": "http", "level": "info", "timestamp": "2026-08-30T14:16:26.671609Z"}
HTTP Request: GET https://jurisprudencia.cc.gob.gt/Sentencias/840508.2943-2018.pdf "HTTP/1.1 200 OK"
{"url": "https://jurisprudencia.cc.gob.gt/Sentencias/840508.2943-2018.pdf", "status": 200, "bytes": 469247, "outcome": "ok", "attempts": 1, "event": "http", "level": "info", "timestamp": "2026-08-30T14:16:28.736500Z"}
HTTP Request: GET https://jurisprudencia.cc.gob.gt/Sentencias/840347.1259-2018.pdf "HTTP/1.1 200 OK"
{"url": "https://jurisprudencia.cc.gob.gt/Sentencias/840347.1259-2018.pdf", "status": 200, "bytes": 523425, "outcome": "ok", "attempts": 1, "event": "http", "level": "info", "timestamp": "2026-08-30T14:16:30.586590Z"}
HTTP Request: GET https://jurisprudencia.cc.gob.gt/Sentencias/843929.5165-2019.pdf "HTTP/1.1 200 OK"
{"url": "https://jurisprudencia.cc.gob.gt/Sentencias/843929.5165-2019.pdf", "status": 200, "bytes": 306181, "outcome": "ok", "attempts": 1, "event": "http", "level": "info", "timestamp": "2026-08-30T14:16:32.629399Z"}
HTTP Request: GET https://jurisprudencia.cc.gob.gt/Sentencias/811542.2546-2008.pdf "HTTP/1.1 200 OK"
{"url": "https://jurisprudencia.cc.gob.gt/Sentencias/811542.2546-2008.pdf", "status": 200, "bytes": 153188, "outcome": "ok", "attempts": 1, "event": "http", "level": "info", "timestamp": "2026-08-30T14:16:34.834944Z"}
HTTP Request: GET https://jurisprudencia.cc.gob.gt/Sentencias/826585.3056-2013.pdf "HTTP/1.1 200 OK"
{"url": "https://jurisprudencia.cc.gob.gt/Sentencias/826585.3056-2013.pdf", "status": 200, "bytes": 190886, "outcome": "ok", "attempts": 1, "event": "http", "level": "info", "timestamp": "2026-08-30T14:16:36.774435Z"}
{"url": "https://jurisprudencia.cc.gob.gt/Sentencias/802715.528-2006.pdf", "from_cache": true, "outcome": "ok", "event": "http", "level": "info", "timestamp": "2026-08-30T14:16:36.837514Z"}
HTTP Request: GET https://jurisprudencia.cc.gob.gt/Sentencias/820155.13-2012.pdf "HTTP/1.1 200 OK"
{"url": "https://jurisprudencia.cc.gob.gt/Sentencias/820155.13-2012.pdf", "status": 200, "bytes": 177319, "outcome": "ok", "attempts": 1, "event": "http", "level": "info", "timestamp": "2026-08-30T14:16:38.913833Z"}
HTTP Request: GET https://jurisprudencia.cc.gob.gt/Sentencias/840363.3482-2018.pdf "HTTP/1.1 200 OK"
{"url": "https://jurisprudencia.cc.gob.gt/Sentencias/840363.3482-2018.pdf", "status": 200, "bytes": 401266, "outcome": "ok", "attempts": 1, "event": "http", "level": "info", "timestamp": "2026-08-30T14:16:40.577412Z"}
{"procesados": 1900, "por_regla": 1754, "event": "avance", "level": "info", "timestamp": "2026-08-30T14:16:40.649782Z"}
HTTP Request: GET https://jurisprudencia.cc.gob.gt/Sentencias/852295.667-2022.pdf "HTTP/1.1 200 OK"
{"url": "https://jurisprudencia.cc.gob.gt/Sentencias/852295.667-2022.pdf", "status": 200, "bytes": 727474, "outcome": "ok", "attempts": 1, "event": "http", "level": "info", "timestamp": "2026-08-30T14:16:42.583596Z"}
HTTP Request: GET https://jurisprudencia.cc.gob.gt/Sentencias/828256.318-2014.pdf "HTTP/1.1 200 OK"
{"url": "https://jurisprudencia.cc.gob.gt/Sentencias/828256.318-2014.pdf", "status": 200, "bytes": 180026, "outcome": "ok", "attempts": 1, "event": "http", "level": "info", "timestamp": "2026-08-30T14:16:44.897711Z"}
HTTP Request: GET https://jurisprudencia.cc.gob.gt/Sentencias/848623.349-2020.pdf "HTTP/1.1 200 OK"
{"url": "https://jurisprudencia.cc.gob.gt/Sentencias/848623.349-2020.pdf", "status": 200, "bytes": 325478, "outcome": "ok", "attempts": 1, "event": "http", "level": "info", "timestamp": "2026-08-30T14:16:46.864799Z"}
HTTP Request: GET https://jurisprudencia.cc.gob.gt/Sentencias/815709.3586-2009.pdf "HTTP/1.1 200 OK"
{"url": "https://jurisprudencia.cc.gob.gt/Sentencias/815709.3586-2009.pdf", "status": 200, "bytes": 175956, "outcome": "ok", "attempts": 1, "event": "http", "level": "info", "timestamp": "2026-08-30T14:16:48.814243Z"}
HTTP Request: GET https://jurisprudencia.cc.gob.gt/Sentencias/824702.4789-2013.pdf "HTTP/1.1 200 OK"
{"url": "https://jurisprudencia.cc.gob.gt/Sentencias/824702.4789-2013.pdf", "status": 200, "bytes": 151843, "outcome": "ok", "attempts": 1, "event": "http", "level": "info", "timestamp": "2026-08-30T14:16:50.530434Z"}
HTTP Request: GET https://jurisprudencia.cc.gob.gt/Sentencias/811775.2024-2008.pdf "HTTP/1.1 200 OK"
{"url": "https://jurisprudencia.cc.gob.gt/Sentencias/811775.2024-2008.pdf", "status": 200, "bytes": 151352, "outcome": "ok", "attempts": 1, "event": "http", "level": "info", "timestamp": "2026-08-30T14:16:52.407801Z"}
HTTP Request: GET https://jurisprudencia.cc.gob.gt/Sentencias/838986.5318-2016.pdf "HTTP/1.1 200 OK"
{"url": "https://jurisprudencia.cc.gob.gt/Sentencias/838986.5318-2016.pdf", "status": 200, "bytes": 396891, "outcome": "ok", "attempts": 1, "event": "http", "level": "info", "timestamp": "2026-08-30T14:16:54.452685Z"}
HTTP Request: GET https://jurisprudencia.cc.gob.gt/Sentencias/809545.3849-2009.pdf "HTTP/1.1 200 OK"
{"url": "https://jurisprudencia.cc.gob.gt/Sentencias/809545.3849-2009.pdf", "status": 200, "bytes": 138319, "outcome": "ok", "attempts": 1, "event": "http", "level": "info", "timestamp": "2026-08-30T14:16:56.168843Z"}
HTTP Request: GET https://jurisprudencia.cc.gob.gt/Sentencias/809426.2563-2009.pdf "HTTP/1.1 200 OK"
{"url": "https://jurisprudencia.cc.gob.gt/Sentencias/809426.2563-2009.pdf", "status": 200, "bytes": 165952, "outcome": "ok", "attempts": 1, "event": "http", "level": "info", "timestamp": "2026-08-30T14:16:58.463440Z"}
{"url": "https://jurisprudencia.cc.gob.gt/Sentencias/845184.6600-2019.pdf", "from_cache": true, "outcome": "ok", "event": "http", "level": "info", "timestamp": "2026-08-30T14:16:58.524780Z"}
{"url": "https://jurisprudencia.cc.gob.gt/Sentencias/850603.1150-2022.pdf", "from_cache": true, "outcome": "ok", "event": "http", "level": "info", "timestamp": "2026-08-30T14:16:58.589010Z"}
HTTP Request: GET https://jurisprudencia.cc.gob.gt/Sentencias/824830.2026-2013.pdf "HTTP/1.1 200 OK"
{"url": "https://jurisprudencia.cc.gob.gt/Sentencias/824830.2026-2013.pdf", "status": 200, "bytes": 132326, "outcome": "ok", "attempts": 1, "event": "http", "level": "info", "timestamp": "2026-08-30T14:17:00.467160Z"}
HTTP Request: GET https://jurisprudencia.cc.gob.gt/Sentencias/855876.6967-2022.pdf "HTTP/1.1 200 OK"
{"url": "https://jurisprudencia.cc.gob.gt/Sentencias/855876.6967-2022.pdf", "status": 200, "bytes": 3924573, "outcome": "ok", "attempts": 1, "event": "http", "level": "info", "timestamp": "2026-08-30T14:17:02.480708Z"}
HTTP Request: GET https://jurisprudencia.cc.gob.gt/Sentencias/821242.911-2012.pdf "HTTP/1.1 200 OK"
{"url": "https://jurisprudencia.cc.gob.gt/Sentencias/821242.911-2012.pdf", "status": 200, "bytes": 171027, "outcome": "ok", "attempts": 1, "event": "http", "level": "info", "timestamp": "2026-08-30T14:17:04.135817Z"}
HTTP Request: GET https://jurisprudencia.cc.gob.gt/Sentencias/839841.84-2018.pdf "HTTP/1.1 200 OK"
{"url": "https://jurisprudencia.cc.gob.gt/Sentencias/839841.84-2018.pdf", "status": 200, "bytes": 439014, "outcome": "ok", "attempts": 1, "event": "http", "level": "info", "timestamp": "2026-08-30T14:17:06.403453Z"}
HTTP Request: GET https://jurisprudencia.cc.gob.gt/Sentencias/807545.1092-2006.pdf "HTTP/1.1 200 OK"
{"url": "https://jurisprudencia.cc.gob.gt/Sentencias/807545.1092-2006.pdf", "status": 200, "bytes": 140703, "outcome": "ok", "attempts": 1, "event": "http", "level": "info", "timestamp": "2026-08-30T14:17:08.658095Z"}
HTTP Request: GET https://jurisprudencia.cc.gob.gt/Sentencias/828367.2571-2015.pdf "HTTP/1.1 200 OK"
{"url": "https://jurisprudencia.cc.gob.gt/Sentencias/828367.2571-2015.pdf", "status": 200, "bytes": 191205, "outcome": "ok", "attempts": 1, "event": "http", "level": "info", "timestamp": "2026-08-30T14:17:10.925429Z"}
HTTP Request: GET https://jurisprudencia.cc.gob.gt/Sentencias/809857.2061-2009.pdf "HTTP/1.1 200 OK"
{"url": "https://jurisprudencia.cc.gob.gt/Sentencias/809857.2061-2009.pdf", "status": 200, "bytes": 132144, "outcome": "ok", "attempts": 1, "event": "http", "level": "info", "timestamp": "2026-08-30T14:17:12.646119Z"}
HTTP Request: GET https://jurisprudencia.cc.gob.gt/Sentencias/832084.3472-2015.pdf "HTTP/1.1 200 OK"
{"url": "https://jurisprudencia.cc.gob.gt/Sentencias/832084.3472-2015.pdf", "status": 200, "bytes": 196579, "outcome": "ok", "attempts": 1, "event": "http", "level": "info", "timestamp": "2026-08-30T14:17:14.908620Z"}
HTTP Request: GET https://jurisprudencia.cc.gob.gt/Sentencias/844445.7055-2019.pdf "HTTP/1.1 200 OK"
{"url": "https://jurisprudencia.cc.gob.gt/Sentencias/844445.7055-2019.pdf", "status": 200, "bytes": 336977, "outcome": "ok", "attempts": 1, "event": "http", "level": "info", "timestamp": "2026-08-30T14:17:16.876300Z"}
HTTP Request: GET https://jurisprudencia.cc.gob.gt/Sentencias/854762.6716-2022.pdf "HTTP/1.1 200 OK"
{"url": "https://jurisprudencia.cc.gob.gt/Sentencias/854762.6716-2022.pdf", "status": 200, "bytes": 3820639, "outcome": "ok", "attempts": 1, "event": "http", "level": "info", "timestamp": "2026-08-30T14:17:18.697345Z"}
HTTP Request: GET https://jurisprudencia.cc.gob.gt/Sentencias/827879.521-2015.pdf "HTTP/1.1 200 OK"
{"url": "https://jurisprudencia.cc.gob.gt/Sentencias/827879.521-2015.pdf", "status": 200, "bytes": 86146, "outcome": "ok", "attempts": 1, "event": "http", "level": "info", "timestamp": "2026-08-30T14:17:20.364870Z"}
HTTP Request: GET https://jurisprudencia.cc.gob.gt/Sentencias/832420.5603-2014.pdf "HTTP/1.1 200 OK"
{"url": "https://jurisprudencia.cc.gob.gt/Sentencias/832420.5603-2014.pdf", "status": 200, "bytes": 440509, "outcome": "ok", "attempts": 1, "event": "http", "level": "info", "timestamp": "2026-08-30T14:17:22.317209Z"}
HTTP Request: GET https://jurisprudencia.cc.gob.gt/Sentencias/836606.565-2012.pdf "HTTP/1.1 200 OK"
{"url": "https://jurisprudencia.cc.gob.gt/Sentencias/836606.565-2012.pdf", "status": 200, "bytes": 197721, "outcome": "ok", "attempts": 1, "event": "http", "level": "info", "timestamp": "2026-08-30T14:17:24.228655Z"}
HTTP Request: GET https://jurisprudencia.cc.gob.gt/Sentencias/845782.793-2020.pdf "HTTP/1.1 200 OK"
{"url": "https://jurisprudencia.cc.gob.gt/Sentencias/845782.793-2020.pdf", "status": 200, "bytes": 426342, "outcome": "ok", "attempts": 1, "event": "http", "level": "info", "timestamp": "2026-08-30T14:17:26.340081Z"}
HTTP Request: GET https://jurisprudencia.cc.gob.gt/Sentencias/854202.2663-2023.pdf "HTTP/1.1 200 OK"
{"url": "https://jurisprudencia.cc.gob.gt/Sentencias/854202.2663-2023.pdf", "status": 200, "bytes": 3234417, "outcome": "ok", "attempts": 1, "event": "http", "level": "info", "timestamp": "2026-08-30T14:17:29.344165Z"}
HTTP Request: GET https://jurisprudencia.cc.gob.gt/Sentencias/847827.722-2021.pdf "HTTP/1.1 200 OK"
{"url": "https://jurisprudencia.cc.gob.gt/Sentencias/847827.722-2021.pdf", "status": 200, "bytes": 270450, "outcome": "ok", "attempts": 1, "event": "http", "level": "info", "timestamp": "2026-08-30T14:17:30.269536Z"}
HTTP Request: GET https://jurisprudencia.cc.gob.gt/Sentencias/809178.2967-2009.pdf "HTTP/1.1 200 OK"
{"url": "https://jurisprudencia.cc.gob.gt/Sentencias/809178.2967-2009.pdf", "status": 200, "bytes": 162302, "outcome": "ok", "attempts": 1, "event": "http", "level": "info", "timestamp": "2026-08-30T14:17:32.422343Z"}
HTTP Request: GET https://jurisprudencia.cc.gob.gt/Sentencias/838960.2754-2017,%202767-2017%20y%202802-2017.pdf "HTTP/1.1 200 OK"
{"url": "https://jurisprudencia.cc.gob.gt/Sentencias/838960.2754-2017,%202767-2017%20y%202802-2017.pdf", "status": 200, "bytes": 217595, "outcome": "ok", "attempts": 1, "event": "http", "level": "info", "timestamp": "2026-08-30T14:17:34.802501Z"}
HTTP Request: GET https://jurisprudencia.cc.gob.gt/Sentencias/818692.1399-2011.pdf "HTTP/1.1 200 OK"
{"url": "https://jurisprudencia.cc.gob.gt/Sentencias/818692.1399-2011.pdf", "status": 200, "bytes": 187141, "outcome": "ok", "attempts": 1, "event": "http", "level": "info", "timestamp": "2026-08-30T14:17:36.599641Z"}
HTTP Request: GET https://jurisprudencia.cc.gob.gt/Sentencias/824812.3630-2013.pdf "HTTP/1.1 200 OK"
{"url": "https://jurisprudencia.cc.gob.gt/Sentencias/824812.3630-2013.pdf", "status": 200, "bytes": 183249, "outcome": "ok", "attempts": 1, "event": "http", "level": "info", "timestamp": "2026-08-30T14:17:38.519443Z"}
HTTP Request: GET https://jurisprudencia.cc.gob.gt/Sentencias/823936.2760-2013.pdf "HTTP/1.1 200 OK"
{"url": "https://jurisprudencia.cc.gob.gt/Sentencias/823936.2760-2013.pdf", "status": 200, "bytes": 182891, "outcome": "ok", "attempts": 1, "event": "http", "level": "info", "timestamp": "2026-08-30T14:17:40.226421Z"}
HTTP Request: GET https://jurisprudencia.cc.gob.gt/Sentencias/798970.422-2004.pdf "HTTP/1.1 200 OK"
{"url": "https://jurisprudencia.cc.gob.gt/Sentencias/798970.422-2004.pdf", "status": 200, "bytes": 120278, "outcome": "ok", "attempts": 1, "event": "http", "level": "info", "timestamp": "2026-08-30T14:17:42.166990Z"}
HTTP Request: GET https://jurisprudencia.cc.gob.gt/Sentencias/812283.1883-2008.pdf "HTTP/1.1 200 OK"
{"url": "https://jurisprudencia.cc.gob.gt/Sentencias/812283.1883-2008.pdf", "status": 200, "bytes": 147067, "outcome": "ok", "attempts": 1, "event": "http", "level": "info", "timestamp": "2026-08-30T14:17:43.922441Z"}
HTTP Request: GET https://jurisprudencia.cc.gob.gt/Sentencias/821768.3714-2012.pdf "HTTP/1.1 200 OK"
{"url": "https://jurisprudencia.cc.gob.gt/Sentencias/821768.3714-2012.pdf", "status": 200, "bytes": 179999, "outcome": "ok", "attempts": 1, "event": "http", "level": "info", "timestamp": "2026-08-30T14:17:45.885583Z"}
HTTP Request: GET https://jurisprudencia.cc.gob.gt/Sentencias/849460.6302-2021.pdf "HTTP/1.1 200 OK"
{"url": "https://jurisprudencia.cc.gob.gt/Sentencias/849460.6302-2021.pdf", "status": 200, "bytes": 281529, "outcome": "ok", "attempts": 1, "event": "http", "level": "info", "timestamp": "2026-08-30T14:17:47.872160Z"}
HTTP Request: GET https://jurisprudencia.cc.gob.gt/Sentencias/846835.4229-2020.pdf "HTTP/1.1 200 OK"
{"url": "https://jurisprudencia.cc.gob.gt/Sentencias/846835.4229-2020.pdf", "status": 200, "bytes": 340923, "outcome": "ok", "attempts": 1, "event": "http", "level": "info", "timestamp": "2026-08-30T14:17:49.622295Z"}
HTTP Request: GET https://jurisprudencia.cc.gob.gt/Sentencias/833320.5770-2016.pdf "HTTP/1.1 200 OK"
{"url": "https://jurisprudencia.cc.gob.gt/Sentencias/833320.5770-2016.pdf", "status": 200, "bytes": 440417, "outcome": "ok", "attempts": 1, "event": "http", "level": "info", "timestamp": "2026-08-30T14:17:51.217322Z"}
HTTP Request: GET https://jurisprudencia.cc.gob.gt/Sentencias/841819.649-2019.pdf "HTTP/1.1 200 OK"
{"url": "https://jurisprudencia.cc.gob.gt/Sentencias/841819.649-2019.pdf", "status": 200, "bytes": 418118, "outcome": "ok", "attempts": 1, "event": "http", "level": "info", "timestamp": "2026-08-30T14:17:53.577536Z"}
HTTP Request: GET https://jurisprudencia.cc.gob.gt/Sentencias/848930.1759-2020.pdf "HTTP/1.1 200 OK"
{"url": "https://jurisprudencia.cc.gob.gt/Sentencias/848930.1759-2020.pdf", "status": 200, "bytes": 311635, "outcome": "ok", "attempts": 1, "event": "http", "level": "info", "timestamp": "2026-08-30T14:17:55.531389Z"}
HTTP Request: GET https://jurisprudencia.cc.gob.gt/Sentencias/845802.836-2020.pdf "HTTP/1.1 200 OK"
{"url": "https://jurisprudencia.cc.gob.gt/Sentencias/845802.836-2020.pdf", "status": 200, "bytes": 265953, "outcome": "ok", "attempts": 1, "event": "http", "level": "info", "timestamp": "2026-08-30T14:17:57.892393Z"}
HTTP Request: GET https://jurisprudencia.cc.gob.gt/Sentencias/838310.5329-2017.pdf "HTTP/1.1 200 OK"
{"url": "https://jurisprudencia.cc.gob.gt/Sentencias/838310.5329-2017.pdf", "status": 200, "bytes": 327610, "outcome": "ok", "attempts": 1, "event": "http", "level": "info", "timestamp": "2026-08-30T14:18:00.121655Z"}
HTTP Request: GET https://jurisprudencia.cc.gob.gt/Sentencias/809872.1209-2009.pdf "HTTP/1.1 200 OK"
{"url": "https://jurisprudencia.cc.gob.gt/Sentencias/809872.1209-2009.pdf", "status": 200, "bytes": 140103, "outcome": "ok", "attempts": 1, "event": "http", "level": "info", "timestamp": "2026-08-30T14:18:01.916324Z"}
{"url": "https://jurisprudencia.cc.gob.gt/Sentencias/824994.3230-2012.pdf", "from_cache": true, "outcome": "ok", "event": "http", "level": "info", "timestamp": "2026-08-30T14:18:01.975527Z"}
HTTP Request: GET https://jurisprudencia.cc.gob.gt/Sentencias/806477.221-2005.pdf "HTTP/1.1 200 OK"
{"url": "https://jurisprudencia.cc.gob.gt/Sentencias/806477.221-2005.pdf", "status": 200, "bytes": 167731, "outcome": "ok", "attempts": 1, "event": "http", "level": "info", "timestamp": "2026-08-30T14:18:04.051962Z"}
HTTP Request: GET https://jurisprudencia.cc.gob.gt/Sentencias/802799.979-2007.pdf "HTTP/1.1 200 OK"
{"url": "https://jurisprudencia.cc.gob.gt/Sentencias/802799.979-2007.pdf", "status": 200, "bytes": 154120, "outcome": "ok", "attempts": 1, "event": "http", "level": "info", "timestamp": "2026-08-30T14:18:06.244426Z"}
HTTP Request: GET https://jurisprudencia.cc.gob.gt/Sentencias/799583.1488-2004.pdf "HTTP/1.1 200 OK"
{"url": "https://jurisprudencia.cc.gob.gt/Sentencias/799583.1488-2004.pdf", "status": 200, "bytes": 94039, "outcome": "ok", "attempts": 1, "event": "http", "level": "info", "timestamp": "2026-08-30T14:18:08.211487Z"}
HTTP Request: GET https://jurisprudencia.cc.gob.gt/Sentencias/829148.2422-2014.pdf "HTTP/1.1 200 OK"
{"url": "https://jurisprudencia.cc.gob.gt/Sentencias/829148.2422-2014.pdf", "status": 200, "bytes": 81468, "outcome": "ok", "attempts": 1, "event": "http", "level": "info", "timestamp": "2026-08-30T14:18:09.977148Z"}
HTTP Request: GET https://jurisprudencia.cc.gob.gt/Sentencias/844458.3001-2019.pdf "HTTP/1.1 200 OK"
{"url": "https://jurisprudencia.cc.gob.gt/Sentencias/844458.3001-2019.pdf", "status": 200, "bytes": 308456, "outcome": "ok", "attempts": 1, "event": "http", "level": "info", "timestamp": "2026-08-30T14:18:11.896210Z"}
HTTP Request: GET https://jurisprudencia.cc.gob.gt/Sentencias/854580.5811-2023.pdf "HTTP/1.1 200 OK"
{"url": "https://jurisprudencia.cc.gob.gt/Sentencias/854580.5811-2023.pdf", "status": 200, "bytes": 3147018, "outcome": "ok", "attempts": 1, "event": "http", "level": "info", "timestamp": "2026-08-30T14:18:14.450926Z"}
HTTP Request: GET https://jurisprudencia.cc.gob.gt/Sentencias/838762.4853-2017.pdf "HTTP/1.1 200 OK"
{"url": "https://jurisprudencia.cc.gob.gt/Sentencias/838762.4853-2017.pdf", "status": 200, "bytes": 275947, "outcome": "ok", "attempts": 1, "event": "http", "level": "info", "timestamp": "2026-08-30T14:18:16.132928Z"}
HTTP Request: GET https://jurisprudencia.cc.gob.gt/Sentencias/822060.4153-2012.pdf "HTTP/1.1 200 OK"
{"url": "https://jurisprudencia.cc.gob.gt/Sentencias/822060.4153-2012.pdf", "status": 200, "bytes": 175032, "outcome": "ok", "attempts": 1, "event": "http", "level": "info", "timestamp": "2026-08-30T14:18:18.389762Z"}
HTTP Request: GET https://jurisprudencia.cc.gob.gt/Sentencias/839237.624-2018.pdf "HTTP/1.1 200 OK"
{"url": "https://jurisprudencia.cc.gob.gt/Sentencias/839237.624-2018.pdf", "status": 200, "bytes": 574623, "outcome": "ok", "attempts": 1, "event": "http", "level": "info", "timestamp": "2026-08-30T14:18:20.656523Z"}
HTTP Request: GET https://jurisprudencia.cc.gob.gt/Sentencias/801328.824-2005.pdf "HTTP/1.1 200 OK"
{"url": "https://jurisprudencia.cc.gob.gt/Sentencias/801328.824-2005.pdf", "status": 200, "bytes": 193744, "outcome": "ok", "attempts": 1, "event": "http", "level": "info", "timestamp": "2026-08-30T14:18:22.807405Z"}
HTTP Request: GET https://jurisprudencia.cc.gob.gt/Sentencias/840400.3373-2018.pdf "HTTP/1.1 200 OK"
{"url": "https://jurisprudencia.cc.gob.gt/Sentencias/840400.3373-2018.pdf", "status": 200, "bytes": 523481, "outcome": "ok", "attempts": 1, "event": "http", "level": "info", "timestamp": "2026-08-30T14:18:25.085473Z"}
HTTP Request: GET https://jurisprudencia.cc.gob.gt/Sentencias/799605.1629-2004.pdf "HTTP/1.1 200 OK"
{"url": "https://jurisprudencia.cc.gob.gt/Sentencias/799605.1629-2004.pdf", "status": 200, "bytes": 119122, "outcome": "ok", "attempts": 1, "event": "http", "level": "info", "timestamp": "2026-08-30T14:18:27.081945Z"}
HTTP Request: GET https://jurisprudencia.cc.gob.gt/Sentencias/821955.4962-2012.pdf "HTTP/1.1 200 OK"
{"url": "https://jurisprudencia.cc.gob.gt/Sentencias/821955.4962-2012.pdf", "status": 200, "bytes": 196404, "outcome": "ok", "attempts": 1, "event": "http", "level": "info", "timestamp": "2026-08-30T14:18:29.314372Z"}
HTTP Request: GET https://jurisprudencia.cc.gob.gt/Sentencias/832494.3959-2015%20%20%20La%20procedencia%20del%20amparo%20est%C3%A1%20determinada,%20entre%20otros,%20por%20el%20hecho%20de%20que%20los%20postulantes%20sufran%20alteraci%C3%B3n%20en%20sus%20derechos,%20esto%20es,.pdf "HTTP/1.1 200 OK"
{"url": "https://jurisprudencia.cc.gob.gt/Sentencias/832494.3959-2015%20%20%20La%20procedencia%20del%20amparo%20est%C3%A1%20determinada,%20entre%20otros,%20por%20el%20hecho%20de%20que%20los%20postulantes%20sufran%20alteraci%C3%B3n%20en%20sus%20derechos,%20esto%20es,.pdf", "status": 200, "bytes": 241907, "outcome": "ok", "attempts": 1, "event": "http", "level": "info", "timestamp": "2026-08-30T14:18:31.211701Z"}
HTTP Request: GET https://jurisprudencia.cc.gob.gt/Sentencias/836099.1535-2014.pdf "HTTP/1.1 200 OK"
{"url": "https://jurisprudencia.cc.gob.gt/Sentencias/836099.1535-2014.pdf", "status": 200, "bytes": 189879, "outcome": "ok", "attempts": 1, "event": "http", "level": "info", "timestamp": "2026-08-30T14:18:32.889823Z"}
HTTP Request: GET https://jurisprudencia.cc.gob.gt/Sentencias/825796.2179-2014.pdf "HTTP/1.1 200 OK"
{"url": "https://jurisprudencia.cc.gob.gt/Sentencias/825796.2179-2014.pdf", "status": 200, "bytes": 93945, "outcome": "ok", "attempts": 1, "event": "http", "level": "info", "timestamp": "2026-08-30T14:18:34.914894Z"}
HTTP Request: GET https://jurisprudencia.cc.gob.gt/Sentencias/816089.1187-2010.pdf "HTTP/1.1 200 OK"
{"url": "https://jurisprudencia.cc.gob.gt/Sentencias/816089.1187-2010.pdf", "status": 200, "bytes": 174148, "outcome": "ok", "attempts": 1, "event": "http", "level": "info", "timestamp": "2026-08-30T14:18:36.785147Z"}
HTTP Request: GET https://jurisprudencia.cc.gob.gt/Sentencias/838640.4767-2017.pdf "HTTP/1.1 200 OK"
{"url": "https://jurisprudencia.cc.gob.gt/Sentencias/838640.4767-2017.pdf", "status": 200, "bytes": 379386, "outcome": "ok", "attempts": 1, "event": "http", "level": "info", "timestamp": "2026-08-30T14:18:38.761254Z"}
HTTP Request: GET https://jurisprudencia.cc.gob.gt/Sentencias/816100.1972-2009.pdf "HTTP/1.1 200 OK"
{"url": "https://jurisprudencia.cc.gob.gt/Sentencias/816100.1972-2009.pdf", "status": 200, "bytes": 134422, "outcome": "ok", "attempts": 1, "event": "http", "level": "info", "timestamp": "2026-08-30T14:18:40.671239Z"}
HTTP Request: GET https://jurisprudencia.cc.gob.gt/Sentencias/845883.5372-2019.pdf "HTTP/1.1 200 OK"
{"url": "https://jurisprudencia.cc.gob.gt/Sentencias/845883.5372-2019.pdf", "status": 200, "bytes": 258207, "outcome": "ok", "attempts": 1, "event": "http", "level": "info", "timestamp": "2026-08-30T14:18:42.494034Z"}
HTTP Request: GET https://jurisprudencia.cc.gob.gt/Sentencias/847343.888-2021.pdf "HTTP/1.1 200 OK"
{"url": "https://jurisprudencia.cc.gob.gt/Sentencias/847343.888-2021.pdf", "status": 200, "bytes": 409088, "outcome": "ok", "attempts": 1, "event": "http", "level": "info", "timestamp": "2026-08-30T14:18:44.223152Z"}
HTTP Request: GET https://jurisprudencia.cc.gob.gt/Sentencias/846162.2226-2020.pdf "HTTP/1.1 200 OK"
{"url": "https://jurisprudencia.cc.gob.gt/Sentencias/846162.2226-2020.pdf", "status": 200, "bytes": 266525, "outcome": "ok", "attempts": 1, "event": "http", "level": "info", "timestamp": "2026-08-30T14:18:45.878475Z"}
HTTP Request: GET https://jurisprudencia.cc.gob.gt/Sentencias/848363.4369-2021.pdf "HTTP/1.1 200 OK"
{"url": "https://jurisprudencia.cc.gob.gt/Sentencias/848363.4369-2021.pdf", "status": 200, "bytes": 385812, "outcome": "ok", "attempts": 1, "event": "http", "level": "info", "timestamp": "2026-08-30T14:18:48.147900Z"}
{"url": "https://jurisprudencia.cc.gob.gt/Sentencias/811105.4079-2008.pdf", "from_cache": true, "outcome": "ok", "event": "http", "level": "info", "timestamp": "2026-08-30T14:18:48.244718Z"}
HTTP Request: GET https://jurisprudencia.cc.gob.gt/Sentencias/841121.2047-2018.pdf "HTTP/1.1 200 OK"
{"url": "https://jurisprudencia.cc.gob.gt/Sentencias/841121.2047-2018.pdf", "status": 200, "bytes": 565707, "outcome": "ok", "attempts": 1, "event": "http", "level": "info", "timestamp": "2026-08-30T14:18:49.879570Z"}
HTTP Request: GET https://jurisprudencia.cc.gob.gt/Sentencias/809574.791-2009%20y%20797-2009.pdf "HTTP/1.1 200 OK"
{"url": "https://jurisprudencia.cc.gob.gt/Sentencias/809574.791-2009%20y%20797-2009.pdf", "status": 200, "bytes": 161012, "outcome": "ok", "attempts": 1, "event": "http", "level": "info", "timestamp": "2026-08-30T14:18:52.183785Z"}
HTTP Request: GET https://jurisprudencia.cc.gob.gt/Sentencias/846418.1133-2020%20y%201642-2020.pdf "HTTP/1.1 200 OK"
{"url": "https://jurisprudencia.cc.gob.gt/Sentencias/846418.1133-2020%20y%201642-2020.pdf", "status": 200, "bytes": 247897, "outcome": "ok", "attempts": 1, "event": "http", "level": "info", "timestamp": "2026-08-30T14:18:54.555681Z"}
HTTP Request: GET https://jurisprudencia.cc.gob.gt/Sentencias/834953.5070-2016.pdf "HTTP/1.1 200 OK"
{"url": "https://jurisprudencia.cc.gob.gt/Sentencias/834953.5070-2016.pdf", "status": 200, "bytes": 482836, "outcome": "ok", "attempts": 1, "event": "http", "level": "info", "timestamp": "2026-08-30T14:18:56.624539Z"}
HTTP Request: GET https://jurisprudencia.cc.gob.gt/Sentencias/837041.5148-2016.pdf "HTTP/1.1 200 OK"
{"url": "https://jurisprudencia.cc.gob.gt/Sentencias/837041.5148-2016.pdf", "status": 200, "bytes": 332236, "outcome": "ok", "attempts": 1, "event": "http", "level": "info", "timestamp": "2026-08-30T14:18:58.569326Z"}
HTTP Request: GET https://jurisprudencia.cc.gob.gt/Sentencias/813749.2071-2007.pdf "HTTP/1.1 200 OK"
{"url": "https://jurisprudencia.cc.gob.gt/Sentencias/813749.2071-2007.pdf", "status": 200, "bytes": 134615, "outcome": "ok", "attempts": 1, "event": "http", "level": "info", "timestamp": "2026-08-30T14:19:00.529731Z"}
HTTP Request: GET https://jurisprudencia.cc.gob.gt/Sentencias/819352.2925-2011.pdf "HTTP/1.1 200 OK"
{"url": "https://jurisprudencia.cc.gob.gt/Sentencias/819352.2925-2011.pdf", "status": 200, "bytes": 192883, "outcome": "ok", "attempts": 1, "event": "http", "level": "info", "timestamp": "2026-08-30T14:19:02.448408Z"}
HTTP Request: GET https://jurisprudencia.cc.gob.gt/Sentencias/834627.3224-2014.pdf "HTTP/1.1 200 OK"
{"url": "https://jurisprudencia.cc.gob.gt/Sentencias/834627.3224-2014.pdf", "status": 200, "bytes": 140779, "outcome": "ok", "attempts": 1, "event": "http", "level": "info", "timestamp": "2026-08-30T14:19:04.352280Z"}
HTTP Request: GET https://jurisprudencia.cc.gob.gt/Sentencias/822027.3228-2012.pdf "HTTP/1.1 200 OK"
{"url": "https://jurisprudencia.cc.gob.gt/Sentencias/822027.3228-2012.pdf", "status": 200, "bytes": 184596, "outcome": "ok", "attempts": 1, "event": "http", "level": "info", "timestamp": "2026-08-30T14:19:06.289567Z"}
HTTP Request: GET https://jurisprudencia.cc.gob.gt/Sentencias/847598.1244-2020.pdf "HTTP/1.1 200 OK"
{"url": "https://jurisprudencia.cc.gob.gt/Sentencias/847598.1244-2020.pdf", "status": 200, "bytes": 466952, "outcome": "ok", "attempts": 1, "event": "http", "level": "info", "timestamp": "2026-08-30T14:19:08.592841Z"}
HTTP Request: GET https://jurisprudencia.cc.gob.gt/Sentencias/824904.3077-2013.pdf "HTTP/1.1 200 OK"
{"url": "https://jurisprudencia.cc.gob.gt/Sentencias/824904.3077-2013.pdf", "status": 200, "bytes": 193859, "outcome": "ok", "attempts": 1, "event": "http", "level": "info", "timestamp": "2026-08-30T14:19:10.782779Z"}
HTTP Request: GET https://jurisprudencia.cc.gob.gt/Sentencias/822727.3733-2012.pdf "HTTP/1.1 200 OK"
{"url": "https://jurisprudencia.cc.gob.gt/Sentencias/822727.3733-2012.pdf", "status": 200, "bytes": 190302, "outcome": "ok", "attempts": 1, "event": "http", "level": "info", "timestamp": "2026-08-30T14:19:12.486803Z"}
HTTP Request: GET https://jurisprudencia.cc.gob.gt/Sentencias/819007.1150-2011.pdf "HTTP/1.1 200 OK"
{"url": "https://jurisprudencia.cc.gob.gt/Sentencias/819007.1150-2011.pdf", "status": 200, "bytes": 186101, "outcome": "ok", "attempts": 1, "event": "http", "level": "info", "timestamp": "2026-08-30T14:19:14.402760Z"}
{"url": "https://jurisprudencia.cc.gob.gt/Sentencias/828570.5088-2014.pdf", "from_cache": true, "outcome": "ok", "event": "http", "level": "info", "timestamp": "2026-08-30T14:19:14.462396Z"}
HTTP Request: GET https://jurisprudencia.cc.gob.gt/Sentencias/812274.1744-2008.pdf "HTTP/1.1 200 OK"
{"url": "https://jurisprudencia.cc.gob.gt/Sentencias/812274.1744-2008.pdf", "status": 200, "bytes": 247361, "outcome": "ok", "attempts": 1, "event": "http", "level": "info", "timestamp": "2026-08-30T14:19:16.132251Z"}
HTTP Request: GET https://jurisprudencia.cc.gob.gt/Sentencias/846676.3667-2020.pdf "HTTP/1.1 200 OK"
{"url": "https://jurisprudencia.cc.gob.gt/Sentencias/846676.3667-2020.pdf", "status": 200, "bytes": 329148, "outcome": "ok", "attempts": 1, "event": "http", "level": "info", "timestamp": "2026-08-30T14:19:17.820903Z"}
HTTP Request: GET https://jurisprudencia.cc.gob.gt/Sentencias/829405.2570-2015.pdf "HTTP/1.1 200 OK"
{"url": "https://jurisprudencia.cc.gob.gt/Sentencias/829405.2570-2015.pdf", "status": 200, "bytes": 74815, "outcome": "ok", "attempts": 1, "event": "http", "level": "info", "timestamp": "2026-08-30T14:19:20.076128Z"}
HTTP Request: GET https://jurisprudencia.cc.gob.gt/Sentencias/809898.1802-2009.pdf "HTTP/1.1 200 OK"
{"url": "https://jurisprudencia.cc.gob.gt/Sentencias/809898.1802-2009.pdf", "status": 200, "bytes": 193901, "outcome": "ok", "attempts": 1, "event": "http", "level": "info", "timestamp": "2026-08-30T14:19:22.095255Z"}
HTTP Request: GET https://jurisprudencia.cc.gob.gt/Sentencias/833057.5055-2016.pdf "HTTP/1.1 200 OK"
{"url": "https://jurisprudencia.cc.gob.gt/Sentencias/833057.5055-2016.pdf", "status": 200, "bytes": 470512, "outcome": "ok", "attempts": 1, "event": "http", "level": "info", "timestamp": "2026-08-30T14:19:23.835802Z"}
HTTP Request: GET https://jurisprudencia.cc.gob.gt/Sentencias/841120.1919-2018.pdf "HTTP/1.1 200 OK"
{"url": "https://jurisprudencia.cc.gob.gt/Sentencias/841120.1919-2018.pdf", "status": 200, "bytes": 615212, "outcome": "ok", "attempts": 1, "event": "http", "level": "info", "timestamp": "2026-08-30T14:19:25.935685Z"}
HTTP Request: GET https://jurisprudencia.cc.gob.gt/Sentencias/819128.4532-2010.pdf "HTTP/1.1 200 OK"
{"url": "https://jurisprudencia.cc.gob.gt/Sentencias/819128.4532-2010.pdf", "status": 200, "bytes": 180833, "outcome": "ok", "attempts": 1, "event": "http", "level": "info", "timestamp": "2026-08-30T14:19:27.742330Z"}
HTTP Request: GET https://jurisprudencia.cc.gob.gt/Sentencias/829680.2371-2015.pdf "HTTP/1.1 200 OK"
{"url": "https://jurisprudencia.cc.gob.gt/Sentencias/829680.2371-2015.pdf", "status": 200, "bytes": 95081, "outcome": "ok", "attempts": 1, "event": "http", "level": "info", "timestamp": "2026-08-30T14:19:29.856918Z"}
HTTP Request: GET https://jurisprudencia.cc.gob.gt/Sentencias/846302.4998-2019.pdf "HTTP/1.1 200 OK"
{"url": "https://jurisprudencia.cc.gob.gt/Sentencias/846302.4998-2019.pdf", "status": 200, "bytes": 320426, "outcome": "ok", "attempts": 1, "event": "http", "level": "info", "timestamp": "2026-08-30T14:19:32.274174Z"}
HTTP Request: GET https://jurisprudencia.cc.gob.gt/Sentencias/846877.3392-2020.pdf "HTTP/1.1 200 OK"
{"url": "https://jurisprudencia.cc.gob.gt/Sentencias/846877.3392-2020.pdf", "status": 200, "bytes": 402613, "outcome": "ok", "attempts": 1, "event": "http", "level": "info", "timestamp": "2026-08-30T14:19:33.870505Z"}

procesados        : 1,992
clasificados regla: 1,836
pendientes modelo : 156
descargas fallidas: 8
--- intento 0 codigo 0 Sun Aug 30 10:19:34 EDT 2026 ---
=== fin Sun Aug 30 10:19:34 EDT 2026 ===
